PRINCIPALELE_CULTURI,FORME_DE_PROPRIETATE,REF_AREA,TIME_PERIOD,UNIT_MEASURE,OBS_VALUE
Orz si orzoaica,Sector privat,Bihor,1990,Kilograme,1992.0
Orz si orzoaica,Sector privat,Covasna,1990,Kilograme,2455.0
Orz si orzoaica,Sector privat,Calarasi,1990,Kilograme,4800.0
Orz si orzoaica,din care: Exploatatii agricole individuale,Harghita,1990,Kilograme,1812.0
Orz si orzoaica,Sector privat,Harghita,1990,Kilograme,1812.0
Orz si orzoaica,din care: Exploatatii agricole individuale,Bistrita-Nasaud,1990,Kilograme,2729.0
Orz si orzoaica,Sector privat,Bistrita-Nasaud,1990,Kilograme,2729.0
Orz si orzoaica,din care: Exploatatii agricole individuale,Arges,1990,Kilograme,4291.0
Orz si orzoaica,Sector privat,Mehedinti,1990,Kilograme,1742.0
Orz si orzoaica,din care: Exploatatii agricole individuale,Galati,1990,Kilograme,870.0
Orz si orzoaica,din care: Exploatatii agricole individuale,Olt,1990,Kilograme,4302.0
Orz si orzoaica,Sector privat,Dambovita,1990,Kilograme,3681.0
Orz si orzoaica,din care: Exploatatii agricole individuale,Dolj,1990,Kilograme,2121.0
Orz si orzoaica,din care: Exploatatii agricole individuale,Mures,1990,Kilograme,3857.0
Orz si orzoaica,Sector privat,Mures,1990,Kilograme,3857.0
Orz si orzoaica,Sector privat,Cluj,1990,Kilograme,2552.0
Orz si orzoaica,din care: Exploatatii agricole individuale,Cluj,1990,Kilograme,2552.0
Orz si orzoaica,Sector privat,Olt,1990,Kilograme,4302.0
Orz si orzoaica,Sector privat,Giurgiu,1990,Kilograme,4981.0
Orz si orzoaica,Sector privat,Mun. Bucuresti -incl. SAI,1990,Kilograme,3882.0
Orz si orzoaica,din care: Exploatatii agricole individuale,Valcea,1990,Kilograme,4931.0
Orz si orzoaica,Sector privat,Buzau,1990,Kilograme,2167.0
Orz si orzoaica,din care: Exploatatii agricole individuale,Sibiu,1990,Kilograme,2439.0
Orz si orzoaica,Sector privat,Sibiu,1990,Kilograme,2439.0
Orz si orzoaica,din care: Exploatatii agricole individuale,Maramures,1990,Kilograme,2408.0
Orz si orzoaica,Sector privat,Maramures,1990,Kilograme,2408.0
Orz si orzoaica,din care: Exploatatii agricole individuale,Arad,1990,Kilograme,2696.0
Orz si orzoaica,Sector privat,Valcea,1990,Kilograme,4931.0
Orz si orzoaica,din care: Exploatatii agricole individuale,Buzau,1990,Kilograme,2167.0
Orz si orzoaica,Sector privat,Ialomita,1990,Kilograme,2864.0
Orz si orzoaica,Sector privat,Constanta,1990,Kilograme,3875.0
Orz si orzoaica,din care: Exploatatii agricole individuale,Bacau,1990,Kilograme,4422.0
Orz si orzoaica,Sector privat,Bacau,1990,Kilograme,4422.0
Orz si orzoaica,din care: Exploatatii agricole individuale,Satu Mare,1990,Kilograme,3775.0
Orz si orzoaica,Sector privat,Satu Mare,1990,Kilograme,3775.0
Orz si orzoaica,din care: Exploatatii agricole individuale,Dambovita,1990,Kilograme,3681.0
Orz si orzoaica,din care: Exploatatii agricole individuale,Caras-Severin,1990,Kilograme,1754.0
Orz si orzoaica,din care: Exploatatii agricole individuale,Teleorman,1990,Kilograme,4222.0
Orz si orzoaica,Sector privat,Arad,1990,Kilograme,2696.0
Orz si orzoaica,Sector privat,Prahova,1990,Kilograme,3216.0
Orz si orzoaica,din care: Exploatatii agricole individuale,Botosani,1990,Kilograme,3152.0
Orz si orzoaica,Sector privat,Galati,1990,Kilograme,870.0
Orz si orzoaica,Sector privat,Botosani,1990,Kilograme,3152.0
Orz si orzoaica,din care: Exploatatii agricole individuale,Salaj,1990,Kilograme,2213.0
Orz si orzoaica,din care: Exploatatii agricole individuale,Gorj,1990,Kilograme,2873.0
Orz si orzoaica,Sector privat,Salaj,1990,Kilograme,2213.0
Orz si orzoaica,din care: Exploatatii agricole individuale,Hunedoara,1990,Kilograme,1890.0
Orz si orzoaica,Sector privat,Caras-Severin,1990,Kilograme,1754.0
Orz si orzoaica,din care: Exploatatii agricole individuale,Calarasi,1990,Kilograme,4800.0
Orz si orzoaica,din care: Exploatatii agricole individuale,Iasi,1990,Kilograme,5362.0
Orz si orzoaica,Sector privat,Teleorman,1990,Kilograme,4222.0
Orz si orzoaica,din care: Exploatatii agricole individuale,Alba,1990,Kilograme,2593.0
Orz si orzoaica,din care: Exploatatii agricole individuale,Prahova,1990,Kilograme,3216.0
Orz si orzoaica,Sector privat,Iasi,1990,Kilograme,5362.0
Orz si orzoaica,din care: Exploatatii agricole individuale,Timis,1990,Kilograme,2096.0
Orz si orzoaica,Sector privat,Hunedoara,1990,Kilograme,1890.0
Orz si orzoaica,Sector privat,Alba,1990,Kilograme,2593.0
Orz si orzoaica,din care: Exploatatii agricole individuale,Giurgiu,1990,Kilograme,4981.0
Orz si orzoaica,din care: Exploatatii agricole individuale,Mehedinti,1990,Kilograme,1742.0
Orz si orzoaica,din care: Exploatatii agricole individuale,Neamt,1990,Kilograme,3898.0
Orz si orzoaica,din care: Exploatatii agricole individuale,Brasov,1990,Kilograme,2295.0
Orz si orzoaica,Sector privat,Timis,1990,Kilograme,2096.0
Orz si orzoaica,Sector privat,Vrancea,1990,Kilograme,2576.0
Orz si orzoaica,Sector privat,Dolj,1990,Kilograme,2121.0
Orz si orzoaica,Sector privat,Neamt,1990,Kilograme,3898.0
Orz si orzoaica,Sector privat,Brasov,1990,Kilograme,2295.0
Orz si orzoaica,din care: Exploatatii agricole individuale,Ialomita,1990,Kilograme,2864.0
Orz si orzoaica,din care: Exploatatii agricole individuale,Vrancea,1990,Kilograme,2576.0
Orz si orzoaica,din care: Exploatatii agricole individuale,Suceava,1990,Kilograme,1649.0
Orz si orzoaica,din care: Exploatatii agricole individuale,Constanta,1990,Kilograme,3875.0
Orz si orzoaica,Sector privat,Arges,1990,Kilograme,4291.0
Orz si orzoaica,din care: Exploatatii agricole individuale,Mun. Bucuresti -incl. SAI,1990,Kilograme,3882.0
Orz si orzoaica,din care: Exploatatii agricole individuale,Covasna,1990,Kilograme,2455.0
Orz si orzoaica,Sector privat,Suceava,1990,Kilograme,1649.0
Orz si orzoaica,din care: Exploatatii agricole individuale,Bihor,1990,Kilograme,1992.0
Orz si orzoaica,Sector privat,Gorj,1990,Kilograme,2873.0
Orz si orzoaica,Sector privat,Arges,1991,Kilograme,1971.0
Orz si orzoaica,Sector privat,Teleorman,1991,Kilograme,3491.0
Orz si orzoaica,din care: Exploatatii agricole individuale,Suceava,1991,Kilograme,1459.0
Orz si orzoaica,Sector privat,Suceava,1991,Kilograme,1459.0
Orz si orzoaica,din care: Exploatatii agricole individuale,Covasna,1991,Kilograme,1565.0
Orz si orzoaica,Sector privat,Olt,1991,Kilograme,3509.0
Orz si orzoaica,din care: Exploatatii agricole individuale,Bihor,1991,Kilograme,2342.0
Orz si orzoaica,din care: Exploatatii agricole individuale,Timis,1991,Kilograme,1775.0
Orz si orzoaica,Sector privat,Bihor,1991,Kilograme,2620.0
Orz si orzoaica,Sector privat,Calarasi,1991,Kilograme,3400.0
Orz si orzoaica,din care: Exploatatii agricole individuale,Vaslui,1991,Kilograme,1632.0
Orz si orzoaica,Sector privat,Vaslui,1991,Kilograme,1628.0
Orz si orzoaica,din care: Exploatatii agricole individuale,Mun. Bucuresti -incl. SAI,1991,Kilograme,2444.0
Orz si orzoaica,Sector privat,Harghita,1991,Kilograme,1519.0
Orz si orzoaica,din care: Exploatatii agricole individuale,Harghita,1991,Kilograme,1443.0
Orz si orzoaica,din care: Exploatatii agricole individuale,Arges,1991,Kilograme,2482.0
Orz si orzoaica,Sector privat,Bistrita-Nasaud,1991,Kilograme,1755.0
Orz si orzoaica,din care: Exploatatii agricole individuale,Bistrita-Nasaud,1991,Kilograme,1755.0
Orz si orzoaica,Sector privat,Mehedinti,1991,Kilograme,2235.0
Orz si orzoaica,Sector privat,Dambovita,1991,Kilograme,1825.0
Orz si orzoaica,din care: Exploatatii agricole individuale,Constanta,1991,Kilograme,3200.0
Orz si orzoaica,din care: Exploatatii agricole individuale,Olt,1991,Kilograme,3502.0
Orz si orzoaica,din care: Exploatatii agricole individuale,Mures,1991,Kilograme,2324.0
Orz si orzoaica,Sector privat,Mures,1991,Kilograme,2319.0
Orz si orzoaica,Sector privat,Cluj,1991,Kilograme,1560.0
Orz si orzoaica,din care: Exploatatii agricole individuale,Cluj,1991,Kilograme,1544.0
Orz si orzoaica,Sector privat,Gorj,1991,Kilograme,1917.0
Orz si orzoaica,din care: Exploatatii agricole individuale,Dolj,1991,Kilograme,3307.0
Orz si orzoaica,din care: Exploatatii agricole individuale,Mehedinti,1991,Kilograme,2235.0
Orz si orzoaica,din care: Exploatatii agricole individuale,Valcea,1991,Kilograme,3094.0
Orz si orzoaica,Sector privat,Giurgiu,1991,Kilograme,1888.0
Orz si orzoaica,Sector privat,Buzau,1991,Kilograme,2895.0
Orz si orzoaica,din care: Exploatatii agricole individuale,Sibiu,1991,Kilograme,1120.0
Orz si orzoaica,Sector privat,Sibiu,1991,Kilograme,1120.0
Orz si orzoaica,din care: Exploatatii agricole individuale,Maramures,1991,Kilograme,1583.0
Orz si orzoaica,Sector privat,Maramures,1991,Kilograme,1583.0
Orz si orzoaica,din care: Exploatatii agricole individuale,Tulcea,1991,Kilograme,2385.0
Orz si orzoaica,din care: Exploatatii agricole individuale,Arad,1991,Kilograme,1853.0
Orz si orzoaica,Sector privat,Valcea,1991,Kilograme,3094.0
Orz si orzoaica,Sector privat,Ialomita,1991,Kilograme,3244.0
Orz si orzoaica,din care: Exploatatii agricole individuale,Buzau,1991,Kilograme,2347.0
Orz si orzoaica,Sector privat,Constanta,1991,Kilograme,2825.0
Orz si orzoaica,din care: Exploatatii agricole individuale,Bacau,1991,Kilograme,1988.0
Orz si orzoaica,Sector privat,Bacau,1991,Kilograme,1994.0
Orz si orzoaica,din care: Exploatatii agricole individuale,Satu Mare,1991,Kilograme,2790.0
Orz si orzoaica,Sector privat,Satu Mare,1991,Kilograme,2750.0
Orz si orzoaica,din care: Exploatatii agricole individuale,Teleorman,1991,Kilograme,3424.0
Orz si orzoaica,din care: Exploatatii agricole individuale,Dambovita,1991,Kilograme,1929.0
Orz si orzoaica,din care: Exploatatii agricole individuale,Caras-Severin,1991,Kilograme,1738.0
Orz si orzoaica,Sector privat,Arad,1991,Kilograme,2408.0
Orz si orzoaica,Sector privat,Prahova,1991,Kilograme,2998.0
Orz si orzoaica,Sector privat,Galati,1991,Kilograme,2284.0
Orz si orzoaica,din care: Exploatatii agricole individuale,Botosani,1991,Kilograme,2761.0
Orz si orzoaica,Sector privat,Botosani,1991,Kilograme,2283.0
Orz si orzoaica,Sector privat,Salaj,1991,Kilograme,1605.0
Orz si orzoaica,din care: Exploatatii agricole individuale,Gorj,1991,Kilograme,1921.0
Orz si orzoaica,din care: Exploatatii agricole individuale,Salaj,1991,Kilograme,1604.0
Orz si orzoaica,din care: Exploatatii agricole individuale,Hunedoara,1991,Kilograme,1667.0
Orz si orzoaica,Sector privat,Caras-Severin,1991,Kilograme,1741.0
Orz si orzoaica,din care: Exploatatii agricole individuale,Iasi,1991,Kilograme,2426.0
Orz si orzoaica,din care: Exploatatii agricole individuale,Ialomita,1991,Kilograme,2919.0
Orz si orzoaica,Sector privat,Tulcea,1991,Kilograme,2762.0
Orz si orzoaica,din care: Exploatatii agricole individuale,Alba,1991,Kilograme,1810.0
Orz si orzoaica,din care: Exploatatii agricole individuale,Prahova,1991,Kilograme,3078.0
Orz si orzoaica,din care: Exploatatii agricole individuale,Giurgiu,1991,Kilograme,1732.0
Orz si orzoaica,Sector privat,Hunedoara,1991,Kilograme,1695.0
Orz si orzoaica,Sector privat,Covasna,1991,Kilograme,1540.0
Orz si orzoaica,Sector privat,Iasi,1991,Kilograme,2698.0
Orz si orzoaica,Sector privat,Alba,1991,Kilograme,1812.0
Orz si orzoaica,Sector privat,Mun. Bucuresti -incl. SAI,1991,Kilograme,2002.0
Orz si orzoaica,din care: Exploatatii agricole individuale,Neamt,1991,Kilograme,1884.0
Orz si orzoaica,din care: Exploatatii agricole individuale,Brasov,1991,Kilograme,1616.0
Orz si orzoaica,Sector privat,Timis,1991,Kilograme,2550.0
Orz si orzoaica,Sector privat,Vrancea,1991,Kilograme,2350.0
Orz si orzoaica,Sector privat,Dolj,1991,Kilograme,3315.0
Orz si orzoaica,Sector privat,Neamt,1991,Kilograme,2295.0
Orz si orzoaica,Sector privat,Brasov,1991,Kilograme,1666.0
Orz si orzoaica,din care: Exploatatii agricole individuale,Vrancea,1991,Kilograme,2372.0
Orz si orzoaica,Sector privat,Braila,1991,Kilograme,3123.0
Orz si orzoaica,Sector privat,Dolj,1992,Kilograme,2807.0
Orz si orzoaica,din care: Exploatatii agricole individuale,Calarasi,1992,Kilograme,3066.0
Orz si orzoaica,Sector privat,Brasov,1992,Kilograme,2430.0
Orz si orzoaica,din care: Exploatatii agricole individuale,Vrancea,1992,Kilograme,1470.0
Orz si orzoaica,Sector privat,Arges,1992,Kilograme,2220.0
Orz si orzoaica,din care: Exploatatii agricole individuale,Dambovita,1992,Kilograme,2590.0
Orz si orzoaica,din care: Exploatatii agricole individuale,Suceava,1992,Kilograme,1612.0
Orz si orzoaica,Sector privat,Suceava,1992,Kilograme,1643.0
Orz si orzoaica,din care: Exploatatii agricole individuale,Dolj,1992,Kilograme,2682.0
Orz si orzoaica,Sector privat,Covasna,1992,Kilograme,1701.0
Orz si orzoaica,din care: Exploatatii agricole individuale,Alba,1992,Kilograme,1894.0
Orz si orzoaica,din care: Exploatatii agricole individuale,Ialomita,1992,Kilograme,2551.0
Orz si orzoaica,Sector privat,Gorj,1992,Kilograme,1811.0
Orz si orzoaica,Sector privat,Bihor,1992,Kilograme,1829.0
Orz si orzoaica,Sector privat,Calarasi,1992,Kilograme,3103.0
Orz si orzoaica,din care: Exploatatii agricole individuale,Mun. Bucuresti -incl. SAI,1992,Kilograme,2608.0
Orz si orzoaica,din care: Exploatatii agricole individuale,Vaslui,1992,Kilograme,1371.0
Orz si orzoaica,Sector privat,Vaslui,1992,Kilograme,1297.0
Orz si orzoaica,din care: Exploatatii agricole individuale,Harghita,1992,Kilograme,1344.0
Orz si orzoaica,Sector privat,Harghita,1992,Kilograme,1456.0
Orz si orzoaica,din care: Exploatatii agricole individuale,Galati,1992,Kilograme,1505.0
Orz si orzoaica,Sector privat,Neamt,1992,Kilograme,2280.0
Orz si orzoaica,Sector privat,Mehedinti,1992,Kilograme,1385.0
Orz si orzoaica,Sector privat,Bistrita-Nasaud,1992,Kilograme,1860.0
Orz si orzoaica,Sector privat,Dambovita,1992,Kilograme,2548.0
Orz si orzoaica,Sector privat,Braila,1992,Kilograme,2370.0
Orz si orzoaica,din care: Exploatatii agricole individuale,Olt,1992,Kilograme,3341.0
Orz si orzoaica,Sector privat,Mures,1992,Kilograme,2471.0
Orz si orzoaica,din care: Exploatatii agricole individuale,Mures,1992,Kilograme,2177.0
Orz si orzoaica,Sector privat,Cluj,1992,Kilograme,2088.0
Orz si orzoaica,din care: Exploatatii agricole individuale,Bihor,1992,Kilograme,1599.0
Orz si orzoaica,din care: Exploatatii agricole individuale,Cluj,1992,Kilograme,2017.0
Orz si orzoaica,Sector privat,Olt,1992,Kilograme,3270.0
Orz si orzoaica,din care: Exploatatii agricole individuale,Arges,1992,Kilograme,1932.0
Orz si orzoaica,din care: Exploatatii agricole individuale,Mehedinti,1992,Kilograme,1505.0
Orz si orzoaica,Sector privat,Giurgiu,1992,Kilograme,2222.0
Orz si orzoaica,din care: Exploatatii agricole individuale,Valcea,1992,Kilograme,3427.0
Orz si orzoaica,Sector privat,Buzau,1992,Kilograme,2392.0
Orz si orzoaica,Sector privat,Sibiu,1992,Kilograme,1803.0
Orz si orzoaica,din care: Exploatatii agricole individuale,Sibiu,1992,Kilograme,1698.0
Orz si orzoaica,din care: Exploatatii agricole individuale,Tulcea,1992,Kilograme,1369.0
Orz si orzoaica,Sector privat,Maramures,1992,Kilograme,1684.0
Orz si orzoaica,din care: Exploatatii agricole individuale,Maramures,1992,Kilograme,1684.0
Orz si orzoaica,Sector privat,Valcea,1992,Kilograme,3424.0
Orz si orzoaica,din care: Exploatatii agricole individuale,Arad,1992,Kilograme,1145.0
Orz si orzoaica,din care: Exploatatii agricole individuale,Buzau,1992,Kilograme,2286.0
Orz si orzoaica,Sector privat,Ialomita,1992,Kilograme,2804.0
Orz si orzoaica,Sector privat,Constanta,1992,Kilograme,2126.0
Orz si orzoaica,din care: Exploatatii agricole individuale,Bacau,1992,Kilograme,2051.0
Orz si orzoaica,Sector privat,Bacau,1992,Kilograme,2075.0
Orz si orzoaica,din care: Exploatatii agricole individuale,Satu Mare,1992,Kilograme,2345.0
Orz si orzoaica,Sector privat,Satu Mare,1992,Kilograme,2623.0
Orz si orzoaica,din care: Exploatatii agricole individuale,Braila,1992,Kilograme,2364.0
Orz si orzoaica,din care: Exploatatii agricole individuale,Teleorman,1992,Kilograme,2313.0
Orz si orzoaica,din care: Exploatatii agricole individuale,Caras-Severin,1992,Kilograme,1151.0
Orz si orzoaica,Sector privat,Arad,1992,Kilograme,1415.0
Orz si orzoaica,Sector privat,Prahova,1992,Kilograme,2965.0
Orz si orzoaica,din care: Exploatatii agricole individuale,Constanta,1992,Kilograme,2003.0
Orz si orzoaica,Sector privat,Galati,1992,Kilograme,1404.0
Orz si orzoaica,din care: Exploatatii agricole individuale,Botosani,1992,Kilograme,1893.0
Orz si orzoaica,Sector privat,Botosani,1992,Kilograme,1956.0
Orz si orzoaica,din care: Exploatatii agricole individuale,Gorj,1992,Kilograme,1639.0
Orz si orzoaica,Sector privat,Vrancea,1992,Kilograme,1640.0
Orz si orzoaica,din care: Exploatatii agricole individuale,Salaj,1992,Kilograme,1621.0
Orz si orzoaica,din care: Exploatatii agricole individuale,Hunedoara,1992,Kilograme,1811.0
Orz si orzoaica,Sector privat,Salaj,1992,Kilograme,1777.0
Orz si orzoaica,Sector privat,Caras-Severin,1992,Kilograme,1131.0
Orz si orzoaica,din care: Exploatatii agricole individuale,Iasi,1992,Kilograme,1768.0
Orz si orzoaica,Sector privat,Teleorman,1992,Kilograme,2567.0
Orz si orzoaica,din care: Exploatatii agricole individuale,Prahova,1992,Kilograme,2022.0
Orz si orzoaica,Sector privat,Tulcea,1992,Kilograme,1498.0
Orz si orzoaica,din care: Exploatatii agricole individuale,Covasna,1992,Kilograme,1687.0
Orz si orzoaica,Sector privat,Hunedoara,1992,Kilograme,1939.0
Orz si orzoaica,Sector privat,Iasi,1992,Kilograme,2252.0
Orz si orzoaica,din care: Exploatatii agricole individuale,Timis,1992,Kilograme,1523.0
Orz si orzoaica,Sector privat,Alba,1992,Kilograme,2315.0
Orz si orzoaica,din care: Exploatatii agricole individuale,Giurgiu,1992,Kilograme,1780.0
Orz si orzoaica,Sector privat,Mun. Bucuresti -incl. SAI,1992,Kilograme,2804.0
Orz si orzoaica,din care: Exploatatii agricole individuale,Neamt,1992,Kilograme,2022.0
Orz si orzoaica,din care: Exploatatii agricole individuale,Brasov,1992,Kilograme,2310.0
Orz si orzoaica,Sector privat,Timis,1992,Kilograme,1695.0
Orz si orzoaica,din care: Exploatatii agricole individuale,Bistrita-Nasaud,1992,Kilograme,1859.0
Orz si orzoaica,Sector privat,Timis,1993,Kilograme,2463.0
Orz si orzoaica,Sector privat,Botosani,1993,Kilograme,1989.0
Orz si orzoaica,Sector privat,Neamt,1993,Kilograme,2873.0
Orz si orzoaica,Sector privat,Brasov,1993,Kilograme,2435.0
Orz si orzoaica,Sector privat,Arges,1993,Kilograme,1792.0
Orz si orzoaica,din care: Exploatatii agricole individuale,Dambovita,1993,Kilograme,1467.0
Orz si orzoaica,Sector privat,Suceava,1993,Kilograme,1825.0
Orz si orzoaica,din care: Exploatatii agricole individuale,Mures,1993,Kilograme,2058.0
Orz si orzoaica,Sector privat,Covasna,1993,Kilograme,2047.0
Orz si orzoaica,Sector privat,Tulcea,1993,Kilograme,2191.0
Orz si orzoaica,din care: Exploatatii agricole individuale,Bihor,1993,Kilograme,1671.0
Orz si orzoaica,Sector privat,Gorj,1993,Kilograme,2777.0
Orz si orzoaica,Sector privat,Bihor,1993,Kilograme,1932.0
Orz si orzoaica,din care: Exploatatii agricole individuale,Ialomita,1993,Kilograme,1820.0
Orz si orzoaica,Sector privat,Calarasi,1993,Kilograme,2389.0
Orz si orzoaica,din care: Exploatatii agricole individuale,Vaslui,1993,Kilograme,1746.0
Orz si orzoaica,din care: Exploatatii agricole individuale,Mun. Bucuresti -incl. SAI,1993,Kilograme,1613.0
Orz si orzoaica,Sector privat,Vaslui,1993,Kilograme,1797.0
Orz si orzoaica,Sector privat,Harghita,1993,Kilograme,1545.0
Orz si orzoaica,din care: Exploatatii agricole individuale,Harghita,1993,Kilograme,1496.0
Orz si orzoaica,din care: Exploatatii agricole individuale,Bistrita-Nasaud,1993,Kilograme,1593.0
Orz si orzoaica,Sector privat,Dolj,1993,Kilograme,1404.0
Orz si orzoaica,Sector privat,Bistrita-Nasaud,1993,Kilograme,1654.0
Orz si orzoaica,Sector privat,Mehedinti,1993,Kilograme,1837.0
Orz si orzoaica,din care: Exploatatii agricole individuale,Olt,1993,Kilograme,1600.0
Orz si orzoaica,Sector privat,Dambovita,1993,Kilograme,1595.0
Orz si orzoaica,Sector privat,Braila,1993,Kilograme,2147.0
Orz si orzoaica,Sector privat,Mures,1993,Kilograme,2198.0
Orz si orzoaica,Sector privat,Cluj,1993,Kilograme,1682.0
Orz si orzoaica,din care: Exploatatii agricole individuale,Covasna,1993,Kilograme,2035.0
Orz si orzoaica,din care: Exploatatii agricole individuale,Cluj,1993,Kilograme,1649.0
Orz si orzoaica,Sector privat,Olt,1993,Kilograme,1888.0
Orz si orzoaica,din care: Exploatatii agricole individuale,Dolj,1993,Kilograme,1424.0
Orz si orzoaica,din care: Exploatatii agricole individuale,Valcea,1993,Kilograme,6228.0
Orz si orzoaica,Sector privat,Giurgiu,1993,Kilograme,2715.0
Orz si orzoaica,Sector privat,Buzau,1993,Kilograme,1653.0
Orz si orzoaica,din care: Exploatatii agricole individuale,Mehedinti,1993,Kilograme,1999.0
Orz si orzoaica,Sector privat,Sibiu,1993,Kilograme,1636.0
Orz si orzoaica,Sector privat,Maramures,1993,Kilograme,1733.0
Orz si orzoaica,din care: Exploatatii agricole individuale,Sibiu,1993,Kilograme,1673.0
Orz si orzoaica,din care: Exploatatii agricole individuale,Tulcea,1993,Kilograme,2265.0
Orz si orzoaica,din care: Exploatatii agricole individuale,Maramures,1993,Kilograme,1733.0
Orz si orzoaica,din care: Exploatatii agricole individuale,Arges,1993,Kilograme,3857.0
Orz si orzoaica,din care: Exploatatii agricole individuale,Arad,1993,Kilograme,2341.0
Orz si orzoaica,Sector privat,Valcea,1993,Kilograme,5654.0
Orz si orzoaica,din care: Exploatatii agricole individuale,Buzau,1993,Kilograme,1649.0
Orz si orzoaica,Sector privat,Ialomita,1993,Kilograme,1715.0
Orz si orzoaica,Sector privat,Constanta,1993,Kilograme,2260.0
Orz si orzoaica,Sector privat,Bacau,1993,Kilograme,2316.0
Orz si orzoaica,din care: Exploatatii agricole individuale,Bacau,1993,Kilograme,2243.0
Orz si orzoaica,din care: Exploatatii agricole individuale,Braila,1993,Kilograme,2230.0
Orz si orzoaica,din care: Exploatatii agricole individuale,Caras-Severin,1993,Kilograme,1989.0
Orz si orzoaica,Sector privat,Satu Mare,1993,Kilograme,2450.0
Orz si orzoaica,din care: Exploatatii agricole individuale,Satu Mare,1993,Kilograme,2351.0
Orz si orzoaica,din care: Exploatatii agricole individuale,Teleorman,1993,Kilograme,2007.0
Orz si orzoaica,Sector privat,Arad,1993,Kilograme,2338.0
Orz si orzoaica,Sector privat,Prahova,1993,Kilograme,2262.0
Orz si orzoaica,Sector privat,Galati,1993,Kilograme,2098.0
Orz si orzoaica,din care: Exploatatii agricole individuale,Vrancea,1993,Kilograme,2257.0
Orz si orzoaica,din care: Exploatatii agricole individuale,Botosani,1993,Kilograme,1975.0
Orz si orzoaica,din care: Exploatatii agricole individuale,Gorj,1993,Kilograme,3008.0
Orz si orzoaica,din care: Exploatatii agricole individuale,Hunedoara,1993,Kilograme,1933.0
Orz si orzoaica,Sector privat,Vrancea,1993,Kilograme,2610.0
Orz si orzoaica,din care: Exploatatii agricole individuale,Salaj,1993,Kilograme,1522.0
Orz si orzoaica,Sector privat,Caras-Severin,1993,Kilograme,1870.0
Orz si orzoaica,Sector privat,Salaj,1993,Kilograme,1581.0
Orz si orzoaica,din care: Exploatatii agricole individuale,Calarasi,1993,Kilograme,2403.0
Orz si orzoaica,din care: Exploatatii agricole individuale,Constanta,1993,Kilograme,2047.0
Orz si orzoaica,Sector privat,Teleorman,1993,Kilograme,2164.0
Orz si orzoaica,din care: Exploatatii agricole individuale,Iasi,1993,Kilograme,2458.0
Orz si orzoaica,din care: Exploatatii agricole individuale,Suceava,1993,Kilograme,1772.0
Orz si orzoaica,din care: Exploatatii agricole individuale,Prahova,1993,Kilograme,2140.0
Orz si orzoaica,din care: Exploatatii agricole individuale,Alba,1993,Kilograme,1938.0
Orz si orzoaica,Sector privat,Hunedoara,1993,Kilograme,1893.0
Orz si orzoaica,din care: Exploatatii agricole individuale,Timis,1993,Kilograme,2343.0
Orz si orzoaica,Sector privat,Mun. Bucuresti -incl. SAI,1993,Kilograme,1528.0
Orz si orzoaica,din care: Exploatatii agricole individuale,Giurgiu,1993,Kilograme,3001.0
Orz si orzoaica,Sector privat,Iasi,1993,Kilograme,2723.0
Orz si orzoaica,Sector privat,Alba,1993,Kilograme,1909.0
Orz si orzoaica,din care: Exploatatii agricole individuale,Neamt,1993,Kilograme,2657.0
Orz si orzoaica,din care: Exploatatii agricole individuale,Brasov,1993,Kilograme,2457.0
Orz si orzoaica,din care: Exploatatii agricole individuale,Galati,1993,Kilograme,2244.0
Orz si orzoaica,din care: Exploatatii agricole individuale,Brasov,1994,Kilograme,2439.0
Orz si orzoaica,din care: Exploatatii agricole individuale,Salaj,1994,Kilograme,2328.0
Orz si orzoaica,Sector privat,Neamt,1994,Kilograme,2926.0
Orz si orzoaica,Sector privat,Brasov,1994,Kilograme,2429.0
Orz si orzoaica,Sector privat,Dolj,1994,Kilograme,3441.0
Orz si orzoaica,Sector privat,Arges,1994,Kilograme,2796.0
Orz si orzoaica,din care: Exploatatii agricole individuale,Dambovita,1994,Kilograme,2427.0
Orz si orzoaica,din care: Exploatatii agricole individuale,Mures,1994,Kilograme,3074.0
Orz si orzoaica,Sector privat,Suceava,1994,Kilograme,2139.0
Orz si orzoaica,Sector privat,Tulcea,1994,Kilograme,499.0
Orz si orzoaica,Sector privat,Covasna,1994,Kilograme,2401.0
Orz si orzoaica,Sector privat,Bihor,1994,Kilograme,3395.0
Orz si orzoaica,din care: Exploatatii agricole individuale,Bihor,1994,Kilograme,3069.0
Orz si orzoaica,Sector privat,Gorj,1994,Kilograme,3178.0
Orz si orzoaica,din care: Exploatatii agricole individuale,Ialomita,1994,Kilograme,1001.0
Orz si orzoaica,Sector privat,Calarasi,1994,Kilograme,1792.0
Orz si orzoaica,din care: Exploatatii agricole individuale,Vaslui,1994,Kilograme,949.0
Orz si orzoaica,din care: Exploatatii agricole individuale,Mun. Bucuresti -incl. SAI,1994,Kilograme,1876.0
Orz si orzoaica,Sector privat,Vaslui,1994,Kilograme,1018.0
Orz si orzoaica,din care: Exploatatii agricole individuale,Harghita,1994,Kilograme,1789.0
Orz si orzoaica,Sector privat,Harghita,1994,Kilograme,1838.0
Orz si orzoaica,Sector privat,Timis,1994,Kilograme,3565.0
Orz si orzoaica,din care: Exploatatii agricole individuale,Bistrita-Nasaud,1994,Kilograme,2174.0
Orz si orzoaica,Sector privat,Bistrita-Nasaud,1994,Kilograme,2155.0
Orz si orzoaica,Sector privat,Mehedinti,1994,Kilograme,2401.0
Orz si orzoaica,Sector privat,Dambovita,1994,Kilograme,2333.0
Orz si orzoaica,Sector privat,Braila,1994,Kilograme,993.0
Orz si orzoaica,din care: Exploatatii agricole individuale,Olt,1994,Kilograme,4096.0
Orz si orzoaica,Sector privat,Mures,1994,Kilograme,3161.0
Orz si orzoaica,din care: Exploatatii agricole individuale,Covasna,1994,Kilograme,2403.0
Orz si orzoaica,Sector privat,Cluj,1994,Kilograme,3038.0
Orz si orzoaica,din care: Exploatatii agricole individuale,Dolj,1994,Kilograme,3434.0
Orz si orzoaica,din care: Exploatatii agricole individuale,Cluj,1994,Kilograme,3022.0
Orz si orzoaica,Sector privat,Olt,1994,Kilograme,3863.0
Orz si orzoaica,Sector privat,Giurgiu,1994,Kilograme,2853.0
Orz si orzoaica,din care: Exploatatii agricole individuale,Valcea,1994,Kilograme,5369.0
Orz si orzoaica,Sector privat,Buzau,1994,Kilograme,710.0
Orz si orzoaica,din care: Exploatatii agricole individuale,Mehedinti,1994,Kilograme,2423.0
Orz si orzoaica,Sector privat,Sibiu,1994,Kilograme,1899.0
Orz si orzoaica,din care: Exploatatii agricole individuale,Sibiu,1994,Kilograme,2008.0
Orz si orzoaica,Sector privat,Maramures,1994,Kilograme,1937.0
Orz si orzoaica,din care: Exploatatii agricole individuale,Arges,1994,Kilograme,2709.0
Orz si orzoaica,din care: Exploatatii agricole individuale,Maramures,1994,Kilograme,1937.0
Orz si orzoaica,din care: Exploatatii agricole individuale,Arad,1994,Kilograme,3358.0
Orz si orzoaica,Sector privat,Valcea,1994,Kilograme,5176.0
Orz si orzoaica,din care: Exploatatii agricole individuale,Buzau,1994,Kilograme,573.0
Orz si orzoaica,Sector privat,Ialomita,1994,Kilograme,1013.0
Orz si orzoaica,Sector privat,Constanta,1994,Kilograme,2125.0
Orz si orzoaica,din care: Exploatatii agricole individuale,Bacau,1994,Kilograme,1950.0
Orz si orzoaica,Sector privat,Bacau,1994,Kilograme,1890.0
Orz si orzoaica,din care: Exploatatii agricole individuale,Braila,1994,Kilograme,982.0
Orz si orzoaica,Sector privat,Satu Mare,1994,Kilograme,3120.0
Orz si orzoaica,din care: Exploatatii agricole individuale,Satu Mare,1994,Kilograme,3063.0
Orz si orzoaica,din care: Exploatatii agricole individuale,Caras-Severin,1994,Kilograme,3579.0
Orz si orzoaica,din care: Exploatatii agricole individuale,Teleorman,1994,Kilograme,2212.0
Orz si orzoaica,Sector privat,Arad,1994,Kilograme,3530.0
Orz si orzoaica,Sector privat,Prahova,1994,Kilograme,1835.0
Orz si orzoaica,Sector privat,Galati,1994,Kilograme,1169.0
Orz si orzoaica,din care: Exploatatii agricole individuale,Botosani,1994,Kilograme,1640.0
Orz si orzoaica,din care: Exploatatii agricole individuale,Gorj,1994,Kilograme,3290.0
Orz si orzoaica,din care: Exploatatii agricole individuale,Hunedoara,1994,Kilograme,2784.0
Orz si orzoaica,Sector privat,Botosani,1994,Kilograme,1654.0
Orz si orzoaica,Sector privat,Vrancea,1994,Kilograme,1954.0
Orz si orzoaica,din care: Exploatatii agricole individuale,Calarasi,1994,Kilograme,1790.0
Orz si orzoaica,din care: Exploatatii agricole individuale,Constanta,1994,Kilograme,1921.0
Orz si orzoaica,Sector privat,Caras-Severin,1994,Kilograme,3462.0
Orz si orzoaica,Sector privat,Salaj,1994,Kilograme,2465.0
Orz si orzoaica,din care: Exploatatii agricole individuale,Iasi,1994,Kilograme,2027.0
Orz si orzoaica,Sector privat,Teleorman,1994,Kilograme,2584.0
Orz si orzoaica,din care: Exploatatii agricole individuale,Vrancea,1994,Kilograme,1798.0
Orz si orzoaica,din care: Exploatatii agricole individuale,Suceava,1994,Kilograme,2142.0
Orz si orzoaica,din care: Exploatatii agricole individuale,Prahova,1994,Kilograme,1901.0
Orz si orzoaica,din care: Exploatatii agricole individuale,Alba,1994,Kilograme,2934.0
Orz si orzoaica,Sector privat,Hunedoara,1994,Kilograme,2754.0
Orz si orzoaica,din care: Exploatatii agricole individuale,Timis,1994,Kilograme,3538.0
Orz si orzoaica,din care: Exploatatii agricole individuale,Tulcea,1994,Kilograme,440.0
Orz si orzoaica,Sector privat,Iasi,1994,Kilograme,2124.0
Orz si orzoaica,din care: Exploatatii agricole individuale,Neamt,1994,Kilograme,2513.0
Orz si orzoaica,din care: Exploatatii agricole individuale,Giurgiu,1994,Kilograme,2521.0
Orz si orzoaica,Sector privat,Alba,1994,Kilograme,2802.0
Orz si orzoaica,Sector privat,Mun. Bucuresti -incl. SAI,1994,Kilograme,1745.0
Orz si orzoaica,din care: Exploatatii agricole individuale,Galati,1994,Kilograme,1179.0
Orz si orzoaica,din care: Exploatatii agricole individuale,Suceava,1995,Kilograme,1960.0
Orz si orzoaica,Sector privat,Botosani,1995,Kilograme,1832.0
Orz si orzoaica,Sector privat,Neamt,1995,Kilograme,2802.0
Orz si orzoaica,Sector privat,Timis,1995,Kilograme,3086.0
Orz si orzoaica,Sector privat,Brasov,1995,Kilograme,2463.0
Orz si orzoaica,Sector privat,Dolj,1995,Kilograme,2802.0
Orz si orzoaica,Sector privat,Arges,1995,Kilograme,3543.0
Orz si orzoaica,Sector privat,Mures,1995,Kilograme,3035.0
Orz si orzoaica,Sector privat,Tulcea,1995,Kilograme,1285.0
Orz si orzoaica,Sector privat,Suceava,1995,Kilograme,1938.0
Orz si orzoaica,Sector privat,Covasna,1995,Kilograme,2325.0
Orz si orzoaica,din care: Exploatatii agricole individuale,Bihor,1995,Kilograme,2730.0
Orz si orzoaica,Sector privat,Bihor,1995,Kilograme,2789.0
Orz si orzoaica,Sector privat,Gorj,1995,Kilograme,3315.0
Orz si orzoaica,din care: Exploatatii agricole individuale,Mun. Bucuresti -incl. SAI,1995,Kilograme,2815.0
Orz si orzoaica,din care: Exploatatii agricole individuale,Vaslui,1995,Kilograme,2542.0
Orz si orzoaica,Sector privat,Calarasi,1995,Kilograme,3367.0
Orz si orzoaica,Sector privat,Vaslui,1995,Kilograme,2404.0
Orz si orzoaica,din care: Exploatatii agricole individuale,Harghita,1995,Kilograme,1901.0
Orz si orzoaica,Sector privat,Harghita,1995,Kilograme,1923.0
Orz si orzoaica,din care: Exploatatii agricole individuale,Bistrita-Nasaud,1995,Kilograme,2878.0
Orz si orzoaica,Sector privat,Vrancea,1995,Kilograme,3487.0
Orz si orzoaica,din care: Exploatatii agricole individuale,Galati,1995,Kilograme,1623.0
Orz si orzoaica,Sector privat,Mehedinti,1995,Kilograme,2991.0
Orz si orzoaica,din care: Exploatatii agricole individuale,Ialomita,1995,Kilograme,2080.0
Orz si orzoaica,Sector privat,Dambovita,1995,Kilograme,3164.0
Orz si orzoaica,Sector privat,Braila,1995,Kilograme,2527.0
Orz si orzoaica,din care: Exploatatii agricole individuale,Olt,1995,Kilograme,3058.0
Orz si orzoaica,din care: Exploatatii agricole individuale,Covasna,1995,Kilograme,2356.0
Orz si orzoaica,din care: Exploatatii agricole individuale,Mures,1995,Kilograme,2966.0
Orz si orzoaica,Sector privat,Cluj,1995,Kilograme,2824.0
Orz si orzoaica,din care: Exploatatii agricole individuale,Cluj,1995,Kilograme,2804.0
Orz si orzoaica,din care: Exploatatii agricole individuale,Dolj,1995,Kilograme,2631.0
Orz si orzoaica,Sector privat,Olt,1995,Kilograme,3404.0
Orz si orzoaica,din care: Exploatatii agricole individuale,Mehedinti,1995,Kilograme,2997.0
Orz si orzoaica,Sector privat,Buzau,1995,Kilograme,2437.0
Orz si orzoaica,Sector privat,Giurgiu,1995,Kilograme,3448.0
Orz si orzoaica,Sector privat,Sibiu,1995,Kilograme,2224.0
Orz si orzoaica,din care: Exploatatii agricole individuale,Sibiu,1995,Kilograme,2338.0
Orz si orzoaica,Sector privat,Maramures,1995,Kilograme,1780.0
Orz si orzoaica,din care: Exploatatii agricole individuale,Maramures,1995,Kilograme,1783.0
Orz si orzoaica,din care: Exploatatii agricole individuale,Arad,1995,Kilograme,2778.0
Orz si orzoaica,din care: Exploatatii agricole individuale,Arges,1995,Kilograme,3739.0
Orz si orzoaica,Sector privat,Valcea,1995,Kilograme,5550.0
Orz si orzoaica,Sector privat,Ialomita,1995,Kilograme,2107.0
Orz si orzoaica,Sector privat,Constanta,1995,Kilograme,3312.0
Orz si orzoaica,din care: Exploatatii agricole individuale,Buzau,1995,Kilograme,2405.0
Orz si orzoaica,din care: Exploatatii agricole individuale,Bacau,1995,Kilograme,2201.0
Orz si orzoaica,Sector privat,Bacau,1995,Kilograme,2306.0
Orz si orzoaica,din care: Exploatatii agricole individuale,Satu Mare,1995,Kilograme,3074.0
Orz si orzoaica,din care: Exploatatii agricole individuale,Braila,1995,Kilograme,2545.0
Orz si orzoaica,Sector privat,Satu Mare,1995,Kilograme,3020.0
Orz si orzoaica,din care: Exploatatii agricole individuale,Teleorman,1995,Kilograme,3355.0
Orz si orzoaica,Sector privat,Arad,1995,Kilograme,2918.0
Orz si orzoaica,din care: Exploatatii agricole individuale,Caras-Severin,1995,Kilograme,2964.0
Orz si orzoaica,Sector privat,Prahova,1995,Kilograme,3651.0
Orz si orzoaica,Sector privat,Galati,1995,Kilograme,1777.0
Orz si orzoaica,din care: Exploatatii agricole individuale,Botosani,1995,Kilograme,1848.0
Orz si orzoaica,din care: Exploatatii agricole individuale,Salaj,1995,Kilograme,2788.0
Orz si orzoaica,din care: Exploatatii agricole individuale,Gorj,1995,Kilograme,3344.0
Orz si orzoaica,din care: Exploatatii agricole individuale,Hunedoara,1995,Kilograme,3074.0
Orz si orzoaica,din care: Exploatatii agricole individuale,Brasov,1995,Kilograme,2615.0
Orz si orzoaica,Sector privat,Salaj,1995,Kilograme,2809.0
Orz si orzoaica,Sector privat,Caras-Severin,1995,Kilograme,2818.0
Orz si orzoaica,din care: Exploatatii agricole individuale,Calarasi,1995,Kilograme,3409.0
Orz si orzoaica,Sector privat,Teleorman,1995,Kilograme,3553.0
Orz si orzoaica,din care: Exploatatii agricole individuale,Iasi,1995,Kilograme,2603.0
Orz si orzoaica,din care: Exploatatii agricole individuale,Vrancea,1995,Kilograme,3258.0
Orz si orzoaica,din care: Exploatatii agricole individuale,Dambovita,1995,Kilograme,3372.0
Orz si orzoaica,din care: Exploatatii agricole individuale,Alba,1995,Kilograme,2918.0
Orz si orzoaica,din care: Exploatatii agricole individuale,Prahova,1995,Kilograme,3458.0
Orz si orzoaica,din care: Exploatatii agricole individuale,Constanta,1995,Kilograme,3169.0
Orz si orzoaica,din care: Exploatatii agricole individuale,Timis,1995,Kilograme,3116.0
Orz si orzoaica,Sector privat,Hunedoara,1995,Kilograme,3050.0
Orz si orzoaica,din care: Exploatatii agricole individuale,Tulcea,1995,Kilograme,1087.0
Orz si orzoaica,Sector privat,Iasi,1995,Kilograme,2910.0
Orz si orzoaica,din care: Exploatatii agricole individuale,Neamt,1995,Kilograme,2609.0
Orz si orzoaica,Sector privat,Alba,1995,Kilograme,2848.0
Orz si orzoaica,din care: Exploatatii agricole individuale,Giurgiu,1995,Kilograme,3382.0
Orz si orzoaica,Sector privat,Mun. Bucuresti -incl. SAI,1995,Kilograme,3094.0
Orz si orzoaica,Sector privat,Bistrita-Nasaud,1995,Kilograme,2859.0
Orz si orzoaica,din care: Exploatatii agricole individuale,Suceava,1996,Kilograme,1136.0
Orz si orzoaica,Sector privat,Botosani,1996,Kilograme,593.0
Orz si orzoaica,Sector privat,Vrancea,1996,Kilograme,2076.0
Orz si orzoaica,Sector privat,Timis,1996,Kilograme,2091.0
Orz si orzoaica,Sector privat,Brasov,1996,Kilograme,2086.0
Orz si orzoaica,Sector privat,Neamt,1996,Kilograme,1415.0
Orz si orzoaica,Sector privat,Dolj,1996,Kilograme,1134.0
Orz si orzoaica,Sector privat,Arges,1996,Kilograme,1067.0
Orz si orzoaica,Sector privat,Mures,1996,Kilograme,2192.0
Orz si orzoaica,Sector privat,Tulcea,1996,Kilograme,1368.0
Orz si orzoaica,Sector privat,Suceava,1996,Kilograme,1150.0
Orz si orzoaica,din care: Exploatatii agricole individuale,Bihor,1996,Kilograme,2085.0
Orz si orzoaica,Sector privat,Covasna,1996,Kilograme,1984.0
Orz si orzoaica,Sector privat,Gorj,1996,Kilograme,1717.0
Orz si orzoaica,Sector privat,Bihor,1996,Kilograme,2191.0
Orz si orzoaica,din care: Exploatatii agricole individuale,Vaslui,1996,Kilograme,1051.0
Orz si orzoaica,din care: Exploatatii agricole individuale,Mun. Bucuresti -incl. SAI,1996,Kilograme,1035.0
Orz si orzoaica,Sector privat,Calarasi,1996,Kilograme,1934.0
Orz si orzoaica,Sector privat,Vaslui,1996,Kilograme,963.0
Orz si orzoaica,din care: Exploatatii agricole individuale,Harghita,1996,Kilograme,1638.0
Orz si orzoaica,Sector privat,Harghita,1996,Kilograme,1665.0
Orz si orzoaica,din care: Exploatatii agricole individuale,Gorj,1996,Kilograme,1717.0
Orz si orzoaica,Sector privat,Mehedinti,1996,Kilograme,819.0
Orz si orzoaica,Sector privat,Bistrita-Nasaud,1996,Kilograme,1730.0
Orz si orzoaica,din care: Exploatatii agricole individuale,Galati,1996,Kilograme,977.0
Orz si orzoaica,din care: Exploatatii agricole individuale,Ialomita,1996,Kilograme,1790.0
Orz si orzoaica,Sector privat,Braila,1996,Kilograme,1744.0
Orz si orzoaica,Sector privat,Dambovita,1996,Kilograme,1503.0
Orz si orzoaica,din care: Exploatatii agricole individuale,Olt,1996,Kilograme,951.0
Orz si orzoaica,din care: Exploatatii agricole individuale,Covasna,1996,Kilograme,1984.0
Orz si orzoaica,din care: Exploatatii agricole individuale,Mures,1996,Kilograme,2237.0
Orz si orzoaica,din care: Exploatatii agricole individuale,Cluj,1996,Kilograme,1999.0
Orz si orzoaica,Sector privat,Olt,1996,Kilograme,977.0
Orz si orzoaica,din care: Exploatatii agricole individuale,Dolj,1996,Kilograme,714.0
Orz si orzoaica,Sector privat,Cluj,1996,Kilograme,2026.0
Orz si orzoaica,din care: Exploatatii agricole individuale,Valcea,1996,Kilograme,3467.0
Orz si orzoaica,din care: Exploatatii agricole individuale,Mehedinti,1996,Kilograme,865.0
Orz si orzoaica,Sector privat,Giurgiu,1996,Kilograme,1781.0
Orz si orzoaica,Sector privat,Buzau,1996,Kilograme,1469.0
Orz si orzoaica,Sector privat,Sibiu,1996,Kilograme,1504.0
Orz si orzoaica,din care: Exploatatii agricole individuale,Sibiu,1996,Kilograme,1553.0
Orz si orzoaica,Sector privat,Maramures,1996,Kilograme,1944.0
Orz si orzoaica,din care: Exploatatii agricole individuale,Maramures,1996,Kilograme,1936.0
Orz si orzoaica,Sector privat,Valcea,1996,Kilograme,2829.0
Orz si orzoaica,din care: Exploatatii agricole individuale,Arad,1996,Kilograme,2206.0
Orz si orzoaica,din care: Exploatatii agricole individuale,Arges,1996,Kilograme,968.0
Orz si orzoaica,din care: Exploatatii agricole individuale,Buzau,1996,Kilograme,1230.0
Orz si orzoaica,Sector privat,Ialomita,1996,Kilograme,1694.0
Orz si orzoaica,Sector privat,Constanta,1996,Kilograme,2256.0
Orz si orzoaica,din care: Exploatatii agricole individuale,Bacau,1996,Kilograme,946.0
Orz si orzoaica,Sector privat,Bacau,1996,Kilograme,925.0
Orz si orzoaica,din care: Exploatatii agricole individuale,Satu Mare,1996,Kilograme,2363.0
Orz si orzoaica,Sector privat,Arad,1996,Kilograme,2468.0
Orz si orzoaica,din care: Exploatatii agricole individuale,Braila,1996,Kilograme,1578.0
Orz si orzoaica,din care: Exploatatii agricole individuale,Caras-Severin,1996,Kilograme,2252.0
Orz si orzoaica,Sector privat,Satu Mare,1996,Kilograme,2637.0
Orz si orzoaica,din care: Exploatatii agricole individuale,Teleorman,1996,Kilograme,802.0
Orz si orzoaica,Sector privat,Prahova,1996,Kilograme,1695.0
Orz si orzoaica,din care: Exploatatii agricole individuale,Botosani,1996,Kilograme,562.0
Orz si orzoaica,Sector privat,Galati,1996,Kilograme,1059.0
Orz si orzoaica,din care: Exploatatii agricole individuale,Hunedoara,1996,Kilograme,2098.0
Orz si orzoaica,din care: Exploatatii agricole individuale,Salaj,1996,Kilograme,2110.0
Orz si orzoaica,din care: Exploatatii agricole individuale,Brasov,1996,Kilograme,2000.0
Orz si orzoaica,Sector privat,Caras-Severin,1996,Kilograme,2186.0
Orz si orzoaica,din care: Exploatatii agricole individuale,Calarasi,1996,Kilograme,1751.0
Orz si orzoaica,Sector privat,Salaj,1996,Kilograme,2115.0
Orz si orzoaica,din care: Exploatatii agricole individuale,Iasi,1996,Kilograme,963.0
Orz si orzoaica,Sector privat,Teleorman,1996,Kilograme,1330.0
Orz si orzoaica,din care: Exploatatii agricole individuale,Prahova,1996,Kilograme,1537.0
Orz si orzoaica,din care: Exploatatii agricole individuale,Alba,1996,Kilograme,1672.0
Orz si orzoaica,din care: Exploatatii agricole individuale,Dambovita,1996,Kilograme,1575.0
Orz si orzoaica,Sector privat,Hunedoara,1996,Kilograme,2078.0
Orz si orzoaica,din care: Exploatatii agricole individuale,Constanta,1996,Kilograme,1939.0
Orz si orzoaica,din care: Exploatatii agricole individuale,Timis,1996,Kilograme,2077.0
Orz si orzoaica,Sector privat,Iasi,1996,Kilograme,926.0
Orz si orzoaica,din care: Exploatatii agricole individuale,Tulcea,1996,Kilograme,1162.0
Orz si orzoaica,Sector privat,Alba,1996,Kilograme,1571.0
Orz si orzoaica,Sector privat,Mun. Bucuresti -incl. SAI,1996,Kilograme,1139.0
Orz si orzoaica,din care: Exploatatii agricole individuale,Giurgiu,1996,Kilograme,1536.0
Orz si orzoaica,din care: Exploatatii agricole individuale,Vrancea,1996,Kilograme,1499.0
Orz si orzoaica,din care: Exploatatii agricole individuale,Neamt,1996,Kilograme,1253.0
Orz si orzoaica,din care: Exploatatii agricole individuale,Bistrita-Nasaud,1996,Kilograme,1735.0
Orz si orzoaica,din care: Exploatatii agricole individuale,Dambovita,1997,Kilograme,2992.0
Orz si orzoaica,din care: Exploatatii agricole individuale,Hunedoara,1997,Kilograme,2187.0
Orz si orzoaica,din care: Exploatatii agricole individuale,Buzau,1997,Kilograme,2942.0
Orz si orzoaica,Sector privat,Dolj,1997,Kilograme,2962.0
Orz si orzoaica,Sector privat,Neamt,1997,Kilograme,2235.0
Orz si orzoaica,din care: Exploatatii agricole individuale,Calarasi,1997,Kilograme,4256.0
Orz si orzoaica,din care: Exploatatii agricole individuale,Braila,1997,Kilograme,2581.0
Orz si orzoaica,Sector privat,Brasov,1997,Kilograme,1858.0
Orz si orzoaica,Sector privat,Dambovita,1997,Kilograme,2879.0
Orz si orzoaica,Sector privat,Tulcea,1997,Kilograme,1907.0
Orz si orzoaica,din care: Exploatatii agricole individuale,Covasna,1997,Kilograme,2122.0
Orz si orzoaica,din care: Exploatatii agricole individuale,Bihor,1997,Kilograme,2504.0
Orz si orzoaica,Sector privat,Suceava,1997,Kilograme,1735.0
Orz si orzoaica,Sector privat,Covasna,1997,Kilograme,2128.0
Orz si orzoaica,Sector privat,Bihor,1997,Kilograme,2681.0
Orz si orzoaica,din care: Exploatatii agricole individuale,Prahova,1997,Kilograme,3385.0
Orz si orzoaica,Sector privat,Gorj,1997,Kilograme,3066.0
Orz si orzoaica,Sector privat,Calarasi,1997,Kilograme,4168.0
Orz si orzoaica,din care: Exploatatii agricole individuale,Mun. Bucuresti -incl. SAI,1997,Kilograme,3050.0
Orz si orzoaica,din care: Exploatatii agricole individuale,Vaslui,1997,Kilograme,2160.0
Orz si orzoaica,din care: Exploatatii agricole individuale,Harghita,1997,Kilograme,1767.0
Orz si orzoaica,Sector privat,Timis,1997,Kilograme,2658.0
Orz si orzoaica,Sector privat,Harghita,1997,Kilograme,1822.0
Orz si orzoaica,din care: Exploatatii agricole individuale,Bistrita-Nasaud,1997,Kilograme,2213.0
Orz si orzoaica,Sector privat,Mehedinti,1997,Kilograme,2976.0
Orz si orzoaica,Sector privat,Bistrita-Nasaud,1997,Kilograme,2184.0
Orz si orzoaica,din care: Exploatatii agricole individuale,Galati,1997,Kilograme,2110.0
Orz si orzoaica,din care: Exploatatii agricole individuale,Ialomita,1997,Kilograme,2589.0
Orz si orzoaica,din care: Exploatatii agricole individuale,Constanta,1997,Kilograme,3286.0
Orz si orzoaica,din care: Exploatatii agricole individuale,Suceava,1997,Kilograme,1730.0
Orz si orzoaica,Sector privat,Braila,1997,Kilograme,2755.0
Orz si orzoaica,din care: Exploatatii agricole individuale,Olt,1997,Kilograme,2619.0
Orz si orzoaica,din care: Exploatatii agricole individuale,Mures,1997,Kilograme,2789.0
Orz si orzoaica,Sector privat,Mures,1997,Kilograme,2699.0
Orz si orzoaica,din care: Exploatatii agricole individuale,Cluj,1997,Kilograme,2243.0
Orz si orzoaica,Sector privat,Cluj,1997,Kilograme,2293.0
Orz si orzoaica,din care: Exploatatii agricole individuale,Dolj,1997,Kilograme,2720.0
Orz si orzoaica,Sector privat,Olt,1997,Kilograme,2851.0
Orz si orzoaica,Sector privat,Giurgiu,1997,Kilograme,2895.0
Orz si orzoaica,din care: Exploatatii agricole individuale,Mehedinti,1997,Kilograme,3172.0
Orz si orzoaica,Sector privat,Buzau,1997,Kilograme,3603.0
Orz si orzoaica,din care: Exploatatii agricole individuale,Sibiu,1997,Kilograme,1896.0
Orz si orzoaica,Sector privat,Sibiu,1997,Kilograme,1747.0
Orz si orzoaica,din care: Exploatatii agricole individuale,Maramures,1997,Kilograme,2043.0
Orz si orzoaica,Sector privat,Maramures,1997,Kilograme,2064.0
Orz si orzoaica,Sector privat,Valcea,1997,Kilograme,1900.0
Orz si orzoaica,din care: Exploatatii agricole individuale,Arad,1997,Kilograme,2736.0
Orz si orzoaica,din care: Exploatatii agricole individuale,Arges,1997,Kilograme,2488.0
Orz si orzoaica,Sector privat,Ialomita,1997,Kilograme,2746.0
Orz si orzoaica,din care: Exploatatii agricole individuale,Bacau,1997,Kilograme,1701.0
Orz si orzoaica,Sector privat,Constanta,1997,Kilograme,3635.0
Orz si orzoaica,din care: Exploatatii agricole individuale,Satu Mare,1997,Kilograme,2330.0
Orz si orzoaica,Sector privat,Bacau,1997,Kilograme,1827.0
Orz si orzoaica,Sector privat,Arad,1997,Kilograme,3009.0
Orz si orzoaica,Sector privat,Satu Mare,1997,Kilograme,2890.0
Orz si orzoaica,din care: Exploatatii agricole individuale,Caras-Severin,1997,Kilograme,2610.0
Orz si orzoaica,Sector privat,Prahova,1997,Kilograme,3475.0
Orz si orzoaica,din care: Exploatatii agricole individuale,Teleorman,1997,Kilograme,3038.0
Orz si orzoaica,din care: Exploatatii agricole individuale,Botosani,1997,Kilograme,1705.0
Orz si orzoaica,din care: Exploatatii agricole individuale,Salaj,1997,Kilograme,2154.0
Orz si orzoaica,Sector privat,Galati,1997,Kilograme,2319.0
Orz si orzoaica,din care: Exploatatii agricole individuale,Brasov,1997,Kilograme,1853.0
Orz si orzoaica,Sector privat,Caras-Severin,1997,Kilograme,2545.0
Orz si orzoaica,Sector privat,Botosani,1997,Kilograme,1716.0
Orz si orzoaica,Sector privat,Salaj,1997,Kilograme,2185.0
Orz si orzoaica,Sector privat,Teleorman,1997,Kilograme,3130.0
Orz si orzoaica,din care: Exploatatii agricole individuale,Iasi,1997,Kilograme,2094.0
Orz si orzoaica,din care: Exploatatii agricole individuale,Alba,1997,Kilograme,2339.0
Orz si orzoaica,din care: Exploatatii agricole individuale,Timis,1997,Kilograme,2589.0
Orz si orzoaica,Sector privat,Arges,1997,Kilograme,2698.0
Orz si orzoaica,Sector privat,Hunedoara,1997,Kilograme,2156.0
Orz si orzoaica,Sector privat,Mun. Bucuresti -incl. SAI,1997,Kilograme,2849.0
Orz si orzoaica,Sector privat,Iasi,1997,Kilograme,2438.0
Orz si orzoaica,din care: Exploatatii agricole individuale,Tulcea,1997,Kilograme,1544.0
Orz si orzoaica,Sector privat,Alba,1997,Kilograme,2183.0
Orz si orzoaica,din care: Exploatatii agricole individuale,Giurgiu,1997,Kilograme,2680.0
Orz si orzoaica,din care: Exploatatii agricole individuale,Neamt,1997,Kilograme,2144.0
Orz si orzoaica,din care: Exploatatii agricole individuale,Vrancea,1997,Kilograme,2799.0
Orz si orzoaica,din care: Exploatatii agricole individuale,Gorj,1997,Kilograme,3073.0
Orz si orzoaica,Sector privat,Vrancea,1997,Kilograme,3354.0
Orz si orzoaica,Sector privat,Vaslui,1997,Kilograme,2120.0
Orz si orzoaica,din care: Exploatatii agricole individuale,Vrancea,1998,Kilograme,1963.0
Orz si orzoaica,Sector privat,Galati,1998,Kilograme,1639.0
Orz si orzoaica,Sector privat,Timis,1998,Kilograme,2804.0
Orz si orzoaica,din care: Exploatatii agricole individuale,Buzau,1998,Kilograme,2130.0
Orz si orzoaica,Sector privat,Dolj,1998,Kilograme,2268.0
Orz si orzoaica,Sector privat,Neamt,1998,Kilograme,1777.0
Orz si orzoaica,Sector privat,Brasov,1998,Kilograme,2328.0
Orz si orzoaica,din care: Exploatatii agricole individuale,Braila,1998,Kilograme,1775.0
Orz si orzoaica,din care: Exploatatii agricole individuale,Galati,1998,Kilograme,1712.0
Orz si orzoaica,din care: Exploatatii agricole individuale,Constanta,1998,Kilograme,2651.0
Orz si orzoaica,Sector privat,Tulcea,1998,Kilograme,1357.0
Orz si orzoaica,Sector privat,Arges,1998,Kilograme,2459.0
Orz si orzoaica,din care: Exploatatii agricole individuale,Suceava,1998,Kilograme,1758.0
Orz si orzoaica,din care: Exploatatii agricole individuale,Covasna,1998,Kilograme,2259.0
Orz si orzoaica,Sector privat,Suceava,1998,Kilograme,1715.0
Orz si orzoaica,din care: Exploatatii agricole individuale,Bihor,1998,Kilograme,2132.0
Orz si orzoaica,Sector privat,Covasna,1998,Kilograme,2263.0
Orz si orzoaica,Sector privat,Bihor,1998,Kilograme,2113.0
Orz si orzoaica,din care: Exploatatii agricole individuale,Prahova,1998,Kilograme,2481.0
Orz si orzoaica,Sector privat,Gorj,1998,Kilograme,2969.0
Orz si orzoaica,Sector privat,Calarasi,1998,Kilograme,2651.0
Orz si orzoaica,din care: Exploatatii agricole individuale,Brasov,1998,Kilograme,2319.0
Orz si orzoaica,din care: Exploatatii agricole individuale,Mun. Bucuresti -incl. SAI,1998,Kilograme,2553.0
Orz si orzoaica,Sector privat,Vaslui,1998,Kilograme,1553.0
Orz si orzoaica,din care: Exploatatii agricole individuale,Harghita,1998,Kilograme,1795.0
Orz si orzoaica,din care: Exploatatii agricole individuale,Bistrita-Nasaud,1998,Kilograme,1894.0
Orz si orzoaica,Sector privat,Harghita,1998,Kilograme,1766.0
Orz si orzoaica,Sector privat,Mehedinti,1998,Kilograme,3079.0
Orz si orzoaica,Sector privat,Bistrita-Nasaud,1998,Kilograme,1861.0
Orz si orzoaica,Sector privat,Braila,1998,Kilograme,1827.0
Orz si orzoaica,din care: Exploatatii agricole individuale,Dambovita,1998,Kilograme,2457.0
Orz si orzoaica,din care: Exploatatii agricole individuale,Ialomita,1998,Kilograme,2107.0
Orz si orzoaica,Sector privat,Dambovita,1998,Kilograme,2261.0
Orz si orzoaica,din care: Exploatatii agricole individuale,Olt,1998,Kilograme,2017.0
Orz si orzoaica,din care: Exploatatii agricole individuale,Mures,1998,Kilograme,2010.0
Orz si orzoaica,din care: Exploatatii agricole individuale,Cluj,1998,Kilograme,2005.0
Orz si orzoaica,Sector privat,Mures,1998,Kilograme,1909.0
Orz si orzoaica,Sector privat,Cluj,1998,Kilograme,2051.0
Orz si orzoaica,Sector privat,Olt,1998,Kilograme,2176.0
Orz si orzoaica,din care: Exploatatii agricole individuale,Dolj,1998,Kilograme,2308.0
Orz si orzoaica,Sector privat,Giurgiu,1998,Kilograme,2389.0
Orz si orzoaica,din care: Exploatatii agricole individuale,Valcea,1998,Kilograme,5571.0
Orz si orzoaica,Sector privat,Buzau,1998,Kilograme,2120.0
Orz si orzoaica,din care: Exploatatii agricole individuale,Mehedinti,1998,Kilograme,3303.0
Orz si orzoaica,din care: Exploatatii agricole individuale,Sibiu,1998,Kilograme,1962.0
Orz si orzoaica,din care: Exploatatii agricole individuale,Maramures,1998,Kilograme,1670.0
Orz si orzoaica,Sector privat,Sibiu,1998,Kilograme,1857.0
Orz si orzoaica,Sector privat,Maramures,1998,Kilograme,1637.0
Orz si orzoaica,Sector privat,Valcea,1998,Kilograme,2228.0
Orz si orzoaica,din care: Exploatatii agricole individuale,Arges,1998,Kilograme,2403.0
Orz si orzoaica,din care: Exploatatii agricole individuale,Arad,1998,Kilograme,2313.0
Orz si orzoaica,Sector privat,Ialomita,1998,Kilograme,1862.0
Orz si orzoaica,Sector privat,Constanta,1998,Kilograme,2597.0
Orz si orzoaica,din care: Exploatatii agricole individuale,Bacau,1998,Kilograme,1785.0
Orz si orzoaica,din care: Exploatatii agricole individuale,Satu Mare,1998,Kilograme,1867.0
Orz si orzoaica,Sector privat,Arad,1998,Kilograme,2309.0
Orz si orzoaica,Sector privat,Bacau,1998,Kilograme,1974.0
Orz si orzoaica,din care: Exploatatii agricole individuale,Caras-Severin,1998,Kilograme,2597.0
Orz si orzoaica,Sector privat,Satu Mare,1998,Kilograme,1955.0
Orz si orzoaica,din care: Exploatatii agricole individuale,Teleorman,1998,Kilograme,2650.0
Orz si orzoaica,Sector privat,Prahova,1998,Kilograme,2377.0
Orz si orzoaica,din care: Exploatatii agricole individuale,Botosani,1998,Kilograme,2029.0
Orz si orzoaica,din care: Exploatatii agricole individuale,Gorj,1998,Kilograme,3000.0
Orz si orzoaica,din care: Exploatatii agricole individuale,Salaj,1998,Kilograme,2064.0
Orz si orzoaica,din care: Exploatatii agricole individuale,Hunedoara,1998,Kilograme,2104.0
Orz si orzoaica,Sector privat,Caras-Severin,1998,Kilograme,2606.0
Orz si orzoaica,Sector privat,Botosani,1998,Kilograme,1862.0
Orz si orzoaica,Sector privat,Salaj,1998,Kilograme,2025.0
Orz si orzoaica,din care: Exploatatii agricole individuale,Iasi,1998,Kilograme,1902.0
Orz si orzoaica,Sector privat,Teleorman,1998,Kilograme,2892.0
Orz si orzoaica,din care: Exploatatii agricole individuale,Alba,1998,Kilograme,2037.0
Orz si orzoaica,din care: Exploatatii agricole individuale,Calarasi,1998,Kilograme,2392.0
Orz si orzoaica,din care: Exploatatii agricole individuale,Timis,1998,Kilograme,2999.0
Orz si orzoaica,Sector privat,Hunedoara,1998,Kilograme,2083.0
Orz si orzoaica,Sector privat,Mun. Bucuresti -incl. SAI,1998,Kilograme,2433.0
Orz si orzoaica,din care: Exploatatii agricole individuale,Tulcea,1998,Kilograme,1176.0
Orz si orzoaica,Sector privat,Iasi,1998,Kilograme,2060.0
Orz si orzoaica,Sector privat,Alba,1998,Kilograme,2009.0
Orz si orzoaica,din care: Exploatatii agricole individuale,Giurgiu,1998,Kilograme,2410.0
Orz si orzoaica,din care: Exploatatii agricole individuale,Neamt,1998,Kilograme,1857.0
Orz si orzoaica,Sector privat,Vrancea,1998,Kilograme,2361.0
Orz si orzoaica,din care: Exploatatii agricole individuale,Vaslui,1998,Kilograme,1633.0
Orz si orzoaica,din care: Exploatatii agricole individuale,Vrancea,1999,Kilograme,2433.0
Orz si orzoaica,Sector privat,Botosani,1999,Kilograme,1660.0
Orz si orzoaica,Sector privat,Neamt,1999,Kilograme,2114.0
Orz si orzoaica,din care: Exploatatii agricole individuale,Galati,1999,Kilograme,1884.0
Orz si orzoaica,Sector privat,Brasov,1999,Kilograme,2578.0
Orz si orzoaica,din care: Exploatatii agricole individuale,Calarasi,1999,Kilograme,3170.0
Orz si orzoaica,din care: Exploatatii agricole individuale,Ialomita,1999,Kilograme,2688.0
Orz si orzoaica,din care: Exploatatii agricole individuale,Alba,1999,Kilograme,1972.0
Orz si orzoaica,din care: Exploatatii agricole individuale,Suceava,1999,Kilograme,1899.0
Orz si orzoaica,din care: Exploatatii agricole individuale,Dambovita,1999,Kilograme,2765.0
Orz si orzoaica,Sector privat,Suceava,1999,Kilograme,1883.0
Orz si orzoaica,din care: Exploatatii agricole individuale,Covasna,1999,Kilograme,2196.0
Orz si orzoaica,Sector privat,Covasna,1999,Kilograme,2186.0
Orz si orzoaica,din care: Exploatatii agricole individuale,Bihor,1999,Kilograme,1938.0
Orz si orzoaica,din care: Exploatatii agricole individuale,Prahova,1999,Kilograme,2931.0
Orz si orzoaica,Sector privat,Bihor,1999,Kilograme,1798.0
Orz si orzoaica,Sector privat,Gorj,1999,Kilograme,2920.0
Orz si orzoaica,din care: Exploatatii agricole individuale,Vaslui,1999,Kilograme,1406.0
Orz si orzoaica,Sector privat,Calarasi,1999,Kilograme,3374.0
Orz si orzoaica,Sector privat,Vaslui,1999,Kilograme,1387.0
Orz si orzoaica,din care: Exploatatii agricole individuale,Mun. Bucuresti -incl. SAI,1999,Kilograme,2823.0
Orz si orzoaica,Sector privat,Timis,1999,Kilograme,2698.0
Orz si orzoaica,Sector privat,Harghita,1999,Kilograme,1700.0
Orz si orzoaica,din care: Exploatatii agricole individuale,Bistrita-Nasaud,1999,Kilograme,1846.0
Orz si orzoaica,Sector privat,Mehedinti,1999,Kilograme,2650.0
Orz si orzoaica,Sector privat,Bistrita-Nasaud,1999,Kilograme,1827.0
Orz si orzoaica,din care: Exploatatii agricole individuale,Constanta,1999,Kilograme,2546.0
Orz si orzoaica,Sector privat,Arges,1999,Kilograme,1729.0
Orz si orzoaica,Sector privat,Braila,1999,Kilograme,2031.0
Orz si orzoaica,Sector privat,Dambovita,1999,Kilograme,2625.0
Orz si orzoaica,din care: Exploatatii agricole individuale,Olt,1999,Kilograme,3170.0
Orz si orzoaica,din care: Exploatatii agricole individuale,Mures,1999,Kilograme,2043.0
Orz si orzoaica,Sector privat,Mures,1999,Kilograme,1947.0
Orz si orzoaica,din care: Exploatatii agricole individuale,Cluj,1999,Kilograme,1826.0
Orz si orzoaica,Sector privat,Olt,1999,Kilograme,2744.0
Orz si orzoaica,Sector privat,Cluj,1999,Kilograme,1863.0
Orz si orzoaica,din care: Exploatatii agricole individuale,Dolj,1999,Kilograme,2648.0
Orz si orzoaica,din care: Exploatatii agricole individuale,Valcea,1999,Kilograme,3875.0
Orz si orzoaica,Sector privat,Giurgiu,1999,Kilograme,2930.0
Orz si orzoaica,din care: Exploatatii agricole individuale,Mehedinti,1999,Kilograme,2698.0
Orz si orzoaica,Sector privat,Buzau,1999,Kilograme,2809.0
Orz si orzoaica,din care: Exploatatii agricole individuale,Sibiu,1999,Kilograme,2013.0
Orz si orzoaica,Sector privat,Sibiu,1999,Kilograme,1917.0
Orz si orzoaica,din care: Exploatatii agricole individuale,Maramures,1999,Kilograme,1959.0
Orz si orzoaica,Sector privat,Valcea,1999,Kilograme,3154.0
Orz si orzoaica,Sector privat,Maramures,1999,Kilograme,1954.0
Orz si orzoaica,din care: Exploatatii agricole individuale,Arad,1999,Kilograme,2252.0
Orz si orzoaica,din care: Exploatatii agricole individuale,Arges,1999,Kilograme,1622.0
Orz si orzoaica,Sector privat,Ialomita,1999,Kilograme,2746.0
Orz si orzoaica,din care: Exploatatii agricole individuale,Bacau,1999,Kilograme,1917.0
Orz si orzoaica,Sector privat,Constanta,1999,Kilograme,2584.0
Orz si orzoaica,din care: Exploatatii agricole individuale,Satu Mare,1999,Kilograme,2147.0
Orz si orzoaica,Sector privat,Bacau,1999,Kilograme,2099.0
Orz si orzoaica,Sector privat,Arad,1999,Kilograme,2577.0
Orz si orzoaica,din care: Exploatatii agricole individuale,Caras-Severin,1999,Kilograme,2845.0
Orz si orzoaica,Sector privat,Satu Mare,1999,Kilograme,2448.0
Orz si orzoaica,din care: Exploatatii agricole individuale,Teleorman,1999,Kilograme,2952.0
Orz si orzoaica,Sector privat,Prahova,1999,Kilograme,2752.0
Orz si orzoaica,din care: Exploatatii agricole individuale,Botosani,1999,Kilograme,1685.0
Orz si orzoaica,Sector privat,Galati,1999,Kilograme,1735.0
Orz si orzoaica,din care: Exploatatii agricole individuale,Salaj,1999,Kilograme,1719.0
Orz si orzoaica,din care: Exploatatii agricole individuale,Hunedoara,1999,Kilograme,1844.0
Orz si orzoaica,din care: Exploatatii agricole individuale,Gorj,1999,Kilograme,3028.0
Orz si orzoaica,Sector privat,Caras-Severin,1999,Kilograme,2839.0
Orz si orzoaica,din care: Exploatatii agricole individuale,Buzau,1999,Kilograme,2350.0
Orz si orzoaica,Sector privat,Salaj,1999,Kilograme,1701.0
Orz si orzoaica,din care: Exploatatii agricole individuale,Iasi,1999,Kilograme,2312.0
Orz si orzoaica,Sector privat,Teleorman,1999,Kilograme,3108.0
Orz si orzoaica,Sector privat,Dolj,1999,Kilograme,2548.0
Orz si orzoaica,Sector privat,Tulcea,1999,Kilograme,1700.0
Orz si orzoaica,Sector privat,Hunedoara,1999,Kilograme,1812.0
Orz si orzoaica,din care: Exploatatii agricole individuale,Timis,1999,Kilograme,2741.0
Orz si orzoaica,Sector privat,Mun. Bucuresti -incl. SAI,1999,Kilograme,2542.0
Orz si orzoaica,Sector privat,Iasi,1999,Kilograme,2357.0
Orz si orzoaica,din care: Exploatatii agricole individuale,Tulcea,1999,Kilograme,1565.0
Orz si orzoaica,Sector privat,Alba,1999,Kilograme,1828.0
Orz si orzoaica,din care: Exploatatii agricole individuale,Giurgiu,1999,Kilograme,3131.0
Orz si orzoaica,din care: Exploatatii agricole individuale,Neamt,1999,Kilograme,2078.0
Orz si orzoaica,Sector privat,Vrancea,1999,Kilograme,2344.0
Orz si orzoaica,din care: Exploatatii agricole individuale,Braila,1999,Kilograme,2285.0
Orz si orzoaica,din care: Exploatatii agricole individuale,Brasov,1999,Kilograme,2659.0
Orz si orzoaica,din care: Exploatatii agricole individuale,Harghita,1999,Kilograme,1713.0
Orz si orzoaica,Sector privat,Bihor,2000,Kilograme,1610.0
Orz si orzoaica,Sector privat,Gorj,2000,Kilograme,2378.0
Orz si orzoaica,din care: Exploatatii agricole individuale,Suceava,2000,Kilograme,1347.0
Orz si orzoaica,Sector privat,Hunedoara,2000,Kilograme,1827.0
Orz si orzoaica,Sector privat,Harghita,2000,Kilograme,1573.0
Orz si orzoaica,din care: Exploatatii agricole individuale,Constanta,2000,Kilograme,2058.0
Orz si orzoaica,Sector privat,Municipiul Bucuresti,2000,Kilograme,3225.0
Orz si orzoaica,Sector privat,Bistrita-Nasaud,2000,Kilograme,1325.0
Orz si orzoaica,din care: Exploatatii agricole individuale,Brasov,2000,Kilograme,1694.0
Orz si orzoaica,Sector privat,Arges,2000,Kilograme,2643.0
Orz si orzoaica,din care: Exploatatii agricole individuale,Braila,2000,Kilograme,1859.0
Orz si orzoaica,din care: Exploatatii agricole individuale,Galati,2000,Kilograme,697.0
Orz si orzoaica,Sector privat,Mures,2000,Kilograme,1656.0
Orz si orzoaica,Sector privat,Timis,2000,Kilograme,2189.0
Orz si orzoaica,Sector privat,Buzau,2000,Kilograme,2534.0
Orz si orzoaica,din care: Exploatatii agricole individuale,Bacau,2000,Kilograme,1051.0
Orz si orzoaica,Sector privat,Constanta,2000,Kilograme,2390.0
Orz si orzoaica,Sector privat,Cluj,2000,Kilograme,1236.0
Orz si orzoaica,din care: Exploatatii agricole individuale,Vaslui,2000,Kilograme,537.0
Orz si orzoaica,din care: Exploatatii agricole individuale,Sibiu,2000,Kilograme,1275.0
Orz si orzoaica,din care: Exploatatii agricole individuale,Arad,2000,Kilograme,2048.0
Orz si orzoaica,din care: Exploatatii agricole individuale,Giurgiu,2000,Kilograme,2786.0
Orz si orzoaica,Sector privat,Calarasi,2000,Kilograme,2802.0
Orz si orzoaica,din care: Exploatatii agricole individuale,Mehedinti,2000,Kilograme,1741.0
Orz si orzoaica,din care: Exploatatii agricole individuale,Arges,2000,Kilograme,2256.0
Orz si orzoaica,din care: Exploatatii agricole individuale,Calarasi,2000,Kilograme,2583.0
Orz si orzoaica,din care: Exploatatii agricole individuale,Timis,2000,Kilograme,2224.0
Orz si orzoaica,din care: Exploatatii agricole individuale,Cluj,2000,Kilograme,1214.0
Orz si orzoaica,Sector privat,Botosani,2000,Kilograme,914.0
Orz si orzoaica,Sector privat,Olt,2000,Kilograme,2638.0
Orz si orzoaica,din care: Exploatatii agricole individuale,Buzau,2000,Kilograme,2354.0
Orz si orzoaica,Sector privat,Salaj,2000,Kilograme,1122.0
Orz si orzoaica,Sector privat,Ialomita,2000,Kilograme,2382.0
Orz si orzoaica,din care: Exploatatii agricole individuale,Maramures,2000,Kilograme,1567.0
Orz si orzoaica,din care: Exploatatii agricole individuale,Municipiul Bucuresti,2000,Kilograme,2000.0
Orz si orzoaica,din care: Exploatatii agricole individuale,Valcea,2000,Kilograme,2500.0
Orz si orzoaica,Sector privat,Tulcea,2000,Kilograme,975.0
Orz si orzoaica,Sector privat,Iasi,2000,Kilograme,1722.0
Orz si orzoaica,Sector privat,Alba,2000,Kilograme,1432.0
Orz si orzoaica,Sector privat,Valcea,2000,Kilograme,2500.0
Orz si orzoaica,Sector privat,Prahova,2000,Kilograme,1780.0
Orz si orzoaica,Sector privat,Ilfov,2000,Kilograme,2345.0
Orz si orzoaica,din care: Exploatatii agricole individuale,Tulcea,2000,Kilograme,855.0
Orz si orzoaica,Sector privat,Neamt,2000,Kilograme,1681.0
Orz si orzoaica,din care: Exploatatii agricole individuale,Caras-Severin,2000,Kilograme,2965.0
Orz si orzoaica,din care: Exploatatii agricole individuale,Iasi,2000,Kilograme,1609.0
Orz si orzoaica,Sector privat,Brasov,2000,Kilograme,1671.0
Orz si orzoaica,din care: Exploatatii agricole individuale,Satu Mare,2000,Kilograme,1823.0
Orz si orzoaica,Sector privat,Arad,2000,Kilograme,2188.0
Orz si orzoaica,din care: Exploatatii agricole individuale,Gorj,2000,Kilograme,2420.0
Orz si orzoaica,Sector privat,Teleorman,2000,Kilograme,2908.0
Orz si orzoaica,din care: Exploatatii agricole individuale,Dambovita,2000,Kilograme,1846.0
Orz si orzoaica,din care: Exploatatii agricole individuale,Prahova,2000,Kilograme,1493.0
Orz si orzoaica,din care: Exploatatii agricole individuale,Salaj,2000,Kilograme,1121.0
Orz si orzoaica,Sector privat,Suceava,2000,Kilograme,1344.0
Orz si orzoaica,Sector privat,Caras-Severin,2000,Kilograme,2931.0
Orz si orzoaica,Sector privat,Covasna,2000,Kilograme,1702.0
Orz si orzoaica,Sector privat,Vrancea,2000,Kilograme,2487.0
Orz si orzoaica,din care: Exploatatii agricole individuale,Hunedoara,2000,Kilograme,1823.0
Orz si orzoaica,din care: Exploatatii agricole individuale,Ilfov,2000,Kilograme,2015.0
Orz si orzoaica,Sector privat,Dolj,2000,Kilograme,1949.0
Orz si orzoaica,Sector privat,Maramures,2000,Kilograme,1581.0
Orz si orzoaica,Sector privat,Sibiu,2000,Kilograme,1247.0
Orz si orzoaica,din care: Exploatatii agricole individuale,Bihor,2000,Kilograme,1530.0
Orz si orzoaica,Sector privat,Giurgiu,2000,Kilograme,2517.0
Orz si orzoaica,din care: Exploatatii agricole individuale,Neamt,2000,Kilograme,1588.0
Orz si orzoaica,Sector privat,Galati,2000,Kilograme,616.0
Orz si orzoaica,din care: Exploatatii agricole individuale,Covasna,2000,Kilograme,1704.0
Orz si orzoaica,din care: Exploatatii agricole individuale,Ialomita,2000,Kilograme,2237.0
Orz si orzoaica,din care: Exploatatii agricole individuale,Vrancea,2000,Kilograme,2250.0
Orz si orzoaica,Sector privat,Dambovita,2000,Kilograme,1809.0
Orz si orzoaica,din care: Exploatatii agricole individuale,Bistrita-Nasaud,2000,Kilograme,1339.0
Orz si orzoaica,Sector privat,Satu Mare,2000,Kilograme,2017.0
Orz si orzoaica,Sector privat,Mehedinti,2000,Kilograme,1741.0
Orz si orzoaica,Sector privat,Bacau,2000,Kilograme,1144.0
Orz si orzoaica,din care: Exploatatii agricole individuale,Dolj,2000,Kilograme,1847.0
Orz si orzoaica,din care: Exploatatii agricole individuale,Harghita,2000,Kilograme,1590.0
Orz si orzoaica,din care: Exploatatii agricole individuale,Olt,2000,Kilograme,2604.0
Orz si orzoaica,din care: Exploatatii agricole individuale,Teleorman,2000,Kilograme,2572.0
Orz si orzoaica,din care: Exploatatii agricole individuale,Botosani,2000,Kilograme,912.0
Orz si orzoaica,Sector privat,Vaslui,2000,Kilograme,534.0
Orz si orzoaica,din care: Exploatatii agricole individuale,Mures,2000,Kilograme,1653.0
Orz si orzoaica,Sector privat,Braila,2000,Kilograme,1636.0
Orz si orzoaica,din care: Exploatatii agricole individuale,Alba,2000,Kilograme,1321.0
Orz si orzoaica,din care: Exploatatii agricole individuale,Alba,2001,Kilograme,2134.0
Orz si orzoaica,din care: Exploatatii agricole individuale,Valcea,2001,Kilograme,4409.0
Orz si orzoaica,Sector privat,Suceava,2001,Kilograme,2038.0
Orz si orzoaica,Sector privat,Caras-Severin,2001,Kilograme,3503.0
Orz si orzoaica,Sector privat,Covasna,2001,Kilograme,2668.0
Orz si orzoaica,Sector privat,Vrancea,2001,Kilograme,2941.0
Orz si orzoaica,din care: Exploatatii agricole individuale,Ilfov,2001,Kilograme,3454.0
Orz si orzoaica,Sector privat,Calarasi,2001,Kilograme,4043.0
Orz si orzoaica,Sector privat,Prahova,2001,Kilograme,3735.0
Orz si orzoaica,din care: Exploatatii agricole individuale,Suceava,2001,Kilograme,2028.0
Orz si orzoaica,Sector privat,Hunedoara,2001,Kilograme,2291.0
Orz si orzoaica,din care: Exploatatii agricole individuale,Constanta,2001,Kilograme,2155.0
Orz si orzoaica,Sector privat,Harghita,2001,Kilograme,2213.0
Orz si orzoaica,din care: Exploatatii agricole individuale,Hunedoara,2001,Kilograme,2278.0
Orz si orzoaica,Sector privat,Municipiul Bucuresti,2001,Kilograme,3380.0
Orz si orzoaica,Sector privat,Bistrita-Nasaud,2001,Kilograme,1980.0
Orz si orzoaica,Sector privat,Arges,2001,Kilograme,4225.0
Orz si orzoaica,din care: Exploatatii agricole individuale,Brasov,2001,Kilograme,2681.0
Orz si orzoaica,din care: Exploatatii agricole individuale,Braila,2001,Kilograme,2481.0
Orz si orzoaica,Sector privat,Constanta,2001,Kilograme,2160.0
Orz si orzoaica,Sector privat,Mures,2001,Kilograme,2366.0
Orz si orzoaica,din care: Exploatatii agricole individuale,Prahova,2001,Kilograme,3335.0
Orz si orzoaica,din care: Exploatatii agricole individuale,Vaslui,2001,Kilograme,3217.0
Orz si orzoaica,Sector privat,Timis,2001,Kilograme,3063.0
Orz si orzoaica,din care: Exploatatii agricole individuale,Sibiu,2001,Kilograme,2059.0
Orz si orzoaica,Sector privat,Dolj,2001,Kilograme,2570.0
Orz si orzoaica,Sector privat,Cluj,2001,Kilograme,2153.0
Orz si orzoaica,din care: Exploatatii agricole individuale,Bacau,2001,Kilograme,2205.0
Orz si orzoaica,Sector privat,Bihor,2001,Kilograme,2829.0
Orz si orzoaica,din care: Exploatatii agricole individuale,Arges,2001,Kilograme,4484.0
Orz si orzoaica,din care: Exploatatii agricole individuale,Calarasi,2001,Kilograme,3494.0
Orz si orzoaica,Sector privat,Maramures,2001,Kilograme,2229.0
Orz si orzoaica,din care: Exploatatii agricole individuale,Timis,2001,Kilograme,3161.0
Orz si orzoaica,din care: Exploatatii agricole individuale,Bihor,2001,Kilograme,2786.0
Orz si orzoaica,Sector privat,Sibiu,2001,Kilograme,2030.0
Orz si orzoaica,Sector privat,Gorj,2001,Kilograme,3627.0
Orz si orzoaica,din care: Exploatatii agricole individuale,Mehedinti,2001,Kilograme,4206.0
Orz si orzoaica,Sector privat,Galati,2001,Kilograme,2319.0
Orz si orzoaica,din care: Exploatatii agricole individuale,Neamt,2001,Kilograme,2449.0
Orz si orzoaica,din care: Exploatatii agricole individuale,Ialomita,2001,Kilograme,3071.0
Orz si orzoaica,din care: Exploatatii agricole individuale,Covasna,2001,Kilograme,2672.0
Orz si orzoaica,din care: Exploatatii agricole individuale,Vrancea,2001,Kilograme,2890.0
Orz si orzoaica,Sector privat,Dambovita,2001,Kilograme,3732.0
Orz si orzoaica,din care: Exploatatii agricole individuale,Bistrita-Nasaud,2001,Kilograme,2001.0
Orz si orzoaica,Sector privat,Mehedinti,2001,Kilograme,4113.0
Orz si orzoaica,Sector privat,Bacau,2001,Kilograme,2426.0
Orz si orzoaica,din care: Exploatatii agricole individuale,Harghita,2001,Kilograme,2251.0
Orz si orzoaica,Sector privat,Satu Mare,2001,Kilograme,2984.0
Orz si orzoaica,din care: Exploatatii agricole individuale,Teleorman,2001,Kilograme,3993.0
Orz si orzoaica,din care: Exploatatii agricole individuale,Arad,2001,Kilograme,2886.0
Orz si orzoaica,Sector privat,Braila,2001,Kilograme,2615.0
Orz si orzoaica,din care: Exploatatii agricole individuale,Mures,2001,Kilograme,2491.0
Orz si orzoaica,din care: Exploatatii agricole individuale,Olt,2001,Kilograme,3779.0
Orz si orzoaica,din care: Exploatatii agricole individuale,Botosani,2001,Kilograme,1802.0
Orz si orzoaica,din care: Exploatatii agricole individuale,Cluj,2001,Kilograme,2155.0
Orz si orzoaica,Sector privat,Giurgiu,2001,Kilograme,3419.0
Orz si orzoaica,Sector privat,Botosani,2001,Kilograme,1770.0
Orz si orzoaica,Sector privat,Salaj,2001,Kilograme,2132.0
Orz si orzoaica,Sector privat,Olt,2001,Kilograme,3665.0
Orz si orzoaica,Sector privat,Vaslui,2001,Kilograme,3059.0
Orz si orzoaica,din care: Exploatatii agricole individuale,Dolj,2001,Kilograme,3176.0
Orz si orzoaica,din care: Exploatatii agricole individuale,Buzau,2001,Kilograme,2605.0
Orz si orzoaica,Sector privat,Buzau,2001,Kilograme,2523.0
Orz si orzoaica,din care: Exploatatii agricole individuale,Maramures,2001,Kilograme,2256.0
Orz si orzoaica,din care: Exploatatii agricole individuale,Salaj,2001,Kilograme,2122.0
Orz si orzoaica,din care: Exploatatii agricole individuale,Municipiul Bucuresti,2001,Kilograme,2290.0
Orz si orzoaica,Sector privat,Ialomita,2001,Kilograme,3133.0
Orz si orzoaica,Sector privat,Tulcea,2001,Kilograme,1868.0
Orz si orzoaica,Sector privat,Valcea,2001,Kilograme,4396.0
Orz si orzoaica,Sector privat,Iasi,2001,Kilograme,3199.0
Orz si orzoaica,Sector privat,Alba,2001,Kilograme,2116.0
Orz si orzoaica,Sector privat,Ilfov,2001,Kilograme,3493.0
Orz si orzoaica,din care: Exploatatii agricole individuale,Caras-Severin,2001,Kilograme,3503.0
Orz si orzoaica,din care: Exploatatii agricole individuale,Tulcea,2001,Kilograme,1745.0
Orz si orzoaica,Sector privat,Brasov,2001,Kilograme,2735.0
Orz si orzoaica,din care: Exploatatii agricole individuale,Giurgiu,2001,Kilograme,3481.0
Orz si orzoaica,din care: Exploatatii agricole individuale,Iasi,2001,Kilograme,3517.0
Orz si orzoaica,din care: Exploatatii agricole individuale,Satu Mare,2001,Kilograme,2783.0
Orz si orzoaica,Sector privat,Arad,2001,Kilograme,3127.0
Orz si orzoaica,din care: Exploatatii agricole individuale,Gorj,2001,Kilograme,3629.0
Orz si orzoaica,Sector privat,Neamt,2001,Kilograme,2567.0
Orz si orzoaica,din care: Exploatatii agricole individuale,Dambovita,2001,Kilograme,3776.0
Orz si orzoaica,Sector privat,Teleorman,2001,Kilograme,4120.0
Orz si orzoaica,din care: Exploatatii agricole individuale,Galati,2001,Kilograme,2403.0
Orz si orzoaica,Sector privat,Ilfov,2002,Kilograme,851.0
Orz si orzoaica,Sector privat,Constanta,2002,Kilograme,1842.0
Orz si orzoaica,Sector privat,Covasna,2002,Kilograme,2403.0
Orz si orzoaica,Sector privat,Vrancea,2002,Kilograme,1414.0
Orz si orzoaica,din care: Exploatatii agricole individuale,Ilfov,2002,Kilograme,963.0
Orz si orzoaica,Sector privat,Maramures,2002,Kilograme,1870.0
Orz si orzoaica,din care: Exploatatii agricole individuale,Tulcea,2002,Kilograme,3210.0
Orz si orzoaica,Sector privat,Bihor,2002,Kilograme,2516.0
Orz si orzoaica,din care: Exploatatii agricole individuale,Alba,2002,Kilograme,2096.0
Orz si orzoaica,din care: Exploatatii agricole individuale,Hunedoara,2002,Kilograme,1861.0
Orz si orzoaica,Sector privat,Harghita,2002,Kilograme,1846.0
Orz si orzoaica,Sector privat,Hunedoara,2002,Kilograme,1752.0
Orz si orzoaica,din care: Exploatatii agricole individuale,Dambovita,2002,Kilograme,1602.0
Orz si orzoaica,Sector privat,Municipiul Bucuresti,2002,Kilograme,1000.0
Orz si orzoaica,Sector privat,Arges,2002,Kilograme,1702.0
Orz si orzoaica,Sector privat,Bistrita-Nasaud,2002,Kilograme,2070.0
Orz si orzoaica,din care: Exploatatii agricole individuale,Brasov,2002,Kilograme,2148.0
Orz si orzoaica,Sector privat,Mures,2002,Kilograme,2351.0
Orz si orzoaica,Sector privat,Timis,2002,Kilograme,2749.0
Orz si orzoaica,Sector privat,Dolj,2002,Kilograme,171.0
Orz si orzoaica,din care: Exploatatii agricole individuale,Sibiu,2002,Kilograme,2341.0
Orz si orzoaica,Sector privat,Caras-Severin,2002,Kilograme,2782.0
Orz si orzoaica,din care: Exploatatii agricole individuale,Municipiul Bucuresti,2002,Kilograme,1114.0
Orz si orzoaica,din care: Exploatatii agricole individuale,Bacau,2002,Kilograme,1896.0
Orz si orzoaica,Sector privat,Calarasi,2002,Kilograme,2506.0
Orz si orzoaica,din care: Exploatatii agricole individuale,Timis,2002,Kilograme,3160.0
Orz si orzoaica,din care: Exploatatii agricole individuale,Suceava,2002,Kilograme,1981.0
Orz si orzoaica,din care: Exploatatii agricole individuale,Calarasi,2002,Kilograme,1782.0
Orz si orzoaica,din care: Exploatatii agricole individuale,Vaslui,2002,Kilograme,2022.0
Orz si orzoaica,din care: Exploatatii agricole individuale,Constanta,2002,Kilograme,1782.0
Orz si orzoaica,din care: Exploatatii agricole individuale,Bihor,2002,Kilograme,2736.0
Orz si orzoaica,Sector privat,Sibiu,2002,Kilograme,2283.0
Orz si orzoaica,din care: Exploatatii agricole individuale,Mehedinti,2002,Kilograme,1837.0
Orz si orzoaica,Sector privat,Gorj,2002,Kilograme,824.0
Orz si orzoaica,din care: Exploatatii agricole individuale,Covasna,2002,Kilograme,2402.0
Orz si orzoaica,Sector privat,Galati,2002,Kilograme,1973.0
Orz si orzoaica,din care: Exploatatii agricole individuale,Vrancea,2002,Kilograme,1252.0
Orz si orzoaica,Sector privat,Dambovita,2002,Kilograme,1410.0
Orz si orzoaica,din care: Exploatatii agricole individuale,Braila,2002,Kilograme,1642.0
Orz si orzoaica,din care: Exploatatii agricole individuale,Bistrita-Nasaud,2002,Kilograme,2060.0
Orz si orzoaica,Sector privat,Mehedinti,2002,Kilograme,1779.0
Orz si orzoaica,din care: Exploatatii agricole individuale,Galati,2002,Kilograme,1487.0
Orz si orzoaica,Sector privat,Bacau,2002,Kilograme,2113.0
Orz si orzoaica,din care: Exploatatii agricole individuale,Arges,2002,Kilograme,1927.0
Orz si orzoaica,din care: Exploatatii agricole individuale,Harghita,2002,Kilograme,1909.0
Orz si orzoaica,Sector privat,Satu Mare,2002,Kilograme,2743.0
Orz si orzoaica,din care: Exploatatii agricole individuale,Ialomita,2002,Kilograme,1908.0
Orz si orzoaica,din care: Exploatatii agricole individuale,Olt,2002,Kilograme,1670.0
Orz si orzoaica,din care: Exploatatii agricole individuale,Cluj,2002,Kilograme,1946.0
Orz si orzoaica,din care: Exploatatii agricole individuale,Botosani,2002,Kilograme,1739.0
Orz si orzoaica,Sector privat,Giurgiu,2002,Kilograme,1823.0
Orz si orzoaica,Sector privat,Botosani,2002,Kilograme,1702.0
Orz si orzoaica,din care: Exploatatii agricole individuale,Neamt,2002,Kilograme,2208.0
Orz si orzoaica,Sector privat,Vaslui,2002,Kilograme,2008.0
Orz si orzoaica,Sector privat,Salaj,2002,Kilograme,2021.0
Orz si orzoaica,Sector privat,Olt,2002,Kilograme,1287.0
Orz si orzoaica,din care: Exploatatii agricole individuale,Dolj,2002,Kilograme,136.0
Orz si orzoaica,din care: Exploatatii agricole individuale,Valcea,2002,Kilograme,1853.0
Orz si orzoaica,Sector privat,Ialomita,2002,Kilograme,1471.0
Orz si orzoaica,din care: Exploatatii agricole individuale,Arad,2002,Kilograme,2766.0
Orz si orzoaica,din care: Exploatatii agricole individuale,Maramures,2002,Kilograme,1874.0
Orz si orzoaica,Sector privat,Tulcea,2002,Kilograme,2066.0
Orz si orzoaica,Sector privat,Iasi,2002,Kilograme,2590.0
Orz si orzoaica,Sector privat,Alba,2002,Kilograme,2162.0
Orz si orzoaica,Sector privat,Suceava,2002,Kilograme,1964.0
Orz si orzoaica,Sector privat,Valcea,2002,Kilograme,1850.0
Orz si orzoaica,din care: Exploatatii agricole individuale,Teleorman,2002,Kilograme,1783.0
Orz si orzoaica,Sector privat,Prahova,2002,Kilograme,791.0
Orz si orzoaica,din care: Exploatatii agricole individuale,Mures,2002,Kilograme,2331.0
Orz si orzoaica,Sector privat,Braila,2002,Kilograme,2394.0
Orz si orzoaica,din care: Exploatatii agricole individuale,Caras-Severin,2002,Kilograme,2786.0
Orz si orzoaica,din care: Exploatatii agricole individuale,Iasi,2002,Kilograme,2231.0
Orz si orzoaica,din care: Exploatatii agricole individuale,Giurgiu,2002,Kilograme,1473.0
Orz si orzoaica,Sector privat,Buzau,2002,Kilograme,372.0
Orz si orzoaica,din care: Exploatatii agricole individuale,Satu Mare,2002,Kilograme,2319.0
Orz si orzoaica,Sector privat,Arad,2002,Kilograme,2470.0
Orz si orzoaica,din care: Exploatatii agricole individuale,Buzau,2002,Kilograme,324.0
Orz si orzoaica,Sector privat,Neamt,2002,Kilograme,2263.0
Orz si orzoaica,Sector privat,Brasov,2002,Kilograme,2093.0
Orz si orzoaica,din care: Exploatatii agricole individuale,Gorj,2002,Kilograme,824.0
Orz si orzoaica,Sector privat,Teleorman,2002,Kilograme,2283.0
Orz si orzoaica,din care: Exploatatii agricole individuale,Salaj,2002,Kilograme,2049.0
Orz si orzoaica,din care: Exploatatii agricole individuale,Prahova,2002,Kilograme,729.0
Orz si orzoaica,Sector privat,Cluj,2002,Kilograme,2010.0
Orz si orzoaica,Sector privat,Ilfov,2003,Kilograme,780.0
Orz si orzoaica,din care: Exploatatii agricole individuale,Maramures,2003,Kilograme,1732.0
Orz si orzoaica,Sector privat,Braila,2003,Kilograme,1171.0
Orz si orzoaica,din care: Exploatatii agricole individuale,Ilfov,2003,Kilograme,899.0
Orz si orzoaica,din care: Exploatatii agricole individuale,Constanta,2003,Kilograme,1072.0
Orz si orzoaica,din care: Exploatatii agricole individuale,Mures,2003,Kilograme,2076.0
Orz si orzoaica,din care: Exploatatii agricole individuale,Alba,2003,Kilograme,1742.0
Orz si orzoaica,Sector privat,Bihor,2003,Kilograme,2300.0
Orz si orzoaica,din care: Exploatatii agricole individuale,Suceava,2003,Kilograme,1151.0
Orz si orzoaica,din care: Exploatatii agricole individuale,Neamt,2003,Kilograme,1199.0
Orz si orzoaica,din care: Exploatatii agricole individuale,Hunedoara,2003,Kilograme,1939.0
Orz si orzoaica,Sector privat,Harghita,2003,Kilograme,1349.0
Orz si orzoaica,Sector privat,Hunedoara,2003,Kilograme,1908.0
Orz si orzoaica,Sector privat,Municipiul Bucuresti,2003,Kilograme,927.0
Orz si orzoaica,Sector privat,Arges,2003,Kilograme,1212.0
Orz si orzoaica,Sector privat,Bistrita-Nasaud,2003,Kilograme,1722.0
Orz si orzoaica,din care: Exploatatii agricole individuale,Brasov,2003,Kilograme,1945.0
Orz si orzoaica,din care: Exploatatii agricole individuale,Dambovita,2003,Kilograme,1139.0
Orz si orzoaica,Sector privat,Mures,2003,Kilograme,2017.0
Orz si orzoaica,Sector privat,Timis,2003,Kilograme,2800.0
Orz si orzoaica,din care: Exploatatii agricole individuale,Teleorman,2003,Kilograme,577.0
Orz si orzoaica,Sector privat,Covasna,2003,Kilograme,1790.0
Orz si orzoaica,din care: Exploatatii agricole individuale,Sibiu,2003,Kilograme,2297.0
Orz si orzoaica,Sector privat,Cluj,2003,Kilograme,1329.0
Orz si orzoaica,din care: Exploatatii agricole individuale,Municipiul Bucuresti,2003,Kilograme,927.0
Orz si orzoaica,Sector privat,Vrancea,2003,Kilograme,891.0
Orz si orzoaica,din care: Exploatatii agricole individuale,Bacau,2003,Kilograme,956.0
Orz si orzoaica,Sector privat,Calarasi,2003,Kilograme,1298.0
Orz si orzoaica,din care: Exploatatii agricole individuale,Arges,2003,Kilograme,1484.0
Orz si orzoaica,din care: Exploatatii agricole individuale,Timis,2003,Kilograme,3187.0
Orz si orzoaica,Sector privat,Maramures,2003,Kilograme,1735.0
Orz si orzoaica,Sector privat,Sibiu,2003,Kilograme,2155.0
Orz si orzoaica,din care: Exploatatii agricole individuale,Calarasi,2003,Kilograme,1010.0
Orz si orzoaica,din care: Exploatatii agricole individuale,Bihor,2003,Kilograme,2484.0
Orz si orzoaica,Sector privat,Buzau,2003,Kilograme,598.0
Orz si orzoaica,Sector privat,Gorj,2003,Kilograme,1200.0
Orz si orzoaica,din care: Exploatatii agricole individuale,Mehedinti,2003,Kilograme,1670.0
Orz si orzoaica,Sector privat,Galati,2003,Kilograme,1581.0
Orz si orzoaica,din care: Exploatatii agricole individuale,Vaslui,2003,Kilograme,636.0
Orz si orzoaica,din care: Exploatatii agricole individuale,Covasna,2003,Kilograme,1787.0
Orz si orzoaica,din care: Exploatatii agricole individuale,Vrancea,2003,Kilograme,837.0
Orz si orzoaica,Sector privat,Dambovita,2003,Kilograme,1070.0
Orz si orzoaica,din care: Exploatatii agricole individuale,Valcea,2003,Kilograme,1734.0
Orz si orzoaica,din care: Exploatatii agricole individuale,Bistrita-Nasaud,2003,Kilograme,1735.0
Orz si orzoaica,din care: Exploatatii agricole individuale,Braila,2003,Kilograme,970.0
Orz si orzoaica,Sector privat,Mehedinti,2003,Kilograme,1645.0
Orz si orzoaica,Sector privat,Bacau,2003,Kilograme,1037.0
Orz si orzoaica,din care: Exploatatii agricole individuale,Harghita,2003,Kilograme,1374.0
Orz si orzoaica,Sector privat,Satu Mare,2003,Kilograme,1997.0
Orz si orzoaica,din care: Exploatatii agricole individuale,Olt,2003,Kilograme,1023.0
Orz si orzoaica,din care: Exploatatii agricole individuale,Ialomita,2003,Kilograme,1054.0
Orz si orzoaica,din care: Exploatatii agricole individuale,Botosani,2003,Kilograme,669.0
Orz si orzoaica,Sector privat,Giurgiu,2003,Kilograme,602.0
Orz si orzoaica,din care: Exploatatii agricole individuale,Cluj,2003,Kilograme,1285.0
Orz si orzoaica,Sector privat,Botosani,2003,Kilograme,693.0
Orz si orzoaica,Sector privat,Vaslui,2003,Kilograme,684.0
Orz si orzoaica,Sector privat,Olt,2003,Kilograme,934.0
Orz si orzoaica,Sector privat,Salaj,2003,Kilograme,1801.0
Orz si orzoaica,din care: Exploatatii agricole individuale,Dolj,2003,Kilograme,836.0
Orz si orzoaica,Sector privat,Ialomita,2003,Kilograme,1646.0
Orz si orzoaica,din care: Exploatatii agricole individuale,Arad,2003,Kilograme,2399.0
Orz si orzoaica,Sector privat,Tulcea,2003,Kilograme,813.0
Orz si orzoaica,Sector privat,Iasi,2003,Kilograme,526.0
Orz si orzoaica,din care: Exploatatii agricole individuale,Galati,2003,Kilograme,1698.0
Orz si orzoaica,din care: Exploatatii agricole individuale,Prahova,2003,Kilograme,698.0
Orz si orzoaica,Sector privat,Alba,2003,Kilograme,1636.0
Orz si orzoaica,Sector privat,Valcea,2003,Kilograme,1519.0
Orz si orzoaica,Sector privat,Prahova,2003,Kilograme,892.0
Orz si orzoaica,Sector privat,Constanta,2003,Kilograme,1127.0
Orz si orzoaica,din care: Exploatatii agricole individuale,Iasi,2003,Kilograme,501.0
Orz si orzoaica,din care: Exploatatii agricole individuale,Tulcea,2003,Kilograme,644.0
Orz si orzoaica,din care: Exploatatii agricole individuale,Giurgiu,2003,Kilograme,355.0
Orz si orzoaica,Sector privat,Arad,2003,Kilograme,2300.0
Orz si orzoaica,din care: Exploatatii agricole individuale,Satu Mare,2003,Kilograme,1837.0
Orz si orzoaica,din care: Exploatatii agricole individuale,Buzau,2003,Kilograme,541.0
Orz si orzoaica,din care: Exploatatii agricole individuale,Gorj,2003,Kilograme,1200.0
Orz si orzoaica,Sector privat,Brasov,2003,Kilograme,1949.0
Orz si orzoaica,din care: Exploatatii agricole individuale,Caras-Severin,2003,Kilograme,2229.0
Orz si orzoaica,Sector privat,Neamt,2003,Kilograme,1140.0
Orz si orzoaica,Sector privat,Teleorman,2003,Kilograme,966.0
Orz si orzoaica,din care: Exploatatii agricole individuale,Salaj,2003,Kilograme,1819.0
Orz si orzoaica,Sector privat,Caras-Severin,2003,Kilograme,2210.0
Orz si orzoaica,Sector privat,Suceava,2003,Kilograme,1128.0
Orz si orzoaica,Sector privat,Dolj,2003,Kilograme,822.0
Orz si orzoaica,Sector privat,Covasna,2004,Kilograme,2600.0
Orz si orzoaica,Sector privat,Iasi,2004,Kilograme,2204.0
Orz si orzoaica,din care: Exploatatii agricole individuale,Prahova,2004,Kilograme,3783.0
Orz si orzoaica,din care: Exploatatii agricole individuale,Sibiu,2004,Kilograme,2609.0
Orz si orzoaica,Sector privat,Alba,2004,Kilograme,3425.0
Orz si orzoaica,din care: Exploatatii agricole individuale,Ilfov,2004,Kilograme,3155.0
Orz si orzoaica,Sector privat,Vrancea,2004,Kilograme,2487.0
Orz si orzoaica,Sector privat,Bihor,2004,Kilograme,3381.0
Orz si orzoaica,din care: Exploatatii agricole individuale,Alba,2004,Kilograme,3601.0
Orz si orzoaica,din care: Exploatatii agricole individuale,Suceava,2004,Kilograme,2190.0
Orz si orzoaica,din care: Exploatatii agricole individuale,Neamt,2004,Kilograme,2266.0
Orz si orzoaica,Sector privat,Harghita,2004,Kilograme,2543.0
Orz si orzoaica,Sector privat,Hunedoara,2004,Kilograme,2597.0
Orz si orzoaica,din care: Exploatatii agricole individuale,Hunedoara,2004,Kilograme,2713.0
Orz si orzoaica,Sector privat,Municipiul Bucuresti,2004,Kilograme,2481.0
Orz si orzoaica,Sector privat,Arges,2004,Kilograme,3714.0
Orz si orzoaica,Sector privat,Bistrita-Nasaud,2004,Kilograme,2525.0
Orz si orzoaica,din care: Exploatatii agricole individuale,Dambovita,2004,Kilograme,3749.0
Orz si orzoaica,din care: Exploatatii agricole individuale,Brasov,2004,Kilograme,3029.0
Orz si orzoaica,din care: Exploatatii agricole individuale,Teleorman,2004,Kilograme,3903.0
Orz si orzoaica,Sector privat,Mures,2004,Kilograme,3328.0
Orz si orzoaica,Sector privat,Caras-Severin,2004,Kilograme,3626.0
Orz si orzoaica,Sector privat,Timis,2004,Kilograme,3902.0
Orz si orzoaica,Sector privat,Dolj,2004,Kilograme,3636.0
Orz si orzoaica,Sector privat,Ilfov,2004,Kilograme,3310.0
Orz si orzoaica,din care: Exploatatii agricole individuale,Constanta,2004,Kilograme,3131.0
Orz si orzoaica,din care: Exploatatii agricole individuale,Municipiul Bucuresti,2004,Kilograme,2913.0
Orz si orzoaica,din care: Exploatatii agricole individuale,Tulcea,2004,Kilograme,2353.0
Orz si orzoaica,Sector privat,Calarasi,2004,Kilograme,3658.0
Orz si orzoaica,din care: Exploatatii agricole individuale,Bacau,2004,Kilograme,3178.0
Orz si orzoaica,din care: Exploatatii agricole individuale,Timis,2004,Kilograme,3995.0
Orz si orzoaica,Sector privat,Sibiu,2004,Kilograme,2564.0
Orz si orzoaica,Sector privat,Maramures,2004,Kilograme,2764.0
Orz si orzoaica,din care: Exploatatii agricole individuale,Calarasi,2004,Kilograme,3272.0
Orz si orzoaica,Sector privat,Buzau,2004,Kilograme,2609.0
Orz si orzoaica,din care: Exploatatii agricole individuale,Bihor,2004,Kilograme,3401.0
Orz si orzoaica,din care: Exploatatii agricole individuale,Mehedinti,2004,Kilograme,3804.0
Orz si orzoaica,Sector privat,Gorj,2004,Kilograme,3659.0
Orz si orzoaica,din care: Exploatatii agricole individuale,Vaslui,2004,Kilograme,2679.0
Orz si orzoaica,din care: Exploatatii agricole individuale,Covasna,2004,Kilograme,2554.0
Orz si orzoaica,Sector privat,Galati,2004,Kilograme,2839.0
Orz si orzoaica,Sector privat,Dambovita,2004,Kilograme,3375.0
Orz si orzoaica,din care: Exploatatii agricole individuale,Vrancea,2004,Kilograme,2491.0
Orz si orzoaica,din care: Exploatatii agricole individuale,Braila,2004,Kilograme,2657.0
Orz si orzoaica,din care: Exploatatii agricole individuale,Valcea,2004,Kilograme,4602.0
Orz si orzoaica,din care: Exploatatii agricole individuale,Bistrita-Nasaud,2004,Kilograme,2545.0
Orz si orzoaica,Sector privat,Bacau,2004,Kilograme,3202.0
Orz si orzoaica,Sector privat,Mehedinti,2004,Kilograme,3804.0
Orz si orzoaica,din care: Exploatatii agricole individuale,Harghita,2004,Kilograme,2652.0
Orz si orzoaica,Sector privat,Satu Mare,2004,Kilograme,3782.0
Orz si orzoaica,Sector privat,Braila,2004,Kilograme,2944.0
Orz si orzoaica,din care: Exploatatii agricole individuale,Ialomita,2004,Kilograme,1731.0
Orz si orzoaica,din care: Exploatatii agricole individuale,Olt,2004,Kilograme,3474.0
Orz si orzoaica,din care: Exploatatii agricole individuale,Botosani,2004,Kilograme,1410.0
Orz si orzoaica,Sector privat,Giurgiu,2004,Kilograme,3237.0
Orz si orzoaica,din care: Exploatatii agricole individuale,Cluj,2004,Kilograme,2831.0
Orz si orzoaica,din care: Exploatatii agricole individuale,Arges,2004,Kilograme,3940.0
Orz si orzoaica,Sector privat,Olt,2004,Kilograme,3417.0
Orz si orzoaica,Sector privat,Botosani,2004,Kilograme,1515.0
Orz si orzoaica,Sector privat,Salaj,2004,Kilograme,2693.0
Orz si orzoaica,din care: Exploatatii agricole individuale,Dolj,2004,Kilograme,3485.0
Orz si orzoaica,Sector privat,Ialomita,2004,Kilograme,2713.0
Orz si orzoaica,Sector privat,Tulcea,2004,Kilograme,2469.0
Orz si orzoaica,din care: Exploatatii agricole individuale,Galati,2004,Kilograme,2699.0
Orz si orzoaica,din care: Exploatatii agricole individuale,Caras-Severin,2004,Kilograme,3253.0
Orz si orzoaica,din care: Exploatatii agricole individuale,Maramures,2004,Kilograme,2781.0
Orz si orzoaica,Sector privat,Valcea,2004,Kilograme,4563.0
Orz si orzoaica,Sector privat,Suceava,2004,Kilograme,2247.0
Orz si orzoaica,Sector privat,Prahova,2004,Kilograme,3629.0
Orz si orzoaica,Sector privat,Vaslui,2004,Kilograme,3294.0
Orz si orzoaica,din care: Exploatatii agricole individuale,Mures,2004,Kilograme,3329.0
Orz si orzoaica,din care: Exploatatii agricole individuale,Iasi,2004,Kilograme,1994.0
Orz si orzoaica,din care: Exploatatii agricole individuale,Giurgiu,2004,Kilograme,3380.0
Orz si orzoaica,Sector privat,Constanta,2004,Kilograme,3218.0
Orz si orzoaica,din care: Exploatatii agricole individuale,Buzau,2004,Kilograme,2816.0
Orz si orzoaica,Sector privat,Arad,2004,Kilograme,3928.0
Orz si orzoaica,din care: Exploatatii agricole individuale,Satu Mare,2004,Kilograme,3016.0
Orz si orzoaica,din care: Exploatatii agricole individuale,Gorj,2004,Kilograme,3681.0
Orz si orzoaica,din care: Exploatatii agricole individuale,Arad,2004,Kilograme,3650.0
Orz si orzoaica,Sector privat,Brasov,2004,Kilograme,3003.0
Orz si orzoaica,Sector privat,Neamt,2004,Kilograme,2101.0
Orz si orzoaica,Sector privat,Teleorman,2004,Kilograme,3972.0
Orz si orzoaica,din care: Exploatatii agricole individuale,Salaj,2004,Kilograme,2693.0
Orz si orzoaica,Sector privat,Cluj,2004,Kilograme,2861.0
Orz si orzoaica,din care: Exploatatii agricole individuale,Botosani,2005,Kilograme,1917.0
Orz si orzoaica,Sector privat,Galati,2005,Kilograme,2021.0
Orz si orzoaica,Sector privat,Caras-Severin,2005,Kilograme,2728.0
Orz si orzoaica,Sector privat,Dolj,2005,Kilograme,2877.0
Orz si orzoaica,din care: Exploatatii agricole individuale,Arges,2005,Kilograme,2380.0
Orz si orzoaica,din care: Exploatatii agricole individuale,Cluj,2005,Kilograme,2329.0
Orz si orzoaica,din care: Exploatatii agricole individuale,Sibiu,2005,Kilograme,2229.0
Orz si orzoaica,din care: Exploatatii agricole individuale,Dolj,2005,Kilograme,3048.0
Orz si orzoaica,Sector privat,Botosani,2005,Kilograme,1988.0
Orz si orzoaica,Sector privat,Salaj,2005,Kilograme,2528.0
Orz si orzoaica,Sector privat,Olt,2005,Kilograme,2186.0
Orz si orzoaica,Sector privat,Ialomita,2005,Kilograme,1495.0
Orz si orzoaica,Sector privat,Tulcea,2005,Kilograme,1616.0
Orz si orzoaica,din care: Exploatatii agricole individuale,Galati,2005,Kilograme,2022.0
Orz si orzoaica,Sector privat,Iasi,2005,Kilograme,2108.0
Orz si orzoaica,din care: Exploatatii agricole individuale,Maramures,2005,Kilograme,1912.0
Orz si orzoaica,Sector privat,Valcea,2005,Kilograme,3016.0
Orz si orzoaica,Sector privat,Alba,2005,Kilograme,2094.0
Orz si orzoaica,Sector privat,Prahova,2005,Kilograme,1805.0
Orz si orzoaica,Sector privat,Suceava,2005,Kilograme,1669.0
Orz si orzoaica,din care: Exploatatii agricole individuale,Iasi,2005,Kilograme,2156.0
Orz si orzoaica,din care: Exploatatii agricole individuale,Prahova,2005,Kilograme,2043.0
Orz si orzoaica,din care: Exploatatii agricole individuale,Harghita,2005,Kilograme,1855.0
Orz si orzoaica,din care: Exploatatii agricole individuale,Buzau,2005,Kilograme,1779.0
Orz si orzoaica,din care: Exploatatii agricole individuale,Gorj,2005,Kilograme,2886.0
Orz si orzoaica,din care: Exploatatii agricole individuale,Satu Mare,2005,Kilograme,2457.0
Orz si orzoaica,Sector privat,Arad,2005,Kilograme,2693.0
Orz si orzoaica,din care: Exploatatii agricole individuale,Arad,2005,Kilograme,2977.0
Orz si orzoaica,Sector privat,Neamt,2005,Kilograme,2361.0
Orz si orzoaica,Sector privat,Brasov,2005,Kilograme,1939.0
Orz si orzoaica,Sector privat,Covasna,2005,Kilograme,2117.0
Orz si orzoaica,din care: Exploatatii agricole individuale,Mures,2005,Kilograme,2789.0
Orz si orzoaica,din care: Exploatatii agricole individuale,Ilfov,2005,Kilograme,3579.0
Orz si orzoaica,din care: Exploatatii agricole individuale,Alba,2005,Kilograme,1934.0
Orz si orzoaica,Sector privat,Bihor,2005,Kilograme,2659.0
Orz si orzoaica,Sector privat,Vrancea,2005,Kilograme,1911.0
Orz si orzoaica,din care: Exploatatii agricole individuale,Giurgiu,2005,Kilograme,2260.0
Orz si orzoaica,Sector privat,Harghita,2005,Kilograme,1692.0
Orz si orzoaica,din care: Exploatatii agricole individuale,Neamt,2005,Kilograme,2328.0
Orz si orzoaica,din care: Exploatatii agricole individuale,Hunedoara,2005,Kilograme,1753.0
Orz si orzoaica,Sector privat,Hunedoara,2005,Kilograme,1671.0
Orz si orzoaica,Sector privat,Municipiul Bucuresti,2005,Kilograme,4014.0
Orz si orzoaica,din care: Exploatatii agricole individuale,Brasov,2005,Kilograme,1998.0
Orz si orzoaica,Sector privat,Bistrita-Nasaud,2005,Kilograme,2281.0
Orz si orzoaica,Sector privat,Arges,2005,Kilograme,2117.0
Orz si orzoaica,din care: Exploatatii agricole individuale,Dambovita,2005,Kilograme,2918.0
Orz si orzoaica,din care: Exploatatii agricole individuale,Suceava,2005,Kilograme,1578.0
Orz si orzoaica,din care: Exploatatii agricole individuale,Teleorman,2005,Kilograme,2340.0
Orz si orzoaica,Sector privat,Mures,2005,Kilograme,2677.0
Orz si orzoaica,Sector privat,Cluj,2005,Kilograme,2360.0
Orz si orzoaica,Sector privat,Timis,2005,Kilograme,2834.0
Orz si orzoaica,Sector privat,Ilfov,2005,Kilograme,2653.0
Orz si orzoaica,din care: Exploatatii agricole individuale,Municipiul Bucuresti,2005,Kilograme,2556.0
Orz si orzoaica,Sector privat,Calarasi,2005,Kilograme,1932.0
Orz si orzoaica,din care: Exploatatii agricole individuale,Tulcea,2005,Kilograme,1517.0
Orz si orzoaica,din care: Exploatatii agricole individuale,Constanta,2005,Kilograme,2039.0
Orz si orzoaica,din care: Exploatatii agricole individuale,Timis,2005,Kilograme,2901.0
Orz si orzoaica,din care: Exploatatii agricole individuale,Calarasi,2005,Kilograme,2186.0
Orz si orzoaica,Sector privat,Buzau,2005,Kilograme,1492.0
Orz si orzoaica,din care: Exploatatii agricole individuale,Mehedinti,2005,Kilograme,3082.0
Orz si orzoaica,din care: Exploatatii agricole individuale,Bihor,2005,Kilograme,2610.0
Orz si orzoaica,Sector privat,Gorj,2005,Kilograme,2857.0
Orz si orzoaica,Sector privat,Maramures,2005,Kilograme,1924.0
Orz si orzoaica,Sector privat,Sibiu,2005,Kilograme,2042.0
Orz si orzoaica,din care: Exploatatii agricole individuale,Salaj,2005,Kilograme,2557.0
Orz si orzoaica,din care: Exploatatii agricole individuale,Vaslui,2005,Kilograme,2782.0
Orz si orzoaica,din care: Exploatatii agricole individuale,Vrancea,2005,Kilograme,1150.0
Orz si orzoaica,Sector privat,Dambovita,2005,Kilograme,2803.0
Orz si orzoaica,din care: Exploatatii agricole individuale,Valcea,2005,Kilograme,3018.0
Orz si orzoaica,Sector privat,Bacau,2005,Kilograme,2222.0
Orz si orzoaica,din care: Exploatatii agricole individuale,Bistrita-Nasaud,2005,Kilograme,2326.0
Orz si orzoaica,din care: Exploatatii agricole individuale,Braila,2005,Kilograme,2728.0
Orz si orzoaica,din care: Exploatatii agricole individuale,Ialomita,2005,Kilograme,2018.0
Orz si orzoaica,Sector privat,Mehedinti,2005,Kilograme,3052.0
Orz si orzoaica,Sector privat,Satu Mare,2005,Kilograme,2676.0
Orz si orzoaica,Sector privat,Braila,2005,Kilograme,2303.0
Orz si orzoaica,din care: Exploatatii agricole individuale,Olt,2005,Kilograme,2259.0
Orz si orzoaica,Sector privat,Giurgiu,2005,Kilograme,1913.0
Orz si orzoaica,din care: Exploatatii agricole individuale,Caras-Severin,2005,Kilograme,2778.0
Orz si orzoaica,din care: Exploatatii agricole individuale,Covasna,2005,Kilograme,2130.0
Orz si orzoaica,Sector privat,Teleorman,2005,Kilograme,2350.0
Orz si orzoaica,din care: Exploatatii agricole individuale,Bacau,2005,Kilograme,2197.0
Orz si orzoaica,Sector privat,Vaslui,2005,Kilograme,2226.0
Orz si orzoaica,Sector privat,Constanta,2005,Kilograme,1919.0
Orz si orzoaica,Sector privat,Botosani,2006,Kilograme,1643.0
Orz si orzoaica,Sector privat,Maramures,2006,Kilograme,2206.0
Orz si orzoaica,Sector privat,Salaj,2006,Kilograme,2258.0
Orz si orzoaica,din care: Exploatatii agricole individuale,Dolj,2006,Kilograme,2296.0
Orz si orzoaica,din care: Exploatatii agricole individuale,Bacau,2006,Kilograme,1799.0
Orz si orzoaica,Sector privat,Ialomita,2006,Kilograme,2627.0
Orz si orzoaica,Sector privat,Tulcea,2006,Kilograme,1887.0
Orz si orzoaica,din care: Exploatatii agricole individuale,Galati,2006,Kilograme,1573.0
Orz si orzoaica,din care: Exploatatii agricole individuale,Maramures,2006,Kilograme,2211.0
Orz si orzoaica,Sector privat,Iasi,2006,Kilograme,2181.0
Orz si orzoaica,din care: Exploatatii agricole individuale,Prahova,2006,Kilograme,1928.0
Orz si orzoaica,Sector privat,Valcea,2006,Kilograme,3007.0
Orz si orzoaica,Sector privat,Prahova,2006,Kilograme,1861.0
Orz si orzoaica,din care: Exploatatii agricole individuale,Arad,2006,Kilograme,2837.0
Orz si orzoaica,din care: Exploatatii agricole individuale,Valcea,2006,Kilograme,3007.0
Orz si orzoaica,din care: Exploatatii agricole individuale,Mures,2006,Kilograme,2242.0
Orz si orzoaica,din care: Exploatatii agricole individuale,Iasi,2006,Kilograme,2186.0
Orz si orzoaica,Sector privat,Constanta,2006,Kilograme,2520.0
Orz si orzoaica,din care: Exploatatii agricole individuale,Harghita,2006,Kilograme,1763.0
Orz si orzoaica,din care: Exploatatii agricole individuale,Satu Mare,2006,Kilograme,2726.0
Orz si orzoaica,din care: Exploatatii agricole individuale,Buzau,2006,Kilograme,1789.0
Orz si orzoaica,Sector privat,Olt,2006,Kilograme,2234.0
Orz si orzoaica,Sector privat,Brasov,2006,Kilograme,2294.0
Orz si orzoaica,Sector privat,Neamt,2006,Kilograme,2141.0
Orz si orzoaica,din care: Exploatatii agricole individuale,Covasna,2006,Kilograme,2554.0
Orz si orzoaica,Sector privat,Teleorman,2006,Kilograme,2401.0
Orz si orzoaica,din care: Exploatatii agricole individuale,Salaj,2006,Kilograme,2330.0
Orz si orzoaica,Sector privat,Vaslui,2006,Kilograme,2297.0
Orz si orzoaica,din care: Exploatatii agricole individuale,Braila,2006,Kilograme,2218.0
Orz si orzoaica,Sector privat,Timis,2006,Kilograme,2676.0
Orz si orzoaica,Sector privat,Suceava,2006,Kilograme,2093.0
Orz si orzoaica,Sector privat,Alba,2006,Kilograme,2313.0
Orz si orzoaica,din care: Exploatatii agricole individuale,Gorj,2006,Kilograme,2545.0
Orz si orzoaica,Sector privat,Covasna,2006,Kilograme,2564.0
Orz si orzoaica,Sector privat,Bihor,2006,Kilograme,2222.0
Orz si orzoaica,Sector privat,Ilfov,2006,Kilograme,2614.0
Orz si orzoaica,din care: Exploatatii agricole individuale,Alba,2006,Kilograme,2359.0
Orz si orzoaica,din care: Exploatatii agricole individuale,Ilfov,2006,Kilograme,2784.0
Orz si orzoaica,Sector privat,Vrancea,2006,Kilograme,1670.0
Orz si orzoaica,din care: Exploatatii agricole individuale,Giurgiu,2006,Kilograme,2005.0
Orz si orzoaica,Sector privat,Harghita,2006,Kilograme,1733.0
Orz si orzoaica,din care: Exploatatii agricole individuale,Neamt,2006,Kilograme,2052.0
Orz si orzoaica,Sector privat,Hunedoara,2006,Kilograme,2289.0
Orz si orzoaica,din care: Exploatatii agricole individuale,Hunedoara,2006,Kilograme,2292.0
Orz si orzoaica,Sector privat,Bistrita-Nasaud,2006,Kilograme,1924.0
Orz si orzoaica,Sector privat,Municipiul Bucuresti,2006,Kilograme,1782.0
Orz si orzoaica,Sector privat,Arges,2006,Kilograme,2791.0
Orz si orzoaica,Sector privat,Buzau,2006,Kilograme,2039.0
Orz si orzoaica,din care: Exploatatii agricole individuale,Dambovita,2006,Kilograme,2663.0
Orz si orzoaica,din care: Exploatatii agricole individuale,Suceava,2006,Kilograme,2106.0
Orz si orzoaica,din care: Exploatatii agricole individuale,Brasov,2006,Kilograme,2266.0
Orz si orzoaica,Sector privat,Caras-Severin,2006,Kilograme,2481.0
Orz si orzoaica,Sector privat,Cluj,2006,Kilograme,2275.0
Orz si orzoaica,Sector privat,Mures,2006,Kilograme,2237.0
Orz si orzoaica,Sector privat,Dolj,2006,Kilograme,2111.0
Orz si orzoaica,din care: Exploatatii agricole individuale,Tulcea,2006,Kilograme,1812.0
Orz si orzoaica,din care: Exploatatii agricole individuale,Constanta,2006,Kilograme,2382.0
Orz si orzoaica,Sector privat,Calarasi,2006,Kilograme,2213.0
Orz si orzoaica,din care: Exploatatii agricole individuale,Teleorman,2006,Kilograme,2317.0
Orz si orzoaica,din care: Exploatatii agricole individuale,Calarasi,2006,Kilograme,1857.0
Orz si orzoaica,din care: Exploatatii agricole individuale,Caras-Severin,2006,Kilograme,2480.0
Orz si orzoaica,din care: Exploatatii agricole individuale,Bihor,2006,Kilograme,2258.0
Orz si orzoaica,din care: Exploatatii agricole individuale,Mehedinti,2006,Kilograme,1843.0
Orz si orzoaica,din care: Exploatatii agricole individuale,Sibiu,2006,Kilograme,2505.0
Orz si orzoaica,Sector privat,Gorj,2006,Kilograme,2543.0
Orz si orzoaica,Sector privat,Sibiu,2006,Kilograme,2395.0
Orz si orzoaica,din care: Exploatatii agricole individuale,Timis,2006,Kilograme,2603.0
Orz si orzoaica,din care: Exploatatii agricole individuale,Vaslui,2006,Kilograme,2086.0
Orz si orzoaica,Sector privat,Galati,2006,Kilograme,1971.0
Orz si orzoaica,din care: Exploatatii agricole individuale,Vrancea,2006,Kilograme,1617.0
Orz si orzoaica,Sector privat,Dambovita,2006,Kilograme,2268.0
Orz si orzoaica,din care: Exploatatii agricole individuale,Bistrita-Nasaud,2006,Kilograme,1924.0
Orz si orzoaica,Sector privat,Bacau,2006,Kilograme,1869.0
Orz si orzoaica,din care: Exploatatii agricole individuale,Ialomita,2006,Kilograme,2432.0
Orz si orzoaica,Sector privat,Mehedinti,2006,Kilograme,1844.0
Orz si orzoaica,Sector privat,Satu Mare,2006,Kilograme,2744.0
Orz si orzoaica,Sector privat,Braila,2006,Kilograme,2720.0
Orz si orzoaica,din care: Exploatatii agricole individuale,Olt,2006,Kilograme,2347.0
Orz si orzoaica,Sector privat,Giurgiu,2006,Kilograme,2180.0
Orz si orzoaica,din care: Exploatatii agricole individuale,Botosani,2006,Kilograme,1760.0
Orz si orzoaica,din care: Exploatatii agricole individuale,Cluj,2006,Kilograme,2267.0
Orz si orzoaica,din care: Exploatatii agricole individuale,Arges,2006,Kilograme,3158.0
Orz si orzoaica,Sector privat,Arad,2006,Kilograme,2672.0
Orz si orzoaica,Sector privat,Olt,2007,Kilograme,725.0
Orz si orzoaica,din care: Exploatatii agricole individuale,Mehedinti,2007,Kilograme,713.0
Orz si orzoaica,din care: Exploatatii agricole individuale,Suceava,2007,Kilograme,2075.0
Orz si orzoaica,Sector privat,Salaj,2007,Kilograme,1655.0
Orz si orzoaica,din care: Exploatatii agricole individuale,Bacau,2007,Kilograme,1287.0
Orz si orzoaica,din care: Exploatatii agricole individuale,Constanta,2007,Kilograme,1201.0
Orz si orzoaica,din care: Exploatatii agricole individuale,Sibiu,2007,Kilograme,2095.0
Orz si orzoaica,Sector privat,Ialomita,2007,Kilograme,980.0
Orz si orzoaica,din care: Exploatatii agricole individuale,Dolj,2007,Kilograme,568.0
Orz si orzoaica,din care: Exploatatii agricole individuale,Vrancea,2007,Kilograme,1077.0
Orz si orzoaica,Sector privat,Tulcea,2007,Kilograme,715.0
Orz si orzoaica,din care: Exploatatii agricole individuale,Braila,2007,Kilograme,655.0
Orz si orzoaica,Sector privat,Iasi,2007,Kilograme,917.0
Orz si orzoaica,Sector privat,Valcea,2007,Kilograme,2555.0
Orz si orzoaica,din care: Exploatatii agricole individuale,Valcea,2007,Kilograme,2555.0
Orz si orzoaica,Sector privat,Alba,2007,Kilograme,2043.0
Orz si orzoaica,din care: Exploatatii agricole individuale,Iasi,2007,Kilograme,504.0
Orz si orzoaica,Sector privat,Prahova,2007,Kilograme,1334.0
Orz si orzoaica,din care: Exploatatii agricole individuale,Satu Mare,2007,Kilograme,1640.0
Orz si orzoaica,Sector privat,Arad,2007,Kilograme,2285.0
Orz si orzoaica,Sector privat,Constanta,2007,Kilograme,1147.0
Orz si orzoaica,Sector privat,Botosani,2007,Kilograme,1075.0
Orz si orzoaica,din care: Exploatatii agricole individuale,Harghita,2007,Kilograme,1681.0
Orz si orzoaica,din care: Exploatatii agricole individuale,Ilfov,2007,Kilograme,938.0
Orz si orzoaica,Sector privat,Neamt,2007,Kilograme,1756.0
Orz si orzoaica,din care: Exploatatii agricole individuale,Arad,2007,Kilograme,2172.0
Orz si orzoaica,din care: Exploatatii agricole individuale,Covasna,2007,Kilograme,1885.0
Orz si orzoaica,Sector privat,Teleorman,2007,Kilograme,1158.0
Orz si orzoaica,din care: Exploatatii agricole individuale,Mures,2007,Kilograme,2070.0
Orz si orzoaica,din care: Exploatatii agricole individuale,Salaj,2007,Kilograme,1656.0
Orz si orzoaica,din care: Exploatatii agricole individuale,Brasov,2007,Kilograme,2281.0
Orz si orzoaica,Sector privat,Vaslui,2007,Kilograme,474.0
Orz si orzoaica,din care: Exploatatii agricole individuale,Maramures,2007,Kilograme,1412.0
Orz si orzoaica,Sector privat,Suceava,2007,Kilograme,2096.0
Orz si orzoaica,Sector privat,Caras-Severin,2007,Kilograme,1623.0
Orz si orzoaica,Sector privat,Covasna,2007,Kilograme,1883.0
Orz si orzoaica,din care: Exploatatii agricole individuale,Gorj,2007,Kilograme,1338.0
Orz si orzoaica,Sector privat,Ilfov,2007,Kilograme,1173.0
Orz si orzoaica,Sector privat,Bihor,2007,Kilograme,2270.0
Orz si orzoaica,din care: Exploatatii agricole individuale,Alba,2007,Kilograme,1962.0
Orz si orzoaica,Sector privat,Vrancea,2007,Kilograme,1260.0
Orz si orzoaica,din care: Exploatatii agricole individuale,Buzau,2007,Kilograme,511.0
Orz si orzoaica,din care: Exploatatii agricole individuale,Prahova,2007,Kilograme,1066.0
Orz si orzoaica,din care: Exploatatii agricole individuale,Neamt,2007,Kilograme,1647.0
Orz si orzoaica,Sector privat,Hunedoara,2007,Kilograme,1963.0
Orz si orzoaica,din care: Exploatatii agricole individuale,Hunedoara,2007,Kilograme,2046.0
Orz si orzoaica,Sector privat,Harghita,2007,Kilograme,1671.0
Orz si orzoaica,Sector privat,Municipiul Bucuresti,2007,Kilograme,2600.0
Orz si orzoaica,Sector privat,Bistrita-Nasaud,2007,Kilograme,1791.0
Orz si orzoaica,Sector privat,Buzau,2007,Kilograme,835.0
Orz si orzoaica,Sector privat,Arges,2007,Kilograme,1235.0
Orz si orzoaica,din care: Exploatatii agricole individuale,Dambovita,2007,Kilograme,1718.0
Orz si orzoaica,din care: Exploatatii agricole individuale,Vaslui,2007,Kilograme,244.0
Orz si orzoaica,din care: Exploatatii agricole individuale,Galati,2007,Kilograme,1350.0
Orz si orzoaica,Sector privat,Timis,2007,Kilograme,2409.0
Orz si orzoaica,Sector privat,Dolj,2007,Kilograme,584.0
Orz si orzoaica,Sector privat,Cluj,2007,Kilograme,1979.0
Orz si orzoaica,Sector privat,Mures,2007,Kilograme,2117.0
Orz si orzoaica,din care: Exploatatii agricole individuale,Tulcea,2007,Kilograme,590.0
Orz si orzoaica,din care: Exploatatii agricole individuale,Teleorman,2007,Kilograme,777.0
Orz si orzoaica,Sector privat,Calarasi,2007,Kilograme,1291.0
Orz si orzoaica,din care: Exploatatii agricole individuale,Bihor,2007,Kilograme,2308.0
Orz si orzoaica,Sector privat,Gorj,2007,Kilograme,1339.0
Orz si orzoaica,din care: Exploatatii agricole individuale,Arges,2007,Kilograme,1005.0
Orz si orzoaica,Sector privat,Sibiu,2007,Kilograme,1939.0
Orz si orzoaica,Sector privat,Maramures,2007,Kilograme,1414.0
Orz si orzoaica,din care: Exploatatii agricole individuale,Timis,2007,Kilograme,2097.0
Orz si orzoaica,Sector privat,Galati,2007,Kilograme,1249.0
Orz si orzoaica,din care: Exploatatii agricole individuale,Calarasi,2007,Kilograme,1054.0
Orz si orzoaica,din care: Exploatatii agricole individuale,Caras-Severin,2007,Kilograme,1604.0
Orz si orzoaica,Sector privat,Dambovita,2007,Kilograme,1573.0
Orz si orzoaica,din care: Exploatatii agricole individuale,Bistrita-Nasaud,2007,Kilograme,1788.0
Orz si orzoaica,din care: Exploatatii agricole individuale,Giurgiu,2007,Kilograme,616.0
Orz si orzoaica,Sector privat,Mehedinti,2007,Kilograme,708.0
Orz si orzoaica,Sector privat,Bacau,2007,Kilograme,1280.0
Orz si orzoaica,din care: Exploatatii agricole individuale,Ialomita,2007,Kilograme,767.0
Orz si orzoaica,Sector privat,Satu Mare,2007,Kilograme,2228.0
Orz si orzoaica,Sector privat,Braila,2007,Kilograme,1585.0
Orz si orzoaica,din care: Exploatatii agricole individuale,Olt,2007,Kilograme,636.0
Orz si orzoaica,din care: Exploatatii agricole individuale,Botosani,2007,Kilograme,1033.0
Orz si orzoaica,Sector privat,Giurgiu,2007,Kilograme,1479.0
Orz si orzoaica,din care: Exploatatii agricole individuale,Cluj,2007,Kilograme,1846.0
Orz si orzoaica,Sector privat,Brasov,2007,Kilograme,2250.0
Orz si orzoaica,din care: Exploatatii agricole individuale,Botosani,2008,Kilograme,1850.0
Orz si orzoaica,din care: Exploatatii agricole individuale,Tulcea,2008,Kilograme,2347.0
Orz si orzoaica,din care: Exploatatii agricole individuale,Olt,2008,Kilograme,3446.0
Orz si orzoaica,Sector privat,Olt,2008,Kilograme,3023.0
Orz si orzoaica,din care: Exploatatii agricole individuale,Arges,2008,Kilograme,2948.0
Orz si orzoaica,Sector privat,Botosani,2008,Kilograme,2002.0
Orz si orzoaica,Sector privat,Salaj,2008,Kilograme,2335.0
Orz si orzoaica,din care: Exploatatii agricole individuale,Suceava,2008,Kilograme,2536.0
Orz si orzoaica,Sector privat,Ialomita,2008,Kilograme,3896.0
Orz si orzoaica,din care: Exploatatii agricole individuale,Sibiu,2008,Kilograme,2260.0
Orz si orzoaica,din care: Exploatatii agricole individuale,Dolj,2008,Kilograme,2602.0
Orz si orzoaica,Sector privat,Tulcea,2008,Kilograme,2401.0
Orz si orzoaica,din care: Exploatatii agricole individuale,Salaj,2008,Kilograme,2335.0
Orz si orzoaica,din care: Exploatatii agricole individuale,Maramures,2008,Kilograme,1641.0
Orz si orzoaica,Sector privat,Valcea,2008,Kilograme,2848.0
Orz si orzoaica,Sector privat,Iasi,2008,Kilograme,2776.0
Orz si orzoaica,Sector privat,Alba,2008,Kilograme,2695.0
Orz si orzoaica,Sector privat,Prahova,2008,Kilograme,3442.0
Orz si orzoaica,din care: Exploatatii agricole individuale,Iasi,2008,Kilograme,1890.0
Orz si orzoaica,din care: Exploatatii agricole individuale,Galati,2008,Kilograme,2599.0
Orz si orzoaica,Sector privat,Constanta,2008,Kilograme,3663.0
Orz si orzoaica,din care: Exploatatii agricole individuale,Cluj,2008,Kilograme,2341.0
Orz si orzoaica,Sector privat,Arad,2008,Kilograme,3778.0
Orz si orzoaica,din care: Exploatatii agricole individuale,Harghita,2008,Kilograme,2323.0
Orz si orzoaica,din care: Exploatatii agricole individuale,Ilfov,2008,Kilograme,2980.0
Orz si orzoaica,Sector privat,Neamt,2008,Kilograme,2785.0
Orz si orzoaica,Sector privat,Brasov,2008,Kilograme,1895.0
Orz si orzoaica,din care: Exploatatii agricole individuale,Neamt,2008,Kilograme,2689.0
Orz si orzoaica,Sector privat,Teleorman,2008,Kilograme,3536.0
Orz si orzoaica,din care: Exploatatii agricole individuale,Arad,2008,Kilograme,4986.0
Orz si orzoaica,din care: Exploatatii agricole individuale,Mures,2008,Kilograme,2489.0
Orz si orzoaica,din care: Exploatatii agricole individuale,Brasov,2008,Kilograme,1873.0
Orz si orzoaica,din care: Exploatatii agricole individuale,Braila,2008,Kilograme,2760.0
Orz si orzoaica,din care: Exploatatii agricole individuale,Vrancea,2008,Kilograme,2622.0
Orz si orzoaica,Sector privat,Suceava,2008,Kilograme,2500.0
Orz si orzoaica,Sector privat,Caras-Severin,2008,Kilograme,2733.0
Orz si orzoaica,din care: Exploatatii agricole individuale,Gorj,2008,Kilograme,3361.0
Orz si orzoaica,Sector privat,Covasna,2008,Kilograme,2647.0
Orz si orzoaica,din care: Exploatatii agricole individuale,Vaslui,2008,Kilograme,2257.0
Orz si orzoaica,Sector privat,Ilfov,2008,Kilograme,2222.0
Orz si orzoaica,Sector privat,Vrancea,2008,Kilograme,2669.0
Orz si orzoaica,Sector privat,Bihor,2008,Kilograme,2535.0
Orz si orzoaica,din care: Exploatatii agricole individuale,Buzau,2008,Kilograme,2379.0
Orz si orzoaica,din care: Exploatatii agricole individuale,Alba,2008,Kilograme,2641.0
Orz si orzoaica,din care: Exploatatii agricole individuale,Constanta,2008,Kilograme,3929.0
Orz si orzoaica,din care: Exploatatii agricole individuale,Prahova,2008,Kilograme,2939.0
Orz si orzoaica,din care: Exploatatii agricole individuale,Covasna,2008,Kilograme,2649.0
Orz si orzoaica,Sector privat,Harghita,2008,Kilograme,2306.0
Orz si orzoaica,Sector privat,Hunedoara,2008,Kilograme,2400.0
Orz si orzoaica,din care: Exploatatii agricole individuale,Hunedoara,2008,Kilograme,2427.0
Orz si orzoaica,Sector privat,Bistrita-Nasaud,2008,Kilograme,1740.0
Orz si orzoaica,Sector privat,Arges,2008,Kilograme,3028.0
Orz si orzoaica,din care: Exploatatii agricole individuale,Dambovita,2008,Kilograme,2606.0
Orz si orzoaica,Sector privat,Vaslui,2008,Kilograme,2696.0
Orz si orzoaica,Sector privat,Timis,2008,Kilograme,3057.0
Orz si orzoaica,Sector privat,Buzau,2008,Kilograme,2723.0
Orz si orzoaica,Sector privat,Cluj,2008,Kilograme,2380.0
Orz si orzoaica,Sector privat,Mures,2008,Kilograme,2552.0
Orz si orzoaica,din care: Exploatatii agricole individuale,Valcea,2008,Kilograme,2829.0
Orz si orzoaica,Sector privat,Dolj,2008,Kilograme,2546.0
Orz si orzoaica,Sector privat,Calarasi,2008,Kilograme,4105.0
Orz si orzoaica,din care: Exploatatii agricole individuale,Teleorman,2008,Kilograme,3441.0
Orz si orzoaica,Sector privat,Giurgiu,2008,Kilograme,3203.0
Orz si orzoaica,din care: Exploatatii agricole individuale,Bihor,2008,Kilograme,2462.0
Orz si orzoaica,din care: Exploatatii agricole individuale,Mehedinti,2008,Kilograme,3047.0
Orz si orzoaica,Sector privat,Gorj,2008,Kilograme,3361.0
Orz si orzoaica,Sector privat,Maramures,2008,Kilograme,1641.0
Orz si orzoaica,Sector privat,Sibiu,2008,Kilograme,2156.0
Orz si orzoaica,Sector privat,Galati,2008,Kilograme,2868.0
Orz si orzoaica,din care: Exploatatii agricole individuale,Bacau,2008,Kilograme,2146.0
Orz si orzoaica,din care: Exploatatii agricole individuale,Timis,2008,Kilograme,2761.0
Orz si orzoaica,Sector privat,Dambovita,2008,Kilograme,2637.0
Orz si orzoaica,din care: Exploatatii agricole individuale,Caras-Severin,2008,Kilograme,2874.0
Orz si orzoaica,din care: Exploatatii agricole individuale,Calarasi,2008,Kilograme,3915.0
Orz si orzoaica,din care: Exploatatii agricole individuale,Bistrita-Nasaud,2008,Kilograme,1724.0
Orz si orzoaica,din care: Exploatatii agricole individuale,Giurgiu,2008,Kilograme,3205.0
Orz si orzoaica,Sector privat,Mehedinti,2008,Kilograme,3062.0
Orz si orzoaica,Sector privat,Bacau,2008,Kilograme,2176.0
Orz si orzoaica,din care: Exploatatii agricole individuale,Ialomita,2008,Kilograme,3863.0
Orz si orzoaica,Sector privat,Satu Mare,2008,Kilograme,2670.0
Orz si orzoaica,Sector privat,Braila,2008,Kilograme,3509.0
Orz si orzoaica,din care: Exploatatii agricole individuale,Satu Mare,2008,Kilograme,2052.0
Orz si orzoaica,Sector privat,Vaslui,2009,Kilograme,2013.0
Orz si orzoaica,din care: Exploatatii agricole individuale,Braila,2009,Kilograme,2565.0
Orz si orzoaica,Sector privat,Giurgiu,2009,Kilograme,2715.0
Orz si orzoaica,din care: Exploatatii agricole individuale,Botosani,2009,Kilograme,1571.0
Orz si orzoaica,din care: Exploatatii agricole individuale,Cluj,2009,Kilograme,1566.0
Orz si orzoaica,din care: Exploatatii agricole individuale,Olt,2009,Kilograme,2453.0
Orz si orzoaica,Sector privat,Botosani,2009,Kilograme,1693.0
Orz si orzoaica,Sector privat,Olt,2009,Kilograme,2450.0
Orz si orzoaica,din care: Exploatatii agricole individuale,Arges,2009,Kilograme,2861.0
Orz si orzoaica,Sector privat,Salaj,2009,Kilograme,1806.0
Orz si orzoaica,Sector privat,Ialomita,2009,Kilograme,2186.0
Orz si orzoaica,din care: Exploatatii agricole individuale,Dolj,2009,Kilograme,3161.0
Orz si orzoaica,din care: Exploatatii agricole individuale,Sibiu,2009,Kilograme,1837.0
Orz si orzoaica,Sector privat,Tulcea,2009,Kilograme,1347.0
Orz si orzoaica,din care: Exploatatii agricole individuale,Salaj,2009,Kilograme,1803.0
Orz si orzoaica,din care: Exploatatii agricole individuale,Suceava,2009,Kilograme,2156.0
Orz si orzoaica,din care: Exploatatii agricole individuale,Maramures,2009,Kilograme,1598.0
Orz si orzoaica,Sector privat,Iasi,2009,Kilograme,1873.0
Orz si orzoaica,din care: Exploatatii agricole individuale,Bacau,2009,Kilograme,1658.0
Orz si orzoaica,Sector privat,Alba,2009,Kilograme,1351.0
Orz si orzoaica,Sector privat,Valcea,2009,Kilograme,3612.0
Orz si orzoaica,din care: Exploatatii agricole individuale,Ialomita,2009,Kilograme,2143.0
Orz si orzoaica,Sector privat,Prahova,2009,Kilograme,2574.0
Orz si orzoaica,din care: Exploatatii agricole individuale,Galati,2009,Kilograme,1411.0
Orz si orzoaica,din care: Exploatatii agricole individuale,Satu Mare,2009,Kilograme,2353.0
Orz si orzoaica,Sector privat,Constanta,2009,Kilograme,2490.0
Orz si orzoaica,Sector privat,Arad,2009,Kilograme,3215.0
Orz si orzoaica,Sector privat,Neamt,2009,Kilograme,1961.0
Orz si orzoaica,din care: Exploatatii agricole individuale,Harghita,2009,Kilograme,1775.0
Orz si orzoaica,Sector privat,Brasov,2009,Kilograme,2357.0
Orz si orzoaica,din care: Exploatatii agricole individuale,Arad,2009,Kilograme,3992.0
Orz si orzoaica,din care: Exploatatii agricole individuale,Ilfov,2009,Kilograme,2140.0
Orz si orzoaica,Sector privat,Teleorman,2009,Kilograme,2541.0
Orz si orzoaica,din care: Exploatatii agricole individuale,Dambovita,2009,Kilograme,2156.0
Orz si orzoaica,Sector privat,Timis,2009,Kilograme,2586.0
Orz si orzoaica,Sector privat,Mures,2009,Kilograme,1632.0
Orz si orzoaica,Sector privat,Cluj,2009,Kilograme,1592.0
Orz si orzoaica,din care: Exploatatii agricole individuale,Valcea,2009,Kilograme,3612.0
Orz si orzoaica,din care: Exploatatii agricole individuale,Neamt,2009,Kilograme,1936.0
Orz si orzoaica,Sector privat,Dolj,2009,Kilograme,3141.0
Orz si orzoaica,din care: Exploatatii agricole individuale,Tulcea,2009,Kilograme,1280.0
Orz si orzoaica,Sector privat,Calarasi,2009,Kilograme,2542.0
Orz si orzoaica,din care: Exploatatii agricole individuale,Bihor,2009,Kilograme,1618.0
Orz si orzoaica,Sector privat,Gorj,2009,Kilograme,2873.0
Orz si orzoaica,din care: Exploatatii agricole individuale,Mehedinti,2009,Kilograme,2701.0
Orz si orzoaica,Sector privat,Sibiu,2009,Kilograme,1822.0
Orz si orzoaica,Sector privat,Maramures,2009,Kilograme,1601.0
Orz si orzoaica,din care: Exploatatii agricole individuale,Timis,2009,Kilograme,2460.0
Orz si orzoaica,din care: Exploatatii agricole individuale,Calarasi,2009,Kilograme,1880.0
Orz si orzoaica,din care: Exploatatii agricole individuale,Caras-Severin,2009,Kilograme,2806.0
Orz si orzoaica,Sector privat,Dambovita,2009,Kilograme,2228.0
Orz si orzoaica,din care: Exploatatii agricole individuale,Bistrita-Nasaud,2009,Kilograme,1391.0
Orz si orzoaica,din care: Exploatatii agricole individuale,Giurgiu,2009,Kilograme,2269.0
Orz si orzoaica,Sector privat,Bacau,2009,Kilograme,1844.0
Orz si orzoaica,Sector privat,Mehedinti,2009,Kilograme,2698.0
Orz si orzoaica,Sector privat,Galati,2009,Kilograme,1688.0
Orz si orzoaica,Sector privat,Satu Mare,2009,Kilograme,2714.0
Orz si orzoaica,Sector privat,Vrancea,2009,Kilograme,2508.0
Orz si orzoaica,din care: Exploatatii agricole individuale,Constanta,2009,Kilograme,2362.0
Orz si orzoaica,Sector privat,Bihor,2009,Kilograme,1852.0
Orz si orzoaica,din care: Exploatatii agricole individuale,Alba,2009,Kilograme,1166.0
Orz si orzoaica,din care: Exploatatii agricole individuale,Mures,2009,Kilograme,1524.0
Orz si orzoaica,Sector privat,Harghita,2009,Kilograme,1764.0
Orz si orzoaica,din care: Exploatatii agricole individuale,Prahova,2009,Kilograme,2237.0
Orz si orzoaica,Sector privat,Arges,2009,Kilograme,2462.0
Orz si orzoaica,din care: Exploatatii agricole individuale,Teleorman,2009,Kilograme,2398.0
Orz si orzoaica,din care: Exploatatii agricole individuale,Buzau,2009,Kilograme,1949.0
Orz si orzoaica,din care: Exploatatii agricole individuale,Brasov,2009,Kilograme,2375.0
Orz si orzoaica,Sector privat,Buzau,2009,Kilograme,2129.0
Orz si orzoaica,din care: Exploatatii agricole individuale,Municipiul Bucuresti,2009,Kilograme,2091.0
Orz si orzoaica,Sector privat,Suceava,2009,Kilograme,2128.0
Orz si orzoaica,din care: Exploatatii agricole individuale,Vrancea,2009,Kilograme,2425.0
Orz si orzoaica,Sector privat,Covasna,2009,Kilograme,2307.0
Orz si orzoaica,din care: Exploatatii agricole individuale,Gorj,2009,Kilograme,2875.0
Orz si orzoaica,Sector privat,Caras-Severin,2009,Kilograme,2886.0
Orz si orzoaica,din care: Exploatatii agricole individuale,Vaslui,2009,Kilograme,1681.0
Orz si orzoaica,Sector privat,Ilfov,2009,Kilograme,2496.0
Orz si orzoaica,din care: Exploatatii agricole individuale,Covasna,2009,Kilograme,2313.0
Orz si orzoaica,Sector privat,Hunedoara,2009,Kilograme,1341.0
Orz si orzoaica,din care: Exploatatii agricole individuale,Hunedoara,2009,Kilograme,1304.0
Orz si orzoaica,Sector privat,Municipiul Bucuresti,2009,Kilograme,2091.0
Orz si orzoaica,Sector privat,Braila,2009,Kilograme,2929.0
Orz si orzoaica,Sector privat,Bistrita-Nasaud,2009,Kilograme,1426.0
Orz si orzoaica,din care: Exploatatii agricole individuale,Iasi,2009,Kilograme,1695.0
Orz si orzoaica,Sector privat,Bihor,2010,Kilograme,2619.0
Orz si orzoaica,din care: Exploatatii agricole individuale,Arad,2010,Kilograme,2680.0
Orz si orzoaica,din care: Exploatatii agricole individuale,Brasov,2010,Kilograme,2313.0
Orz si orzoaica,din care: Exploatatii agricole individuale,Prahova,2010,Kilograme,2632.0
Orz si orzoaica,din care: Exploatatii agricole individuale,Timis,2010,Kilograme,2507.0
Orz si orzoaica,Sector privat,Timis,2010,Kilograme,2452.0
Orz si orzoaica,Sector privat,Harghita,2010,Kilograme,1840.0
Orz si orzoaica,Sector privat,Arges,2010,Kilograme,2320.0
Orz si orzoaica,Sector privat,Vaslui,2010,Kilograme,2284.0
Orz si orzoaica,Sector privat,Bistrita-Nasaud,2010,Kilograme,1550.0
Orz si orzoaica,Sector privat,Dolj,2010,Kilograme,2576.0
Orz si orzoaica,din care: Exploatatii agricole individuale,Dambovita,2010,Kilograme,2338.0
Orz si orzoaica,din care: Exploatatii agricole individuale,Buzau,2010,Kilograme,2487.0
Orz si orzoaica,din care: Exploatatii agricole individuale,Botosani,2010,Kilograme,2127.0
Orz si orzoaica,din care: Exploatatii agricole individuale,Bihor,2010,Kilograme,2619.0
Orz si orzoaica,Sector privat,Calarasi,2010,Kilograme,2794.0
Orz si orzoaica,Sector privat,Gorj,2010,Kilograme,2881.0
Orz si orzoaica,Sector privat,Mures,2010,Kilograme,2505.0
Orz si orzoaica,Sector privat,Cluj,2010,Kilograme,2107.0
Orz si orzoaica,din care: Exploatatii agricole individuale,Tulcea,2010,Kilograme,1622.0
Orz si orzoaica,din care: Exploatatii agricole individuale,Bistrita-Nasaud,2010,Kilograme,1540.0
Orz si orzoaica,din care: Exploatatii agricole individuale,Constanta,2010,Kilograme,2437.0
Orz si orzoaica,din care: Exploatatii agricole individuale,Harghita,2010,Kilograme,1851.0
Orz si orzoaica,Sector privat,Sibiu,2010,Kilograme,2174.0
Orz si orzoaica,Sector privat,Mehedinti,2010,Kilograme,2952.0
Orz si orzoaica,Sector privat,Maramures,2010,Kilograme,1733.0
Orz si orzoaica,din care: Exploatatii agricole individuale,Calarasi,2010,Kilograme,2555.0
Orz si orzoaica,din care: Exploatatii agricole individuale,Olt,2010,Kilograme,2425.0
Orz si orzoaica,din care: Exploatatii agricole individuale,Sibiu,2010,Kilograme,2275.0
Orz si orzoaica,Sector privat,Tulcea,2010,Kilograme,2086.0
Orz si orzoaica,din care: Exploatatii agricole individuale,Ialomita,2010,Kilograme,2942.0
Orz si orzoaica,Sector privat,Giurgiu,2010,Kilograme,2722.0
Orz si orzoaica,din care: Exploatatii agricole individuale,Cluj,2010,Kilograme,2015.0
Orz si orzoaica,Sector privat,Bacau,2010,Kilograme,2263.0
Orz si orzoaica,Sector privat,Olt,2010,Kilograme,2314.0
Orz si orzoaica,din care: Exploatatii agricole individuale,Giurgiu,2010,Kilograme,2447.0
Orz si orzoaica,Sector privat,Satu Mare,2010,Kilograme,2418.0
Orz si orzoaica,din care: Exploatatii agricole individuale,Suceava,2010,Kilograme,1947.0
Orz si orzoaica,din care: Exploatatii agricole individuale,Dolj,2010,Kilograme,2559.0
Orz si orzoaica,din care: Exploatatii agricole individuale,Vrancea,2010,Kilograme,2011.0
Orz si orzoaica,din care: Exploatatii agricole individuale,Maramures,2010,Kilograme,1736.0
Orz si orzoaica,Sector privat,Ialomita,2010,Kilograme,2874.0
Orz si orzoaica,din care: Exploatatii agricole individuale,Mures,2010,Kilograme,2446.0
Orz si orzoaica,Sector privat,Valcea,2010,Kilograme,3534.0
Orz si orzoaica,din care: Exploatatii agricole individuale,Valcea,2010,Kilograme,3525.0
Orz si orzoaica,Sector privat,Botosani,2010,Kilograme,2174.0
Orz si orzoaica,din care: Exploatatii agricole individuale,Iasi,2010,Kilograme,1916.0
Orz si orzoaica,Sector privat,Salaj,2010,Kilograme,1706.0
Orz si orzoaica,din care: Exploatatii agricole individuale,Caras-Severin,2010,Kilograme,2718.0
Orz si orzoaica,din care: Exploatatii agricole individuale,Arges,2010,Kilograme,2110.0
Orz si orzoaica,din care: Exploatatii agricole individuale,Galati,2010,Kilograme,1434.0
Orz si orzoaica,din care: Exploatatii agricole individuale,Satu Mare,2010,Kilograme,2337.0
Orz si orzoaica,din care: Exploatatii agricole individuale,Bacau,2010,Kilograme,2253.0
Orz si orzoaica,Sector privat,Prahova,2010,Kilograme,2791.0
Orz si orzoaica,Sector privat,Iasi,2010,Kilograme,2237.0
Orz si orzoaica,Sector privat,Alba,2010,Kilograme,2386.0
Orz si orzoaica,Sector privat,Constanta,2010,Kilograme,2604.0
Orz si orzoaica,din care: Exploatatii agricole individuale,Hunedoara,2010,Kilograme,2291.0
Orz si orzoaica,Sector privat,Arad,2010,Kilograme,2475.0
Orz si orzoaica,Sector privat,Braila,2010,Kilograme,3286.0
Orz si orzoaica,din care: Exploatatii agricole individuale,Ilfov,2010,Kilograme,2579.0
Orz si orzoaica,din care: Exploatatii agricole individuale,Mehedinti,2010,Kilograme,3026.0
Orz si orzoaica,Sector privat,Dambovita,2010,Kilograme,2247.0
Orz si orzoaica,din care: Exploatatii agricole individuale,Braila,2010,Kilograme,2069.0
Orz si orzoaica,din care: Exploatatii agricole individuale,Salaj,2010,Kilograme,1794.0
Orz si orzoaica,Sector privat,Neamt,2010,Kilograme,2370.0
Orz si orzoaica,Sector privat,Caras-Severin,2010,Kilograme,2767.0
Orz si orzoaica,Sector privat,Brasov,2010,Kilograme,2275.0
Orz si orzoaica,Sector privat,Teleorman,2010,Kilograme,2721.0
Orz si orzoaica,din care: Exploatatii agricole individuale,Covasna,2010,Kilograme,2192.0
Orz si orzoaica,din care: Exploatatii agricole individuale,Gorj,2010,Kilograme,2882.0
Orz si orzoaica,Sector privat,Covasna,2010,Kilograme,2198.0
Orz si orzoaica,Sector privat,Suceava,2010,Kilograme,1949.0
Orz si orzoaica,din care: Exploatatii agricole individuale,Alba,2010,Kilograme,2323.0
Orz si orzoaica,Sector privat,Ilfov,2010,Kilograme,2767.0
Orz si orzoaica,din care: Exploatatii agricole individuale,Vaslui,2010,Kilograme,2107.0
Orz si orzoaica,Sector privat,Hunedoara,2010,Kilograme,2328.0
Orz si orzoaica,din care: Exploatatii agricole individuale,Neamt,2010,Kilograme,2127.0
Orz si orzoaica,din care: Exploatatii agricole individuale,Teleorman,2010,Kilograme,2542.0
Orz si orzoaica,Sector privat,Buzau,2010,Kilograme,2606.0
Orz si orzoaica,Sector privat,Galati,2010,Kilograme,1748.0
Orz si orzoaica,Sector privat,Vrancea,2010,Kilograme,2387.0
Orz si orzoaica,Sector privat,Galati,2011,Kilograme,2616.0
Orz si orzoaica,Sector privat,Buzau,2011,Kilograme,2371.0
Orz si orzoaica,Sector privat,Bihor,2011,Kilograme,3155.0
Orz si orzoaica,din care: Exploatatii agricole individuale,Prahova,2011,Kilograme,2913.0
Orz si orzoaica,din care: Exploatatii agricole individuale,Brasov,2011,Kilograme,2564.0
Orz si orzoaica,din care: Exploatatii agricole individuale,Timis,2011,Kilograme,4425.0
Orz si orzoaica,Sector privat,Timis,2011,Kilograme,4205.0
Orz si orzoaica,Sector privat,Arges,2011,Kilograme,3222.0
Orz si orzoaica,Sector privat,Harghita,2011,Kilograme,2247.0
Orz si orzoaica,Sector privat,Vaslui,2011,Kilograme,2176.0
Orz si orzoaica,Sector privat,Dolj,2011,Kilograme,2612.0
Orz si orzoaica,din care: Exploatatii agricole individuale,Dambovita,2011,Kilograme,2694.0
Orz si orzoaica,Sector privat,Bistrita-Nasaud,2011,Kilograme,2864.0
Orz si orzoaica,din care: Exploatatii agricole individuale,Buzau,2011,Kilograme,2275.0
Orz si orzoaica,din care: Exploatatii agricole individuale,Botosani,2011,Kilograme,1842.0
Orz si orzoaica,din care: Exploatatii agricole individuale,Bihor,2011,Kilograme,3209.0
Orz si orzoaica,Sector privat,Calarasi,2011,Kilograme,4034.0
Orz si orzoaica,Sector privat,Gorj,2011,Kilograme,2903.0
Orz si orzoaica,Sector privat,Mures,2011,Kilograme,2902.0
Orz si orzoaica,Sector privat,Cluj,2011,Kilograme,2228.0
Orz si orzoaica,Sector privat,Dambovita,2011,Kilograme,2682.0
Orz si orzoaica,din care: Exploatatii agricole individuale,Mehedinti,2011,Kilograme,3141.0
Orz si orzoaica,Sector privat,Sibiu,2011,Kilograme,2484.0
Orz si orzoaica,Sector privat,Mehedinti,2011,Kilograme,3106.0
Orz si orzoaica,din care: Exploatatii agricole individuale,Calarasi,2011,Kilograme,3134.0
Orz si orzoaica,Sector privat,Maramures,2011,Kilograme,2173.0
Orz si orzoaica,din care: Exploatatii agricole individuale,Tulcea,2011,Kilograme,1918.0
Orz si orzoaica,Sector privat,Giurgiu,2011,Kilograme,3228.0
Orz si orzoaica,din care: Exploatatii agricole individuale,Sibiu,2011,Kilograme,2423.0
Orz si orzoaica,din care: Exploatatii agricole individuale,Ialomita,2011,Kilograme,3163.0
Orz si orzoaica,din care: Exploatatii agricole individuale,Cluj,2011,Kilograme,2178.0
Orz si orzoaica,Sector privat,Bacau,2011,Kilograme,2606.0
Orz si orzoaica,Sector privat,Tulcea,2011,Kilograme,2842.0
Orz si orzoaica,Sector privat,Olt,2011,Kilograme,3185.0
Orz si orzoaica,din care: Exploatatii agricole individuale,Giurgiu,2011,Kilograme,2818.0
Orz si orzoaica,Sector privat,Satu Mare,2011,Kilograme,2943.0
Orz si orzoaica,din care: Exploatatii agricole individuale,Vrancea,2011,Kilograme,2566.0
Orz si orzoaica,din care: Exploatatii agricole individuale,Suceava,2011,Kilograme,1853.0
Orz si orzoaica,din care: Exploatatii agricole individuale,Olt,2011,Kilograme,3243.0
Orz si orzoaica,din care: Exploatatii agricole individuale,Maramures,2011,Kilograme,2167.0
Orz si orzoaica,din care: Exploatatii agricole individuale,Mures,2011,Kilograme,2856.0
Orz si orzoaica,din care: Exploatatii agricole individuale,Valcea,2011,Kilograme,2471.0
Orz si orzoaica,Sector privat,Ialomita,2011,Kilograme,3856.0
Orz si orzoaica,din care: Exploatatii agricole individuale,Iasi,2011,Kilograme,2800.0
Orz si orzoaica,Sector privat,Botosani,2011,Kilograme,1892.0
Orz si orzoaica,Sector privat,Valcea,2011,Kilograme,2545.0
Orz si orzoaica,Sector privat,Salaj,2011,Kilograme,2155.0
Orz si orzoaica,din care: Exploatatii agricole individuale,Caras-Severin,2011,Kilograme,3017.0
Orz si orzoaica,din care: Exploatatii agricole individuale,Dolj,2011,Kilograme,2652.0
Orz si orzoaica,din care: Exploatatii agricole individuale,Galati,2011,Kilograme,2049.0
Orz si orzoaica,din care: Exploatatii agricole individuale,Satu Mare,2011,Kilograme,2790.0
Orz si orzoaica,Sector privat,Alba,2011,Kilograme,2753.0
Orz si orzoaica,din care: Exploatatii agricole individuale,Bacau,2011,Kilograme,2609.0
Orz si orzoaica,Sector privat,Iasi,2011,Kilograme,2988.0
Orz si orzoaica,Sector privat,Prahova,2011,Kilograme,3129.0
Orz si orzoaica,din care: Exploatatii agricole individuale,Covasna,2011,Kilograme,2475.0
Orz si orzoaica,Sector privat,Constanta,2011,Kilograme,3621.0
Orz si orzoaica,Sector privat,Arad,2011,Kilograme,3152.0
Orz si orzoaica,Sector privat,Braila,2011,Kilograme,3203.0
Orz si orzoaica,din care: Exploatatii agricole individuale,Harghita,2011,Kilograme,2257.0
Orz si orzoaica,din care: Exploatatii agricole individuale,Ilfov,2011,Kilograme,3470.0
Orz si orzoaica,din care: Exploatatii agricole individuale,Arad,2011,Kilograme,3049.0
Orz si orzoaica,din care: Exploatatii agricole individuale,Bistrita-Nasaud,2011,Kilograme,2902.0
Orz si orzoaica,din care: Exploatatii agricole individuale,Hunedoara,2011,Kilograme,2477.0
Orz si orzoaica,din care: Exploatatii agricole individuale,Salaj,2011,Kilograme,2170.0
Orz si orzoaica,din care: Exploatatii agricole individuale,Constanta,2011,Kilograme,2941.0
Orz si orzoaica,Sector privat,Neamt,2011,Kilograme,2942.0
Orz si orzoaica,Sector privat,Brasov,2011,Kilograme,2573.0
Orz si orzoaica,Sector privat,Caras-Severin,2011,Kilograme,2690.0
Orz si orzoaica,Sector privat,Teleorman,2011,Kilograme,3335.0
Orz si orzoaica,din care: Exploatatii agricole individuale,Gorj,2011,Kilograme,2903.0
Orz si orzoaica,Sector privat,Suceava,2011,Kilograme,1881.0
Orz si orzoaica,Sector privat,Covasna,2011,Kilograme,2482.0
Orz si orzoaica,din care: Exploatatii agricole individuale,Alba,2011,Kilograme,2694.0
Orz si orzoaica,din care: Exploatatii agricole individuale,Braila,2011,Kilograme,2738.0
Orz si orzoaica,Sector privat,Ilfov,2011,Kilograme,3412.0
Orz si orzoaica,din care: Exploatatii agricole individuale,Teleorman,2011,Kilograme,3520.0
Orz si orzoaica,din care: Exploatatii agricole individuale,Vaslui,2011,Kilograme,2077.0
Orz si orzoaica,Sector privat,Hunedoara,2011,Kilograme,2524.0
Orz si orzoaica,din care: Exploatatii agricole individuale,Arges,2011,Kilograme,3106.0
Orz si orzoaica,din care: Exploatatii agricole individuale,Neamt,2011,Kilograme,2556.0
Orz si orzoaica,Sector privat,Vrancea,2011,Kilograme,3452.0
Orz si orzoaica,Sector privat,Covasna,2012,Kilograme,2342.0
Orz si orzoaica,Sector privat,Buzau,2012,Kilograme,1632.0
Orz si orzoaica,Sector privat,Galati,2012,Kilograme,1406.0
Orz si orzoaica,Sector privat,Bihor,2012,Kilograme,2450.0
Orz si orzoaica,din care: Exploatatii agricole individuale,Timis,2012,Kilograme,3361.0
Orz si orzoaica,din care: Exploatatii agricole individuale,Brasov,2012,Kilograme,1952.0
Orz si orzoaica,din care: Exploatatii agricole individuale,Prahova,2012,Kilograme,1433.0
Orz si orzoaica,Sector privat,Timis,2012,Kilograme,3719.0
Orz si orzoaica,Sector privat,Harghita,2012,Kilograme,1652.0
Orz si orzoaica,Sector privat,Arges,2012,Kilograme,2179.0
Orz si orzoaica,Sector privat,Dolj,2012,Kilograme,2137.0
Orz si orzoaica,Sector privat,Vaslui,2012,Kilograme,1449.0
Orz si orzoaica,Sector privat,Bistrita-Nasaud,2012,Kilograme,1874.0
Orz si orzoaica,din care: Exploatatii agricole individuale,Buzau,2012,Kilograme,1506.0
Orz si orzoaica,din care: Exploatatii agricole individuale,Braila,2012,Kilograme,2026.0
Orz si orzoaica,din care: Exploatatii agricole individuale,Botosani,2012,Kilograme,1466.0
Orz si orzoaica,din care: Exploatatii agricole individuale,Bihor,2012,Kilograme,2578.0
Orz si orzoaica,din care: Exploatatii agricole individuale,Constanta,2012,Kilograme,1793.0
Orz si orzoaica,Sector privat,Calarasi,2012,Kilograme,3030.0
Orz si orzoaica,Sector privat,Mures,2012,Kilograme,2942.0
Orz si orzoaica,Sector privat,Gorj,2012,Kilograme,1961.0
Orz si orzoaica,din care: Exploatatii agricole individuale,Arad,2012,Kilograme,3069.0
Orz si orzoaica,din care: Exploatatii agricole individuale,Dambovita,2012,Kilograme,1834.0
Orz si orzoaica,Sector privat,Dambovita,2012,Kilograme,1840.0
Orz si orzoaica,din care: Exploatatii agricole individuale,Bistrita-Nasaud,2012,Kilograme,1877.0
Orz si orzoaica,Sector privat,Sibiu,2012,Kilograme,2117.0
Orz si orzoaica,Sector privat,Mehedinti,2012,Kilograme,2442.0
Orz si orzoaica,Sector privat,Maramures,2012,Kilograme,1958.0
Orz si orzoaica,din care: Exploatatii agricole individuale,Calarasi,2012,Kilograme,2105.0
Orz si orzoaica,Sector privat,Giurgiu,2012,Kilograme,2394.0
Orz si orzoaica,din care: Exploatatii agricole individuale,Tulcea,2012,Kilograme,1161.0
Orz si orzoaica,Sector privat,Tulcea,2012,Kilograme,1089.0
Orz si orzoaica,din care: Exploatatii agricole individuale,Cluj,2012,Kilograme,2070.0
Orz si orzoaica,Sector privat,Bacau,2012,Kilograme,2115.0
Orz si orzoaica,Sector privat,Satu Mare,2012,Kilograme,2626.0
Orz si orzoaica,Sector privat,Olt,2012,Kilograme,2305.0
Orz si orzoaica,din care: Exploatatii agricole individuale,Giurgiu,2012,Kilograme,1731.0
Orz si orzoaica,din care: Exploatatii agricole individuale,Covasna,2012,Kilograme,2324.0
Orz si orzoaica,din care: Exploatatii agricole individuale,Olt,2012,Kilograme,2007.0
Orz si orzoaica,din care: Exploatatii agricole individuale,Vrancea,2012,Kilograme,1741.0
Orz si orzoaica,din care: Exploatatii agricole individuale,Sibiu,2012,Kilograme,2058.0
Orz si orzoaica,din care: Exploatatii agricole individuale,Ialomita,2012,Kilograme,1595.0
Orz si orzoaica,din care: Exploatatii agricole individuale,Maramures,2012,Kilograme,1950.0
Orz si orzoaica,din care: Exploatatii agricole individuale,Mures,2012,Kilograme,3039.0
Orz si orzoaica,din care: Exploatatii agricole individuale,Neamt,2012,Kilograme,2068.0
Orz si orzoaica,din care: Exploatatii agricole individuale,Valcea,2012,Kilograme,2180.0
Orz si orzoaica,din care: Exploatatii agricole individuale,Iasi,2012,Kilograme,1633.0
Orz si orzoaica,Sector privat,Botosani,2012,Kilograme,1571.0
Orz si orzoaica,Sector privat,Ialomita,2012,Kilograme,2674.0
Orz si orzoaica,Sector privat,Valcea,2012,Kilograme,2197.0
Orz si orzoaica,Sector privat,Salaj,2012,Kilograme,2503.0
Orz si orzoaica,din care: Exploatatii agricole individuale,Dolj,2012,Kilograme,1925.0
Orz si orzoaica,din care: Exploatatii agricole individuale,Galati,2012,Kilograme,1228.0
Orz si orzoaica,din care: Exploatatii agricole individuale,Satu Mare,2012,Kilograme,2318.0
Orz si orzoaica,din care: Exploatatii agricole individuale,Bacau,2012,Kilograme,2013.0
Orz si orzoaica,Sector privat,Iasi,2012,Kilograme,2066.0
Orz si orzoaica,Sector privat,Alba,2012,Kilograme,1522.0
Orz si orzoaica,Sector privat,Constanta,2012,Kilograme,2207.0
Orz si orzoaica,din care: Exploatatii agricole individuale,Teleorman,2012,Kilograme,2301.0
Orz si orzoaica,Sector privat,Prahova,2012,Kilograme,1981.0
Orz si orzoaica,Sector privat,Braila,2012,Kilograme,2862.0
Orz si orzoaica,Sector privat,Arad,2012,Kilograme,3402.0
Orz si orzoaica,Sector privat,Cluj,2012,Kilograme,2068.0
Orz si orzoaica,din care: Exploatatii agricole individuale,Harghita,2012,Kilograme,1691.0
Orz si orzoaica,din care: Exploatatii agricole individuale,Salaj,2012,Kilograme,2493.0
Orz si orzoaica,din care: Exploatatii agricole individuale,Hunedoara,2012,Kilograme,2079.0
Orz si orzoaica,din care: Exploatatii agricole individuale,Vaslui,2012,Kilograme,1081.0
Orz si orzoaica,Sector privat,Neamt,2012,Kilograme,2405.0
Orz si orzoaica,Sector privat,Brasov,2012,Kilograme,1990.0
Orz si orzoaica,Sector privat,Caras-Severin,2012,Kilograme,2594.0
Orz si orzoaica,Sector privat,Teleorman,2012,Kilograme,2608.0
Orz si orzoaica,din care: Exploatatii agricole individuale,Ilfov,2012,Kilograme,2094.0
Orz si orzoaica,din care: Exploatatii agricole individuale,Caras-Severin,2012,Kilograme,2585.0
Orz si orzoaica,din care: Exploatatii agricole individuale,Mehedinti,2012,Kilograme,2358.0
Orz si orzoaica,Sector privat,Suceava,2012,Kilograme,2095.0
Orz si orzoaica,din care: Exploatatii agricole individuale,Gorj,2012,Kilograme,1963.0
Orz si orzoaica,Sector privat,Ilfov,2012,Kilograme,2560.0
Orz si orzoaica,din care: Exploatatii agricole individuale,Suceava,2012,Kilograme,2098.0
Orz si orzoaica,din care: Exploatatii agricole individuale,Alba,2012,Kilograme,1221.0
Orz si orzoaica,din care: Exploatatii agricole individuale,Arges,2012,Kilograme,1995.0
Orz si orzoaica,Sector privat,Hunedoara,2012,Kilograme,2085.0
Orz si orzoaica,Sector privat,Vrancea,2012,Kilograme,2363.0
Orz si orzoaica,din care: Exploatatii agricole individuale,Alba,2013,Kilograme,2608.0
Orz si orzoaica,Sector privat,Arad,2013,Kilograme,3468.0
Orz si orzoaica,Sector privat,Buzau,2013,Kilograme,2279.0
Orz si orzoaica,din care: Exploatatii agricole individuale,Teleorman,2013,Kilograme,2895.0
Orz si orzoaica,Sector privat,Covasna,2013,Kilograme,2628.0
Orz si orzoaica,Sector privat,Bihor,2013,Kilograme,3351.0
Orz si orzoaica,Sector privat,Vrancea,2013,Kilograme,2897.0
Orz si orzoaica,din care: Exploatatii agricole individuale,Brasov,2013,Kilograme,2540.0
Orz si orzoaica,din care: Exploatatii agricole individuale,Timis,2013,Kilograme,4486.0
Orz si orzoaica,din care: Exploatatii agricole individuale,Prahova,2013,Kilograme,2545.0
Orz si orzoaica,Sector privat,Timis,2013,Kilograme,4279.0
Orz si orzoaica,din care: Exploatatii agricole individuale,Vaslui,2013,Kilograme,1809.0
Orz si orzoaica,Sector privat,Arges,2013,Kilograme,3221.0
Orz si orzoaica,Sector privat,Harghita,2013,Kilograme,1965.0
Orz si orzoaica,Sector privat,Vaslui,2013,Kilograme,2038.0
Orz si orzoaica,Sector privat,Dolj,2013,Kilograme,2627.0
Orz si orzoaica,Sector privat,Bistrita-Nasaud,2013,Kilograme,2556.0
Orz si orzoaica,din care: Exploatatii agricole individuale,Botosani,2013,Kilograme,2064.0
Orz si orzoaica,din care: Exploatatii agricole individuale,Buzau,2013,Kilograme,2159.0
Orz si orzoaica,din care: Exploatatii agricole individuale,Braila,2013,Kilograme,2872.0
Orz si orzoaica,din care: Exploatatii agricole individuale,Bihor,2013,Kilograme,3787.0
Orz si orzoaica,Sector privat,Gorj,2013,Kilograme,2651.0
Orz si orzoaica,Sector privat,Calarasi,2013,Kilograme,4511.0
Orz si orzoaica,Sector privat,Galati,2013,Kilograme,2274.0
Orz si orzoaica,Sector privat,Mures,2013,Kilograme,2828.0
Orz si orzoaica,Sector privat,Cluj,2013,Kilograme,2661.0
Orz si orzoaica,din care: Exploatatii agricole individuale,Harghita,2013,Kilograme,2004.0
Orz si orzoaica,din care: Exploatatii agricole individuale,Dambovita,2013,Kilograme,2547.0
Orz si orzoaica,Sector privat,Dambovita,2013,Kilograme,2747.0
Orz si orzoaica,din care: Exploatatii agricole individuale,Bistrita-Nasaud,2013,Kilograme,2555.0
Orz si orzoaica,Sector privat,Sibiu,2013,Kilograme,2243.0
Orz si orzoaica,din care: Exploatatii agricole individuale,Galati,2013,Kilograme,1781.0
Orz si orzoaica,Sector privat,Mehedinti,2013,Kilograme,2686.0
Orz si orzoaica,Sector privat,Maramures,2013,Kilograme,2396.0
Orz si orzoaica,Sector privat,Giurgiu,2013,Kilograme,2756.0
Orz si orzoaica,Sector privat,Tulcea,2013,Kilograme,2628.0
Orz si orzoaica,din care: Exploatatii agricole individuale,Tulcea,2013,Kilograme,2415.0
Orz si orzoaica,din care: Exploatatii agricole individuale,Calarasi,2013,Kilograme,3618.0
Orz si orzoaica,din care: Exploatatii agricole individuale,Cluj,2013,Kilograme,2616.0
Orz si orzoaica,Sector privat,Bacau,2013,Kilograme,2112.0
Orz si orzoaica,Sector privat,Olt,2013,Kilograme,2425.0
Orz si orzoaica,din care: Exploatatii agricole individuale,Covasna,2013,Kilograme,2592.0
Orz si orzoaica,din care: Exploatatii agricole individuale,Giurgiu,2013,Kilograme,1284.0
Orz si orzoaica,Sector privat,Satu Mare,2013,Kilograme,2691.0
Orz si orzoaica,din care: Exploatatii agricole individuale,Vrancea,2013,Kilograme,2151.0
Orz si orzoaica,din care: Exploatatii agricole individuale,Sibiu,2013,Kilograme,2241.0
Orz si orzoaica,din care: Exploatatii agricole individuale,Maramures,2013,Kilograme,2391.0
Orz si orzoaica,din care: Exploatatii agricole individuale,Ialomita,2013,Kilograme,3264.0
Orz si orzoaica,din care: Exploatatii agricole individuale,Iasi,2013,Kilograme,2618.0
Orz si orzoaica,din care: Exploatatii agricole individuale,Mures,2013,Kilograme,2904.0
Orz si orzoaica,din care: Exploatatii agricole individuale,Valcea,2013,Kilograme,3489.0
Orz si orzoaica,Sector privat,Valcea,2013,Kilograme,3608.0
Orz si orzoaica,Sector privat,Ialomita,2013,Kilograme,4309.0
Orz si orzoaica,Sector privat,Botosani,2013,Kilograme,2132.0
Orz si orzoaica,Sector privat,Salaj,2013,Kilograme,2215.0
Orz si orzoaica,din care: Exploatatii agricole individuale,Dolj,2013,Kilograme,2322.0
Orz si orzoaica,din care: Exploatatii agricole individuale,Satu Mare,2013,Kilograme,2586.0
Orz si orzoaica,din care: Exploatatii agricole individuale,Neamt,2013,Kilograme,2566.0
Orz si orzoaica,Sector privat,Iasi,2013,Kilograme,2589.0
Orz si orzoaica,din care: Exploatatii agricole individuale,Arges,2013,Kilograme,2956.0
Orz si orzoaica,Sector privat,Constanta,2013,Kilograme,2688.0
Orz si orzoaica,Sector privat,Braila,2013,Kilograme,3751.0
Orz si orzoaica,din care: Exploatatii agricole individuale,Gorj,2013,Kilograme,2649.0
Orz si orzoaica,din care: Exploatatii agricole individuale,Bacau,2013,Kilograme,2073.0
Orz si orzoaica,Sector privat,Hunedoara,2013,Kilograme,2173.0
Orz si orzoaica,Sector privat,Alba,2013,Kilograme,2697.0
Orz si orzoaica,Sector privat,Prahova,2013,Kilograme,3124.0
Orz si orzoaica,din care: Exploatatii agricole individuale,Caras-Severin,2013,Kilograme,2805.0
Orz si orzoaica,din care: Exploatatii agricole individuale,Arad,2013,Kilograme,3419.0
Orz si orzoaica,din care: Exploatatii agricole individuale,Hunedoara,2013,Kilograme,2170.0
Orz si orzoaica,din care: Exploatatii agricole individuale,Salaj,2013,Kilograme,2224.0
Orz si orzoaica,din care: Exploatatii agricole individuale,Olt,2013,Kilograme,2572.0
Orz si orzoaica,Sector privat,Neamt,2013,Kilograme,2773.0
Orz si orzoaica,Sector privat,Brasov,2013,Kilograme,2566.0
Orz si orzoaica,Sector privat,Teleorman,2013,Kilograme,2882.0
Orz si orzoaica,Sector privat,Caras-Severin,2013,Kilograme,2781.0
Orz si orzoaica,din care: Exploatatii agricole individuale,Mehedinti,2013,Kilograme,2530.0
Orz si orzoaica,din care: Exploatatii agricole individuale,Ilfov,2013,Kilograme,3458.0
Orz si orzoaica,Sector privat,Suceava,2013,Kilograme,2265.0
Orz si orzoaica,Sector privat,Ilfov,2013,Kilograme,3726.0
Orz si orzoaica,din care: Exploatatii agricole individuale,Suceava,2013,Kilograme,2270.0
Orz si orzoaica,din care: Exploatatii agricole individuale,Constanta,2013,Kilograme,2672.0
Orz si orzoaica,din care: Exploatatii agricole individuale,Gorj,2014,Kilograme,2893.0
Orz si orzoaica,din care: Exploatatii agricole individuale,Arges,2014,Kilograme,2774.0
Orz si orzoaica,Sector privat,Buzau,2014,Kilograme,2733.0
Orz si orzoaica,din care: Exploatatii agricole individuale,Teleorman,2014,Kilograme,2699.0
Orz si orzoaica,Sector privat,Hunedoara,2014,Kilograme,2623.0
Orz si orzoaica,Sector privat,Covasna,2014,Kilograme,2238.0
Orz si orzoaica,Sector privat,Galati,2014,Kilograme,2622.0
Orz si orzoaica,Sector privat,Vrancea,2014,Kilograme,2522.0
Orz si orzoaica,Sector privat,Bihor,2014,Kilograme,3992.0
Orz si orzoaica,Sector privat,Municipiul Bucuresti,2014,Kilograme,4200.0
Orz si orzoaica,din care: Exploatatii agricole individuale,Suceava,2014,Kilograme,2683.0
Orz si orzoaica,din care: Exploatatii agricole individuale,Brasov,2014,Kilograme,2901.0
Orz si orzoaica,din care: Exploatatii agricole individuale,Prahova,2014,Kilograme,2641.0
Orz si orzoaica,Sector privat,Braila,2014,Kilograme,4132.0
Orz si orzoaica,din care: Exploatatii agricole individuale,Timis,2014,Kilograme,3516.0
Orz si orzoaica,Sector privat,Timis,2014,Kilograme,3845.0
Orz si orzoaica,din care: Exploatatii agricole individuale,Vaslui,2014,Kilograme,2096.0
Orz si orzoaica,Sector privat,Arges,2014,Kilograme,2842.0
Orz si orzoaica,Sector privat,Harghita,2014,Kilograme,2597.0
Orz si orzoaica,Sector privat,Dolj,2014,Kilograme,3053.0
Orz si orzoaica,din care: Exploatatii agricole individuale,Municipiul Bucuresti,2014,Kilograme,4200.0
Orz si orzoaica,din care: Exploatatii agricole individuale,Olt,2014,Kilograme,2778.0
Orz si orzoaica,din care: Exploatatii agricole individuale,Buzau,2014,Kilograme,2596.0
Orz si orzoaica,Sector privat,Ilfov,2014,Kilograme,3453.0
Orz si orzoaica,din care: Exploatatii agricole individuale,Braila,2014,Kilograme,3349.0
Orz si orzoaica,din care: Exploatatii agricole individuale,Botosani,2014,Kilograme,2358.0
Orz si orzoaica,din care: Exploatatii agricole individuale,Bihor,2014,Kilograme,4179.0
Orz si orzoaica,Sector privat,Vaslui,2014,Kilograme,2636.0
Orz si orzoaica,Sector privat,Calarasi,2014,Kilograme,4042.0
Orz si orzoaica,din care: Exploatatii agricole individuale,Constanta,2014,Kilograme,3089.0
Orz si orzoaica,Sector privat,Mures,2014,Kilograme,3023.0
Orz si orzoaica,Sector privat,Gorj,2014,Kilograme,2889.0
Orz si orzoaica,Sector privat,Cluj,2014,Kilograme,3245.0
Orz si orzoaica,din care: Exploatatii agricole individuale,Dambovita,2014,Kilograme,2708.0
Orz si orzoaica,din care: Exploatatii agricole individuale,Harghita,2014,Kilograme,2622.0
Orz si orzoaica,Sector privat,Dambovita,2014,Kilograme,2897.0
Orz si orzoaica,din care: Exploatatii agricole individuale,Bistrita-Nasaud,2014,Kilograme,3208.0
Orz si orzoaica,Sector privat,Sibiu,2014,Kilograme,2770.0
Orz si orzoaica,Sector privat,Mehedinti,2014,Kilograme,2912.0
Orz si orzoaica,Sector privat,Maramures,2014,Kilograme,2550.0
Orz si orzoaica,din care: Exploatatii agricole individuale,Galati,2014,Kilograme,2248.0
Orz si orzoaica,Sector privat,Suceava,2014,Kilograme,2711.0
Orz si orzoaica,din care: Exploatatii agricole individuale,Cluj,2014,Kilograme,3099.0
Orz si orzoaica,din care: Exploatatii agricole individuale,Calarasi,2014,Kilograme,3688.0
Orz si orzoaica,Sector privat,Giurgiu,2014,Kilograme,3165.0
Orz si orzoaica,Sector privat,Bacau,2014,Kilograme,2749.0
Orz si orzoaica,Sector privat,Tulcea,2014,Kilograme,3270.0
Orz si orzoaica,din care: Exploatatii agricole individuale,Giurgiu,2014,Kilograme,2597.0
Orz si orzoaica,din care: Exploatatii agricole individuale,Covasna,2014,Kilograme,2211.0
Orz si orzoaica,Sector privat,Olt,2014,Kilograme,3138.0
Orz si orzoaica,Sector privat,Satu Mare,2014,Kilograme,3091.0
Orz si orzoaica,din care: Exploatatii agricole individuale,Vrancea,2014,Kilograme,2560.0
Orz si orzoaica,din care: Exploatatii agricole individuale,Sibiu,2014,Kilograme,2582.0
Orz si orzoaica,din care: Exploatatii agricole individuale,Iasi,2014,Kilograme,2740.0
Orz si orzoaica,din care: Exploatatii agricole individuale,Ialomita,2014,Kilograme,3666.0
Orz si orzoaica,din care: Exploatatii agricole individuale,Maramures,2014,Kilograme,2549.0
Orz si orzoaica,din care: Exploatatii agricole individuale,Valcea,2014,Kilograme,3093.0
Orz si orzoaica,Sector privat,Valcea,2014,Kilograme,3095.0
Orz si orzoaica,Sector privat,Botosani,2014,Kilograme,2584.0
Orz si orzoaica,Sector privat,Ialomita,2014,Kilograme,4029.0
Orz si orzoaica,din care: Exploatatii agricole individuale,Neamt,2014,Kilograme,3025.0
Orz si orzoaica,Sector privat,Salaj,2014,Kilograme,2559.0
Orz si orzoaica,din care: Exploatatii agricole individuale,Mures,2014,Kilograme,2947.0
Orz si orzoaica,din care: Exploatatii agricole individuale,Dolj,2014,Kilograme,2570.0
Orz si orzoaica,din care: Exploatatii agricole individuale,Bacau,2014,Kilograme,2750.0
Orz si orzoaica,din care: Exploatatii agricole individuale,Satu Mare,2014,Kilograme,2899.0
Orz si orzoaica,din care: Exploatatii agricole individuale,Alba,2014,Kilograme,3066.0
Orz si orzoaica,Sector privat,Iasi,2014,Kilograme,2702.0
Orz si orzoaica,Sector privat,Alba,2014,Kilograme,2820.0
Orz si orzoaica,Sector privat,Arad,2014,Kilograme,3611.0
Orz si orzoaica,din care: Exploatatii agricole individuale,Caras-Severin,2014,Kilograme,2807.0
Orz si orzoaica,Sector privat,Prahova,2014,Kilograme,3267.0
Orz si orzoaica,din care: Exploatatii agricole individuale,Arad,2014,Kilograme,3569.0
Orz si orzoaica,din care: Exploatatii agricole individuale,Hunedoara,2014,Kilograme,2610.0
Orz si orzoaica,din care: Exploatatii agricole individuale,Tulcea,2014,Kilograme,2600.0
Orz si orzoaica,din care: Exploatatii agricole individuale,Salaj,2014,Kilograme,2547.0
Orz si orzoaica,Sector privat,Brasov,2014,Kilograme,2915.0
Orz si orzoaica,Sector privat,Teleorman,2014,Kilograme,3227.0
Orz si orzoaica,Sector privat,Neamt,2014,Kilograme,3485.0
Orz si orzoaica,Sector privat,Caras-Severin,2014,Kilograme,2789.0
Orz si orzoaica,din care: Exploatatii agricole individuale,Ilfov,2014,Kilograme,3517.0
Orz si orzoaica,din care: Exploatatii agricole individuale,Mehedinti,2014,Kilograme,2799.0
Orz si orzoaica,Sector privat,Constanta,2014,Kilograme,3048.0
Orz si orzoaica,Sector privat,Bistrita-Nasaud,2014,Kilograme,3199.0
Orz si orzoaica,Sector privat,Buzau,2015,Kilograme,2553.0
Orz si orzoaica,din care: Exploatatii agricole individuale,Alba,2015,Kilograme,2460.0
Orz si orzoaica,Sector privat,Hunedoara,2015,Kilograme,2393.0
Orz si orzoaica,Sector privat,Ilfov,2015,Kilograme,3565.0
Orz si orzoaica,Sector privat,Galati,2015,Kilograme,2538.0
Orz si orzoaica,Sector privat,Vrancea,2015,Kilograme,1979.0
Orz si orzoaica,Sector privat,Bihor,2015,Kilograme,3453.0
Orz si orzoaica,din care: Exploatatii agricole individuale,Brasov,2015,Kilograme,2335.0
Orz si orzoaica,din care: Exploatatii agricole individuale,Timis,2015,Kilograme,3978.0
Orz si orzoaica,Sector privat,Braila,2015,Kilograme,3795.0
Orz si orzoaica,din care: Exploatatii agricole individuale,Prahova,2015,Kilograme,2514.0
Orz si orzoaica,din care: Exploatatii agricole individuale,Vaslui,2015,Kilograme,1664.0
Orz si orzoaica,Sector privat,Timis,2015,Kilograme,4687.0
Orz si orzoaica,Sector privat,Arges,2015,Kilograme,2445.0
Orz si orzoaica,Sector privat,Harghita,2015,Kilograme,1961.0
Orz si orzoaica,Sector privat,Dolj,2015,Kilograme,3403.0
Orz si orzoaica,din care: Exploatatii agricole individuale,Buzau,2015,Kilograme,2207.0
Orz si orzoaica,din care: Exploatatii agricole individuale,Braila,2015,Kilograme,2747.0
Orz si orzoaica,din care: Exploatatii agricole individuale,Olt,2015,Kilograme,2892.0
Orz si orzoaica,Sector privat,Bistrita-Nasaud,2015,Kilograme,2404.0
Orz si orzoaica,din care: Exploatatii agricole individuale,Neamt,2015,Kilograme,2503.0
Orz si orzoaica,din care: Exploatatii agricole individuale,Satu Mare,2015,Kilograme,3468.0
Orz si orzoaica,din care: Exploatatii agricole individuale,Bihor,2015,Kilograme,3858.0
Orz si orzoaica,din care: Exploatatii agricole individuale,Constanta,2015,Kilograme,2877.0
Orz si orzoaica,Sector privat,Calarasi,2015,Kilograme,5093.0
Orz si orzoaica,Sector privat,Gorj,2015,Kilograme,2713.0
Orz si orzoaica,Sector privat,Mures,2015,Kilograme,3017.0
Orz si orzoaica,Sector privat,Cluj,2015,Kilograme,2986.0
Orz si orzoaica,din care: Exploatatii agricole individuale,Botosani,2015,Kilograme,1846.0
Orz si orzoaica,din care: Exploatatii agricole individuale,Dambovita,2015,Kilograme,2420.0
Orz si orzoaica,din care: Exploatatii agricole individuale,Covasna,2015,Kilograme,2103.0
Orz si orzoaica,Sector privat,Sibiu,2015,Kilograme,2502.0
Orz si orzoaica,din care: Exploatatii agricole individuale,Bistrita-Nasaud,2015,Kilograme,2341.0
Orz si orzoaica,Sector privat,Dambovita,2015,Kilograme,2439.0
Orz si orzoaica,Sector privat,Mehedinti,2015,Kilograme,2978.0
Orz si orzoaica,Sector privat,Maramures,2015,Kilograme,2362.0
Orz si orzoaica,Sector privat,Constanta,2015,Kilograme,3620.0
Orz si orzoaica,din care: Exploatatii agricole individuale,Galati,2015,Kilograme,1396.0
Orz si orzoaica,din care: Exploatatii agricole individuale,Ilfov,2015,Kilograme,2912.0
Orz si orzoaica,din care: Exploatatii agricole individuale,Suceava,2015,Kilograme,1502.0
Orz si orzoaica,Sector privat,Suceava,2015,Kilograme,1705.0
Orz si orzoaica,din care: Exploatatii agricole individuale,Calarasi,2015,Kilograme,3583.0
Orz si orzoaica,din care: Exploatatii agricole individuale,Cluj,2015,Kilograme,2652.0
Orz si orzoaica,Sector privat,Tulcea,2015,Kilograme,3369.0
Orz si orzoaica,Sector privat,Giurgiu,2015,Kilograme,3653.0
Orz si orzoaica,Sector privat,Bacau,2015,Kilograme,2135.0
Orz si orzoaica,din care: Exploatatii agricole individuale,Giurgiu,2015,Kilograme,3087.0
Orz si orzoaica,Sector privat,Olt,2015,Kilograme,3582.0
Orz si orzoaica,Sector privat,Satu Mare,2015,Kilograme,3667.0
Orz si orzoaica,din care: Exploatatii agricole individuale,Arges,2015,Kilograme,2181.0
Orz si orzoaica,din care: Exploatatii agricole individuale,Ialomita,2015,Kilograme,3141.0
Orz si orzoaica,din care: Exploatatii agricole individuale,Iasi,2015,Kilograme,1766.0
Orz si orzoaica,din care: Exploatatii agricole individuale,Maramures,2015,Kilograme,2340.0
Orz si orzoaica,din care: Exploatatii agricole individuale,Teleorman,2015,Kilograme,2634.0
Orz si orzoaica,din care: Exploatatii agricole individuale,Valcea,2015,Kilograme,3025.0
Orz si orzoaica,Sector privat,Ialomita,2015,Kilograme,4580.0
Orz si orzoaica,Sector privat,Botosani,2015,Kilograme,2160.0
Orz si orzoaica,Sector privat,Valcea,2015,Kilograme,3203.0
Orz si orzoaica,Sector privat,Salaj,2015,Kilograme,2316.0
Orz si orzoaica,din care: Exploatatii agricole individuale,Dolj,2015,Kilograme,2765.0
Orz si orzoaica,din care: Exploatatii agricole individuale,Mures,2015,Kilograme,2896.0
Orz si orzoaica,din care: Exploatatii agricole individuale,Vrancea,2015,Kilograme,1786.0
Orz si orzoaica,Sector privat,Vaslui,2015,Kilograme,1939.0
Orz si orzoaica,Sector privat,Arad,2015,Kilograme,3334.0
Orz si orzoaica,din care: Exploatatii agricole individuale,Tulcea,2015,Kilograme,1943.0
Orz si orzoaica,Sector privat,Iasi,2015,Kilograme,2437.0
Orz si orzoaica,Sector privat,Alba,2015,Kilograme,2841.0
Orz si orzoaica,Sector privat,Prahova,2015,Kilograme,3455.0
Orz si orzoaica,din care: Exploatatii agricole individuale,Caras-Severin,2015,Kilograme,2815.0
Orz si orzoaica,din care: Exploatatii agricole individuale,Arad,2015,Kilograme,3088.0
Orz si orzoaica,din care: Exploatatii agricole individuale,Hunedoara,2015,Kilograme,2252.0
Orz si orzoaica,Sector privat,Brasov,2015,Kilograme,2425.0
Orz si orzoaica,din care: Exploatatii agricole individuale,Salaj,2015,Kilograme,2248.0
Orz si orzoaica,Sector privat,Neamt,2015,Kilograme,3596.0
Orz si orzoaica,Sector privat,Teleorman,2015,Kilograme,3382.0
Orz si orzoaica,Sector privat,Caras-Severin,2015,Kilograme,2889.0
Orz si orzoaica,din care: Exploatatii agricole individuale,Sibiu,2015,Kilograme,2320.0
Orz si orzoaica,din care: Exploatatii agricole individuale,Mehedinti,2015,Kilograme,2730.0
Orz si orzoaica,din care: Exploatatii agricole individuale,Gorj,2015,Kilograme,2714.0
Orz si orzoaica,din care: Exploatatii agricole individuale,Bacau,2015,Kilograme,2120.0
Orz si orzoaica,din care: Exploatatii agricole individuale,Harghita,2015,Kilograme,1934.0
Orz si orzoaica,Sector privat,Covasna,2015,Kilograme,2124.0
Orz si orzoaica,din care: Exploatatii agricole individuale,Alba,2016,Kilograme,2796.0
Orz si orzoaica,din care: Exploatatii agricole individuale,Suceava,2016,Kilograme,2140.0
Orz si orzoaica,Sector privat,Vaslui,2016,Kilograme,2594.0
Orz si orzoaica,din care: Exploatatii agricole individuale,Satu Mare,2016,Kilograme,3650.0
Orz si orzoaica,Sector privat,Covasna,2016,Kilograme,2416.0
Orz si orzoaica,Sector privat,Ilfov,2016,Kilograme,3769.0
Orz si orzoaica,Sector privat,Galati,2016,Kilograme,3716.0
Orz si orzoaica,Sector privat,Vrancea,2016,Kilograme,2207.0
Orz si orzoaica,Sector privat,Bihor,2016,Kilograme,3730.0
Orz si orzoaica,din care: Exploatatii agricole individuale,Brasov,2016,Kilograme,2740.0
Orz si orzoaica,din care: Exploatatii agricole individuale,Prahova,2016,Kilograme,3069.0
Orz si orzoaica,Sector privat,Timis,2016,Kilograme,4199.0
Orz si orzoaica,Sector privat,Buzau,2016,Kilograme,3249.0
Orz si orzoaica,din care: Exploatatii agricole individuale,Vaslui,2016,Kilograme,2179.0
Orz si orzoaica,Sector privat,Arges,2016,Kilograme,2937.0
Orz si orzoaica,Sector privat,Harghita,2016,Kilograme,2310.0
Orz si orzoaica,din care: Exploatatii agricole individuale,Timis,2016,Kilograme,4203.0
Orz si orzoaica,Sector privat,Dolj,2016,Kilograme,3760.0
Orz si orzoaica,din care: Exploatatii agricole individuale,Braila,2016,Kilograme,3446.0
Orz si orzoaica,din care: Exploatatii agricole individuale,Buzau,2016,Kilograme,2500.0
Orz si orzoaica,Sector privat,Bistrita-Nasaud,2016,Kilograme,2475.0
Orz si orzoaica,din care: Exploatatii agricole individuale,Bacau,2016,Kilograme,2357.0
Orz si orzoaica,din care: Exploatatii agricole individuale,Bihor,2016,Kilograme,4197.0
Orz si orzoaica,Sector privat,Hunedoara,2016,Kilograme,2514.0
Orz si orzoaica,din care: Exploatatii agricole individuale,Constanta,2016,Kilograme,3444.0
Orz si orzoaica,Sector privat,Calarasi,2016,Kilograme,4777.0
Orz si orzoaica,Sector privat,Mures,2016,Kilograme,3388.0
Orz si orzoaica,Sector privat,Gorj,2016,Kilograme,3262.0
Orz si orzoaica,Sector privat,Cluj,2016,Kilograme,3110.0
Orz si orzoaica,din care: Exploatatii agricole individuale,Botosani,2016,Kilograme,1949.0
Orz si orzoaica,din care: Exploatatii agricole individuale,Dambovita,2016,Kilograme,2822.0
Orz si orzoaica,din care: Exploatatii agricole individuale,Covasna,2016,Kilograme,2388.0
Orz si orzoaica,din care: Exploatatii agricole individuale,Caras-Severin,2016,Kilograme,3275.0
Orz si orzoaica,din care: Exploatatii agricole individuale,Bistrita-Nasaud,2016,Kilograme,2468.0
Orz si orzoaica,Sector privat,Dambovita,2016,Kilograme,2942.0
Orz si orzoaica,Sector privat,Sibiu,2016,Kilograme,2730.0
Orz si orzoaica,Sector privat,Maramures,2016,Kilograme,2930.0
Orz si orzoaica,Sector privat,Mehedinti,2016,Kilograme,3260.0
Orz si orzoaica,Sector privat,Constanta,2016,Kilograme,4004.0
Orz si orzoaica,din care: Exploatatii agricole individuale,Galati,2016,Kilograme,2558.0
Orz si orzoaica,din care: Exploatatii agricole individuale,Ilfov,2016,Kilograme,3630.0
Orz si orzoaica,din care: Exploatatii agricole individuale,Cluj,2016,Kilograme,2967.0
Orz si orzoaica,Sector privat,Suceava,2016,Kilograme,2223.0
Orz si orzoaica,din care: Exploatatii agricole individuale,Calarasi,2016,Kilograme,4573.0
Orz si orzoaica,Sector privat,Tulcea,2016,Kilograme,3615.0
Orz si orzoaica,din care: Exploatatii agricole individuale,Giurgiu,2016,Kilograme,3599.0
Orz si orzoaica,Sector privat,Giurgiu,2016,Kilograme,3735.0
Orz si orzoaica,Sector privat,Olt,2016,Kilograme,3168.0
Orz si orzoaica,Sector privat,Bacau,2016,Kilograme,2416.0
Orz si orzoaica,Sector privat,Satu Mare,2016,Kilograme,3725.0
Orz si orzoaica,din care: Exploatatii agricole individuale,Arges,2016,Kilograme,2786.0
Orz si orzoaica,din care: Exploatatii agricole individuale,Ialomita,2016,Kilograme,3860.0
Orz si orzoaica,din care: Exploatatii agricole individuale,Maramures,2016,Kilograme,2933.0
Orz si orzoaica,din care: Exploatatii agricole individuale,Iasi,2016,Kilograme,2434.0
Orz si orzoaica,din care: Exploatatii agricole individuale,Teleorman,2016,Kilograme,3637.0
Orz si orzoaica,Sector privat,Botosani,2016,Kilograme,1983.0
Orz si orzoaica,Sector privat,Ialomita,2016,Kilograme,4951.0
Orz si orzoaica,Sector privat,Valcea,2016,Kilograme,3447.0
Orz si orzoaica,Sector privat,Salaj,2016,Kilograme,2628.0
Orz si orzoaica,Sector privat,Braila,2016,Kilograme,4806.0
Orz si orzoaica,din care: Exploatatii agricole individuale,Olt,2016,Kilograme,3346.0
Orz si orzoaica,din care: Exploatatii agricole individuale,Dolj,2016,Kilograme,3475.0
Orz si orzoaica,din care: Exploatatii agricole individuale,Valcea,2016,Kilograme,3273.0
Orz si orzoaica,din care: Exploatatii agricole individuale,Mures,2016,Kilograme,3350.0
Orz si orzoaica,din care: Exploatatii agricole individuale,Gorj,2016,Kilograme,3317.0
Orz si orzoaica,din care: Exploatatii agricole individuale,Vrancea,2016,Kilograme,2188.0
Orz si orzoaica,Sector privat,Iasi,2016,Kilograme,3159.0
Orz si orzoaica,Sector privat,Arad,2016,Kilograme,3677.0
Orz si orzoaica,Sector privat,Prahova,2016,Kilograme,3837.0
Orz si orzoaica,Sector privat,Alba,2016,Kilograme,3166.0
Orz si orzoaica,din care: Exploatatii agricole individuale,Tulcea,2016,Kilograme,2816.0
Orz si orzoaica,din care: Exploatatii agricole individuale,Hunedoara,2016,Kilograme,2417.0
Orz si orzoaica,din care: Exploatatii agricole individuale,Arad,2016,Kilograme,3401.0
Orz si orzoaica,din care: Exploatatii agricole individuale,Salaj,2016,Kilograme,2597.0
Orz si orzoaica,Sector privat,Brasov,2016,Kilograme,2759.0
Orz si orzoaica,Sector privat,Neamt,2016,Kilograme,3978.0
Orz si orzoaica,Sector privat,Teleorman,2016,Kilograme,3507.0
Orz si orzoaica,Sector privat,Caras-Severin,2016,Kilograme,3646.0
Orz si orzoaica,din care: Exploatatii agricole individuale,Sibiu,2016,Kilograme,2580.0
Orz si orzoaica,din care: Exploatatii agricole individuale,Harghita,2016,Kilograme,2309.0
Orz si orzoaica,din care: Exploatatii agricole individuale,Mehedinti,2016,Kilograme,3275.0
Orz si orzoaica,din care: Exploatatii agricole individuale,Neamt,2016,Kilograme,2764.0
Orz si orzoaica,din care: Exploatatii agricole individuale,Bacau,2017,Kilograme,2718.0
Orz si orzoaica,din care: Exploatatii agricole individuale,Dolj,2017,Kilograme,4384.0
Orz si orzoaica,Sector privat,Bistrita-Nasaud,2017,Kilograme,2917.0
Orz si orzoaica,din care: Exploatatii agricole individuale,Braila,2017,Kilograme,4067.0
Orz si orzoaica,din care: Exploatatii agricole individuale,Alba,2017,Kilograme,2998.0
Orz si orzoaica,din care: Exploatatii agricole individuale,Mures,2017,Kilograme,3528.0
Orz si orzoaica,Sector privat,Hunedoara,2017,Kilograme,3099.0
Orz si orzoaica,Sector privat,Ilfov,2017,Kilograme,4048.0
Orz si orzoaica,Sector privat,Covasna,2017,Kilograme,3354.0
Orz si orzoaica,Sector privat,Galati,2017,Kilograme,3852.0
Orz si orzoaica,Sector privat,Vrancea,2017,Kilograme,2432.0
Orz si orzoaica,Sector privat,Bihor,2017,Kilograme,4177.0
Orz si orzoaica,Sector privat,Municipiul Bucuresti,2017,Kilograme,3000.0
Orz si orzoaica,din care: Exploatatii agricole individuale,Brasov,2017,Kilograme,3043.0
Orz si orzoaica,din care: Exploatatii agricole individuale,Giurgiu,2017,Kilograme,4246.0
Orz si orzoaica,din care: Exploatatii agricole individuale,Mehedinti,2017,Kilograme,3833.0
Orz si orzoaica,Sector privat,Buzau,2017,Kilograme,3872.0
Orz si orzoaica,din care: Exploatatii agricole individuale,Vaslui,2017,Kilograme,2839.0
Orz si orzoaica,Sector privat,Timis,2017,Kilograme,4150.0
Orz si orzoaica,din care: Exploatatii agricole individuale,Municipiul Bucuresti,2017,Kilograme,3000.0
Orz si orzoaica,Sector privat,Arges,2017,Kilograme,3772.0
Orz si orzoaica,din care: Exploatatii agricole individuale,Harghita,2017,Kilograme,2628.0
Orz si orzoaica,Sector privat,Dolj,2017,Kilograme,4675.0
Orz si orzoaica,din care: Exploatatii agricole individuale,Gorj,2017,Kilograme,3632.0
Orz si orzoaica,din care: Exploatatii agricole individuale,Timis,2017,Kilograme,4457.0
Orz si orzoaica,din care: Exploatatii agricole individuale,Prahova,2017,Kilograme,3404.0
Orz si orzoaica,din care: Exploatatii agricole individuale,Neamt,2017,Kilograme,3126.0
Orz si orzoaica,din care: Exploatatii agricole individuale,Bihor,2017,Kilograme,4445.0
Orz si orzoaica,din care: Exploatatii agricole individuale,Constanta,2017,Kilograme,4073.0
Orz si orzoaica,din care: Exploatatii agricole individuale,Ilfov,2017,Kilograme,3883.0
Orz si orzoaica,Sector privat,Calarasi,2017,Kilograme,5646.0
Orz si orzoaica,Sector privat,Vaslui,2017,Kilograme,2744.0
Orz si orzoaica,Sector privat,Gorj,2017,Kilograme,3632.0
Orz si orzoaica,Sector privat,Mures,2017,Kilograme,3544.0
Orz si orzoaica,Sector privat,Cluj,2017,Kilograme,3284.0
Orz si orzoaica,din care: Exploatatii agricole individuale,Botosani,2017,Kilograme,2745.0
Orz si orzoaica,din care: Exploatatii agricole individuale,Dambovita,2017,Kilograme,3121.0
Orz si orzoaica,din care: Exploatatii agricole individuale,Caras-Severin,2017,Kilograme,3492.0
Orz si orzoaica,din care: Exploatatii agricole individuale,Bistrita-Nasaud,2017,Kilograme,2938.0
Orz si orzoaica,Sector privat,Sibiu,2017,Kilograme,3277.0
Orz si orzoaica,Sector privat,Dambovita,2017,Kilograme,3282.0
Orz si orzoaica,Sector privat,Mehedinti,2017,Kilograme,4046.0
Orz si orzoaica,Sector privat,Maramures,2017,Kilograme,3203.0
Orz si orzoaica,Sector privat,Constanta,2017,Kilograme,4180.0
Orz si orzoaica,din care: Exploatatii agricole individuale,Galati,2017,Kilograme,3134.0
Orz si orzoaica,din care: Exploatatii agricole individuale,Buzau,2017,Kilograme,3582.0
Orz si orzoaica,Sector privat,Suceava,2017,Kilograme,2727.0
Orz si orzoaica,din care: Exploatatii agricole individuale,Cluj,2017,Kilograme,3200.0
Orz si orzoaica,Sector privat,Tulcea,2017,Kilograme,4226.0
Orz si orzoaica,Sector privat,Olt,2017,Kilograme,4160.0
Orz si orzoaica,Sector privat,Giurgiu,2017,Kilograme,4408.0
Orz si orzoaica,Sector privat,Bacau,2017,Kilograme,2722.0
Orz si orzoaica,Sector privat,Satu Mare,2017,Kilograme,4281.0
Orz si orzoaica,din care: Exploatatii agricole individuale,Arges,2017,Kilograme,3964.0
Orz si orzoaica,din care: Exploatatii agricole individuale,Ialomita,2017,Kilograme,4214.0
Orz si orzoaica,din care: Exploatatii agricole individuale,Maramures,2017,Kilograme,3204.0
Orz si orzoaica,din care: Exploatatii agricole individuale,Iasi,2017,Kilograme,3037.0
Orz si orzoaica,din care: Exploatatii agricole individuale,Suceava,2017,Kilograme,2712.0
Orz si orzoaica,din care: Exploatatii agricole individuale,Covasna,2017,Kilograme,3345.0
Orz si orzoaica,Sector privat,Valcea,2017,Kilograme,3956.0
Orz si orzoaica,Sector privat,Ialomita,2017,Kilograme,5442.0
Orz si orzoaica,Sector privat,Botosani,2017,Kilograme,2765.0
Orz si orzoaica,Sector privat,Salaj,2017,Kilograme,2886.0
Orz si orzoaica,din care: Exploatatii agricole individuale,Teleorman,2017,Kilograme,4118.0
Orz si orzoaica,din care: Exploatatii agricole individuale,Sibiu,2017,Kilograme,2817.0
Orz si orzoaica,din care: Exploatatii agricole individuale,Satu Mare,2017,Kilograme,4274.0
Orz si orzoaica,din care: Exploatatii agricole individuale,Olt,2017,Kilograme,4173.0
Orz si orzoaica,Sector privat,Arad,2017,Kilograme,3956.0
Orz si orzoaica,din care: Exploatatii agricole individuale,Calarasi,2017,Kilograme,5325.0
Orz si orzoaica,Sector privat,Iasi,2017,Kilograme,3730.0
Orz si orzoaica,Sector privat,Prahova,2017,Kilograme,3932.0
Orz si orzoaica,Sector privat,Alba,2017,Kilograme,3280.0
Orz si orzoaica,Sector privat,Braila,2017,Kilograme,4831.0
Orz si orzoaica,din care: Exploatatii agricole individuale,Hunedoara,2017,Kilograme,3042.0
Orz si orzoaica,din care: Exploatatii agricole individuale,Arad,2017,Kilograme,3857.0
Orz si orzoaica,din care: Exploatatii agricole individuale,Tulcea,2017,Kilograme,3431.0
Orz si orzoaica,din care: Exploatatii agricole individuale,Vrancea,2017,Kilograme,2632.0
Orz si orzoaica,din care: Exploatatii agricole individuale,Salaj,2017,Kilograme,2859.0
Orz si orzoaica,Sector privat,Brasov,2017,Kilograme,3056.0
Orz si orzoaica,Sector privat,Caras-Severin,2017,Kilograme,4078.0
Orz si orzoaica,Sector privat,Teleorman,2017,Kilograme,4433.0
Orz si orzoaica,Sector privat,Neamt,2017,Kilograme,4038.0
Orz si orzoaica,din care: Exploatatii agricole individuale,Valcea,2017,Kilograme,3823.0
Orz si orzoaica,Sector privat,Harghita,2017,Kilograme,2629.0
Orz si orzoaica,din care: Exploatatii agricole individuale,Bacau,2018,Kilograme,2764.0
Orz si orzoaica,Sector privat,Caras-Severin,2018,Kilograme,4983.0
Orz si orzoaica,din care: Exploatatii agricole individuale,Alba,2018,Kilograme,3007.0
Orz si orzoaica,din care: Exploatatii agricole individuale,Mures,2018,Kilograme,3567.0
Orz si orzoaica,Sector privat,Hunedoara,2018,Kilograme,3136.0
Orz si orzoaica,Sector privat,Ilfov,2018,Kilograme,4054.0
Orz si orzoaica,Sector privat,Vrancea,2018,Kilograme,2838.0
Orz si orzoaica,Sector privat,Covasna,2018,Kilograme,3350.0
Orz si orzoaica,Sector privat,Bihor,2018,Kilograme,4182.0
Orz si orzoaica,din care: Exploatatii agricole individuale,Brasov,2018,Kilograme,3031.0
Orz si orzoaica,Sector privat,Galati,2018,Kilograme,3767.0
Orz si orzoaica,din care: Exploatatii agricole individuale,Mehedinti,2018,Kilograme,3918.0
Orz si orzoaica,din care: Exploatatii agricole individuale,Giurgiu,2018,Kilograme,4327.0
Orz si orzoaica,Sector privat,Arges,2018,Kilograme,4137.0
Orz si orzoaica,Sector privat,Timis,2018,Kilograme,5947.0
Orz si orzoaica,Sector privat,Buzau,2018,Kilograme,4037.0
Orz si orzoaica,Sector privat,Dolj,2018,Kilograme,4726.0
Orz si orzoaica,Sector privat,Harghita,2018,Kilograme,2665.0
Orz si orzoaica,din care: Exploatatii agricole individuale,Prahova,2018,Kilograme,2809.0
Orz si orzoaica,din care: Exploatatii agricole individuale,Timis,2018,Kilograme,5082.0
Orz si orzoaica,Sector privat,Bistrita-Nasaud,2018,Kilograme,3024.0
Orz si orzoaica,din care: Exploatatii agricole individuale,Dolj,2018,Kilograme,4417.0
Orz si orzoaica,din care: Exploatatii agricole individuale,Neamt,2018,Kilograme,3225.0
Orz si orzoaica,Sector privat,Calarasi,2018,Kilograme,7184.0
Orz si orzoaica,Sector privat,Vaslui,2018,Kilograme,3251.0
Orz si orzoaica,din care: Exploatatii agricole individuale,Vaslui,2018,Kilograme,2899.0
Orz si orzoaica,din care: Exploatatii agricole individuale,Constanta,2018,Kilograme,4258.0
Orz si orzoaica,Sector privat,Mures,2018,Kilograme,3637.0
Orz si orzoaica,din care: Exploatatii agricole individuale,Ilfov,2018,Kilograme,4068.0
Orz si orzoaica,Sector privat,Gorj,2018,Kilograme,3717.0
Orz si orzoaica,Sector privat,Cluj,2018,Kilograme,3299.0
Orz si orzoaica,din care: Exploatatii agricole individuale,Galati,2018,Kilograme,3221.0
Orz si orzoaica,din care: Exploatatii agricole individuale,Dambovita,2018,Kilograme,2779.0
Orz si orzoaica,din care: Exploatatii agricole individuale,Botosani,2018,Kilograme,2805.0
Orz si orzoaica,din care: Exploatatii agricole individuale,Caras-Severin,2018,Kilograme,3505.0
Orz si orzoaica,din care: Exploatatii agricole individuale,Bistrita-Nasaud,2018,Kilograme,3010.0
Orz si orzoaica,Sector privat,Dambovita,2018,Kilograme,2996.0
Orz si orzoaica,Sector privat,Sibiu,2018,Kilograme,3115.0
Orz si orzoaica,Sector privat,Mehedinti,2018,Kilograme,4039.0
Orz si orzoaica,Sector privat,Maramures,2018,Kilograme,3293.0
Orz si orzoaica,din care: Exploatatii agricole individuale,Olt,2018,Kilograme,4292.0
Orz si orzoaica,din care: Exploatatii agricole individuale,Buzau,2018,Kilograme,3668.0
Orz si orzoaica,Sector privat,Suceava,2018,Kilograme,2856.0
Orz si orzoaica,din care: Exploatatii agricole individuale,Cluj,2018,Kilograme,3237.0
Orz si orzoaica,Sector privat,Giurgiu,2018,Kilograme,5076.0
Orz si orzoaica,Sector privat,Olt,2018,Kilograme,4132.0
Orz si orzoaica,Sector privat,Tulcea,2018,Kilograme,3976.0
Orz si orzoaica,Sector privat,Bacau,2018,Kilograme,2830.0
Orz si orzoaica,Sector privat,Satu Mare,2018,Kilograme,4191.0
Orz si orzoaica,din care: Exploatatii agricole individuale,Arges,2018,Kilograme,3990.0
Orz si orzoaica,din care: Exploatatii agricole individuale,Harghita,2018,Kilograme,2684.0
Orz si orzoaica,din care: Exploatatii agricole individuale,Ialomita,2018,Kilograme,4400.0
Orz si orzoaica,din care: Exploatatii agricole individuale,Maramures,2018,Kilograme,3291.0
Orz si orzoaica,din care: Exploatatii agricole individuale,Suceava,2018,Kilograme,2850.0
Orz si orzoaica,din care: Exploatatii agricole individuale,Iasi,2018,Kilograme,3149.0
Orz si orzoaica,Sector privat,Ialomita,2018,Kilograme,5798.0
Orz si orzoaica,Sector privat,Valcea,2018,Kilograme,3902.0
Orz si orzoaica,Sector privat,Botosani,2018,Kilograme,2985.0
Orz si orzoaica,Sector privat,Salaj,2018,Kilograme,3032.0
Orz si orzoaica,din care: Exploatatii agricole individuale,Covasna,2018,Kilograme,3352.0
Orz si orzoaica,din care: Exploatatii agricole individuale,Teleorman,2018,Kilograme,4179.0
Orz si orzoaica,din care: Exploatatii agricole individuale,Sibiu,2018,Kilograme,2817.0
Orz si orzoaica,din care: Exploatatii agricole individuale,Bihor,2018,Kilograme,4521.0
Orz si orzoaica,din care: Exploatatii agricole individuale,Satu Mare,2018,Kilograme,4315.0
Orz si orzoaica,din care: Exploatatii agricole individuale,Braila,2018,Kilograme,4109.0
Orz si orzoaica,Sector privat,Arad,2018,Kilograme,4335.0
Orz si orzoaica,Sector privat,Prahova,2018,Kilograme,3639.0
Orz si orzoaica,Sector privat,Iasi,2018,Kilograme,3966.0
Orz si orzoaica,Sector privat,Alba,2018,Kilograme,3300.0
Orz si orzoaica,din care: Exploatatii agricole individuale,Calarasi,2018,Kilograme,5467.0
Orz si orzoaica,din care: Exploatatii agricole individuale,Tulcea,2018,Kilograme,3556.0
Orz si orzoaica,din care: Exploatatii agricole individuale,Hunedoara,2018,Kilograme,3435.0
Orz si orzoaica,din care: Exploatatii agricole individuale,Vrancea,2018,Kilograme,2894.0
Orz si orzoaica,Sector privat,Braila,2018,Kilograme,4942.0
Orz si orzoaica,din care: Exploatatii agricole individuale,Salaj,2018,Kilograme,3011.0
Orz si orzoaica,Sector privat,Teleorman,2018,Kilograme,4512.0
Orz si orzoaica,Sector privat,Brasov,2018,Kilograme,3019.0
Orz si orzoaica,Sector privat,Neamt,2018,Kilograme,4097.0
Orz si orzoaica,Sector privat,Constanta,2018,Kilograme,4754.0
Orz si orzoaica,din care: Exploatatii agricole individuale,Arad,2018,Kilograme,3997.0
Orz si orzoaica,din care: Exploatatii agricole individuale,Valcea,2018,Kilograme,3869.0
Orz si orzoaica,din care: Exploatatii agricole individuale,Gorj,2018,Kilograme,3717.0
Orz si orzoaica,din care: Exploatatii agricole individuale,Gorj,2019,Kilograme,3656.0
Orz si orzoaica,Sector privat,Caras-Severin,2019,Kilograme,3051.0
Orz si orzoaica,din care: Exploatatii agricole individuale,Bacau,2019,Kilograme,2524.0
Orz si orzoaica,Sector privat,Hunedoara,2019,Kilograme,3591.0
Orz si orzoaica,Sector privat,Ilfov,2019,Kilograme,4152.0
Orz si orzoaica,din care: Exploatatii agricole individuale,Mures,2019,Kilograme,3135.0
Orz si orzoaica,Sector privat,Covasna,2019,Kilograme,3084.0
Orz si orzoaica,Sector privat,Vrancea,2019,Kilograme,3534.0
Orz si orzoaica,din care: Exploatatii agricole individuale,Brasov,2019,Kilograme,2736.0
Orz si orzoaica,Sector privat,Bihor,2019,Kilograme,3689.0
Orz si orzoaica,din care: Exploatatii agricole individuale,Mehedinti,2019,Kilograme,3676.0
Orz si orzoaica,din care: Exploatatii agricole individuale,Giurgiu,2019,Kilograme,4314.0
Orz si orzoaica,Sector privat,Timis,2019,Kilograme,5153.0
Orz si orzoaica,Sector privat,Arges,2019,Kilograme,4236.0
Orz si orzoaica,Sector privat,Harghita,2019,Kilograme,2576.0
Orz si orzoaica,Sector privat,Dolj,2019,Kilograme,4591.0
Orz si orzoaica,Sector privat,Galati,2019,Kilograme,3540.0
Orz si orzoaica,din care: Exploatatii agricole individuale,Timis,2019,Kilograme,4918.0
Orz si orzoaica,din care: Exploatatii agricole individuale,Prahova,2019,Kilograme,3119.0
Orz si orzoaica,Sector privat,Bistrita-Nasaud,2019,Kilograme,2269.0
Orz si orzoaica,din care: Exploatatii agricole individuale,Bihor,2019,Kilograme,3669.0
Orz si orzoaica,din care: Exploatatii agricole individuale,Dolj,2019,Kilograme,4279.0
Orz si orzoaica,Sector privat,Calarasi,2019,Kilograme,5564.0
Orz si orzoaica,din care: Exploatatii agricole individuale,Vaslui,2019,Kilograme,2620.0
Orz si orzoaica,Sector privat,Mures,2019,Kilograme,3273.0
Orz si orzoaica,din care: Exploatatii agricole individuale,Constanta,2019,Kilograme,4002.0
Orz si orzoaica,din care: Exploatatii agricole individuale,Ilfov,2019,Kilograme,3771.0
Orz si orzoaica,Sector privat,Gorj,2019,Kilograme,3660.0
Orz si orzoaica,din care: Exploatatii agricole individuale,Galati,2019,Kilograme,2935.0
Orz si orzoaica,Sector privat,Cluj,2019,Kilograme,3292.0
Orz si orzoaica,din care: Exploatatii agricole individuale,Dambovita,2019,Kilograme,2810.0
Orz si orzoaica,Sector privat,Suceava,2019,Kilograme,3045.0
Orz si orzoaica,din care: Exploatatii agricole individuale,Botosani,2019,Kilograme,2793.0
Orz si orzoaica,Sector privat,Sibiu,2019,Kilograme,2542.0
Orz si orzoaica,din care: Exploatatii agricole individuale,Caras-Severin,2019,Kilograme,3194.0
Orz si orzoaica,din care: Exploatatii agricole individuale,Bistrita-Nasaud,2019,Kilograme,2270.0
Orz si orzoaica,Sector privat,Dambovita,2019,Kilograme,3323.0
Orz si orzoaica,Sector privat,Mehedinti,2019,Kilograme,4085.0
Orz si orzoaica,din care: Exploatatii agricole individuale,Valcea,2019,Kilograme,3792.0
Orz si orzoaica,Sector privat,Maramures,2019,Kilograme,2839.0
Orz si orzoaica,din care: Exploatatii agricole individuale,Buzau,2019,Kilograme,3564.0
Orz si orzoaica,din care: Exploatatii agricole individuale,Olt,2019,Kilograme,3668.0
Orz si orzoaica,din care: Exploatatii agricole individuale,Cluj,2019,Kilograme,3169.0
Orz si orzoaica,Sector privat,Giurgiu,2019,Kilograme,4905.0
Orz si orzoaica,Sector privat,Bacau,2019,Kilograme,2605.0
Orz si orzoaica,Sector privat,Tulcea,2019,Kilograme,3410.0
Orz si orzoaica,Sector privat,Olt,2019,Kilograme,4340.0
Orz si orzoaica,Sector privat,Buzau,2019,Kilograme,4086.0
Orz si orzoaica,din care: Exploatatii agricole individuale,Arges,2019,Kilograme,3985.0
Orz si orzoaica,Sector privat,Satu Mare,2019,Kilograme,4121.0
Orz si orzoaica,din care: Exploatatii agricole individuale,Harghita,2019,Kilograme,2590.0
Orz si orzoaica,din care: Exploatatii agricole individuale,Ialomita,2019,Kilograme,4652.0
Orz si orzoaica,din care: Exploatatii agricole individuale,Maramures,2019,Kilograme,2837.0
Orz si orzoaica,Sector privat,Braila,2019,Kilograme,5101.0
Orz si orzoaica,din care: Exploatatii agricole individuale,Iasi,2019,Kilograme,2923.0
Orz si orzoaica,Sector privat,Ialomita,2019,Kilograme,5052.0
Orz si orzoaica,Sector privat,Botosani,2019,Kilograme,2811.0
Orz si orzoaica,Sector privat,Valcea,2019,Kilograme,3832.0
Orz si orzoaica,din care: Exploatatii agricole individuale,Sibiu,2019,Kilograme,2347.0
Orz si orzoaica,Sector privat,Salaj,2019,Kilograme,2668.0
Orz si orzoaica,Sector privat,Constanta,2019,Kilograme,4398.0
Orz si orzoaica,din care: Exploatatii agricole individuale,Covasna,2019,Kilograme,3082.0
Orz si orzoaica,din care: Exploatatii agricole individuale,Neamt,2019,Kilograme,3003.0
Orz si orzoaica,Sector privat,Vaslui,2019,Kilograme,2645.0
Orz si orzoaica,din care: Exploatatii agricole individuale,Satu Mare,2019,Kilograme,4125.0
Orz si orzoaica,Sector privat,Iasi,2019,Kilograme,3546.0
Orz si orzoaica,Sector privat,Arad,2019,Kilograme,3777.0
Orz si orzoaica,Sector privat,Prahova,2019,Kilograme,4585.0
Orz si orzoaica,din care: Exploatatii agricole individuale,Calarasi,2019,Kilograme,5153.0
Orz si orzoaica,Sector privat,Alba,2019,Kilograme,3053.0
Orz si orzoaica,din care: Exploatatii agricole individuale,Braila,2019,Kilograme,3953.0
Orz si orzoaica,din care: Exploatatii agricole individuale,Suceava,2019,Kilograme,3048.0
Orz si orzoaica,din care: Exploatatii agricole individuale,Tulcea,2019,Kilograme,3441.0
Orz si orzoaica,din care: Exploatatii agricole individuale,Teleorman,2019,Kilograme,3918.0
Orz si orzoaica,din care: Exploatatii agricole individuale,Vrancea,2019,Kilograme,2920.0
Orz si orzoaica,din care: Exploatatii agricole individuale,Hunedoara,2019,Kilograme,3359.0
Orz si orzoaica,din care: Exploatatii agricole individuale,Salaj,2019,Kilograme,2661.0
Orz si orzoaica,Sector privat,Teleorman,2019,Kilograme,4513.0
Orz si orzoaica,Sector privat,Neamt,2019,Kilograme,3620.0
Orz si orzoaica,Sector privat,Brasov,2019,Kilograme,2807.0
Orz si orzoaica,din care: Exploatatii agricole individuale,Arad,2019,Kilograme,3848.0
Orz si orzoaica,din care: Exploatatii agricole individuale,Alba,2019,Kilograme,2556.0
Orz si orzoaica,Sector privat,Bihor,2020,Kilograme,2811.0
Orz si orzoaica,Sector privat,Timis,2020,Kilograme,4796.0
Orz si orzoaica,Sector privat,Bistrita-Nasaud,2020,Kilograme,2050.0
Orz si orzoaica,din care: Exploatatii agricole individuale,Bihor,2020,Kilograme,2616.0
Orz si orzoaica,din care: Exploatatii agricole individuale,Timis,2020,Kilograme,2971.0
Orz si orzoaica,Sector privat,Calarasi,2020,Kilograme,2629.0
Orz si orzoaica,Sector privat,Cluj,2020,Kilograme,2649.0
Orz si orzoaica,din care: Exploatatii agricole individuale,Gorj,2020,Kilograme,2791.0
Orz si orzoaica,din care: Exploatatii agricole individuale,Bistrita-Nasaud,2020,Kilograme,2037.0
Orz si orzoaica,din care: Exploatatii agricole individuale,Ilfov,2020,Kilograme,2336.0
Orz si orzoaica,Sector privat,Dambovita,2020,Kilograme,2818.0
Orz si orzoaica,Sector privat,Maramures,2020,Kilograme,2512.0
Orz si orzoaica,din care: Exploatatii agricole individuale,Prahova,2020,Kilograme,2055.0
Orz si orzoaica,din care: Exploatatii agricole individuale,Cluj,2020,Kilograme,2317.0
Orz si orzoaica,Sector privat,Suceava,2020,Kilograme,2633.0
Orz si orzoaica,Sector privat,Giurgiu,2020,Kilograme,4141.0
Orz si orzoaica,Sector privat,Satu Mare,2020,Kilograme,3087.0
Orz si orzoaica,din care: Exploatatii agricole individuale,Dambovita,2020,Kilograme,2313.0
Orz si orzoaica,din care: Exploatatii agricole individuale,Buzau,2020,Kilograme,876.0
Orz si orzoaica,din care: Exploatatii agricole individuale,Maramures,2020,Kilograme,2475.0
Orz si orzoaica,Sector privat,Ialomita,2020,Kilograme,1618.0
Orz si orzoaica,din care: Exploatatii agricole individuale,Sibiu,2020,Kilograme,2035.0
Orz si orzoaica,Sector privat,Salaj,2020,Kilograme,2422.0
Orz si orzoaica,Sector privat,Vaslui,2020,Kilograme,1238.0
Orz si orzoaica,din care: Exploatatii agricole individuale,Arges,2020,Kilograme,2451.0
Orz si orzoaica,din care: Exploatatii agricole individuale,Arad,2020,Kilograme,3182.0
Orz si orzoaica,din care: Exploatatii agricole individuale,Suceava,2020,Kilograme,2635.0
Orz si orzoaica,din care: Exploatatii agricole individuale,Olt,2020,Kilograme,2170.0
Orz si orzoaica,din care: Exploatatii agricole individuale,Satu Mare,2020,Kilograme,2800.0
Orz si orzoaica,Sector privat,Prahova,2020,Kilograme,2468.0
Orz si orzoaica,Sector privat,Alba,2020,Kilograme,2415.0
Orz si orzoaica,din care: Exploatatii agricole individuale,Salaj,2020,Kilograme,2397.0
Orz si orzoaica,Sector privat,Brasov,2020,Kilograme,2292.0
Orz si orzoaica,din care: Exploatatii agricole individuale,Tulcea,2020,Kilograme,927.0
Orz si orzoaica,din care: Exploatatii agricole individuale,Teleorman,2020,Kilograme,3206.0
Orz si orzoaica,din care: Exploatatii agricole individuale,Alba,2020,Kilograme,1897.0
Orz si orzoaica,Sector privat,Teleorman,2020,Kilograme,4187.0
Orz si orzoaica,Sector privat,Ilfov,2020,Kilograme,2807.0
Orz si orzoaica,Sector privat,Covasna,2020,Kilograme,1913.0
Orz si orzoaica,din care: Exploatatii agricole individuale,Bacau,2020,Kilograme,1177.0
Orz si orzoaica,din care: Exploatatii agricole individuale,Brasov,2020,Kilograme,2070.0
Orz si orzoaica,din care: Exploatatii agricole individuale,Vaslui,2020,Kilograme,1146.0
Orz si orzoaica,Sector privat,Harghita,2020,Kilograme,2081.0
Orz si orzoaica,din care: Exploatatii agricole individuale,Neamt,2020,Kilograme,1759.0
Orz si orzoaica,Sector privat,Galati,2020,Kilograme,1594.0
Orz si orzoaica,Sector privat,Dolj,2020,Kilograme,4166.0
Orz si orzoaica,din care: Exploatatii agricole individuale,Caras-Severin,2020,Kilograme,2959.0
Orz si orzoaica,din care: Exploatatii agricole individuale,Giurgiu,2020,Kilograme,3674.0
Orz si orzoaica,din care: Exploatatii agricole individuale,Botosani,2020,Kilograme,1616.0
Orz si orzoaica,Sector privat,Mures,2020,Kilograme,3083.0
Orz si orzoaica,din care: Exploatatii agricole individuale,Valcea,2020,Kilograme,3653.0
Orz si orzoaica,Sector privat,Gorj,2020,Kilograme,2806.0
Orz si orzoaica,Sector privat,Sibiu,2020,Kilograme,2692.0
Orz si orzoaica,Sector privat,Tulcea,2020,Kilograme,1599.0
Orz si orzoaica,din care: Exploatatii agricole individuale,Constanta,2020,Kilograme,1010.0
Orz si orzoaica,Sector privat,Mehedinti,2020,Kilograme,2981.0
Orz si orzoaica,din care: Exploatatii agricole individuale,Galati,2020,Kilograme,1515.0
Orz si orzoaica,Sector privat,Olt,2020,Kilograme,3468.0
Orz si orzoaica,Sector privat,Bacau,2020,Kilograme,1396.0
Orz si orzoaica,Sector privat,Botosani,2020,Kilograme,1674.0
Orz si orzoaica,Sector privat,Valcea,2020,Kilograme,3659.0
Orz si orzoaica,din care: Exploatatii agricole individuale,Dolj,2020,Kilograme,3440.0
Orz si orzoaica,Sector privat,Buzau,2020,Kilograme,1298.0
Orz si orzoaica,din care: Exploatatii agricole individuale,Ialomita,2020,Kilograme,1045.0
Orz si orzoaica,din care: Exploatatii agricole individuale,Mures,2020,Kilograme,2853.0
Orz si orzoaica,din care: Exploatatii agricole individuale,Calarasi,2020,Kilograme,2085.0
Orz si orzoaica,Sector privat,Iasi,2020,Kilograme,2663.0
Orz si orzoaica,Sector privat,Arad,2020,Kilograme,3844.0
Orz si orzoaica,din care: Exploatatii agricole individuale,Braila,2020,Kilograme,1454.0
Orz si orzoaica,Sector privat,Caras-Severin,2020,Kilograme,3559.0
Orz si orzoaica,din care: Exploatatii agricole individuale,Covasna,2020,Kilograme,1902.0
Orz si orzoaica,Sector privat,Neamt,2020,Kilograme,2701.0
Orz si orzoaica,din care: Exploatatii agricole individuale,Hunedoara,2020,Kilograme,2400.0
Orz si orzoaica,Sector privat,Hunedoara,2020,Kilograme,2883.0
Orz si orzoaica,Sector privat,Braila,2020,Kilograme,2905.0
Orz si orzoaica,Sector privat,Vrancea,2020,Kilograme,1607.0
Orz si orzoaica,din care: Exploatatii agricole individuale,Harghita,2020,Kilograme,2057.0
Orz si orzoaica,Sector privat,Constanta,2020,Kilograme,1017.0
Orz si orzoaica,din care: Exploatatii agricole individuale,Iasi,2020,Kilograme,1292.0
Orz si orzoaica,din care: Exploatatii agricole individuale,Mehedinti,2020,Kilograme,1789.0
Orz si orzoaica,din care: Exploatatii agricole individuale,Vrancea,2020,Kilograme,1694.0
Orz si orzoaica,Sector privat,Arges,2020,Kilograme,2511.0
Orz si orzoaica,din care: Exploatatii agricole individuale,Mehedinti,2021,Kilograme,2038.0
Orz si orzoaica,Sector privat,Buzau,2021,Kilograme,3908.0
Orz si orzoaica,Sector privat,Bihor,2021,Kilograme,4216.0
Orz si orzoaica,din care: Exploatatii agricole individuale,Harghita,2021,Kilograme,2408.0
Orz si orzoaica,Sector privat,Arges,2021,Kilograme,3217.0
Orz si orzoaica,Sector privat,Bistrita-Nasaud,2021,Kilograme,3188.0
Orz si orzoaica,din care: Exploatatii agricole individuale,Timis,2021,Kilograme,3506.0
Orz si orzoaica,din care: Exploatatii agricole individuale,Bihor,2021,Kilograme,4347.0
Orz si orzoaica,Sector privat,Calarasi,2021,Kilograme,4815.0
Orz si orzoaica,Sector privat,Cluj,2021,Kilograme,3818.0
Orz si orzoaica,din care: Exploatatii agricole individuale,Gorj,2021,Kilograme,2848.0
Orz si orzoaica,din care: Exploatatii agricole individuale,Ilfov,2021,Kilograme,3251.0
Orz si orzoaica,din care: Exploatatii agricole individuale,Bistrita-Nasaud,2021,Kilograme,3255.0
Orz si orzoaica,Sector privat,Dambovita,2021,Kilograme,3071.0
Orz si orzoaica,Sector privat,Maramures,2021,Kilograme,2615.0
Orz si orzoaica,din care: Exploatatii agricole individuale,Prahova,2021,Kilograme,2405.0
Orz si orzoaica,Sector privat,Suceava,2021,Kilograme,2495.0
Orz si orzoaica,din care: Exploatatii agricole individuale,Cluj,2021,Kilograme,3413.0
Orz si orzoaica,Sector privat,Giurgiu,2021,Kilograme,4563.0
Orz si orzoaica,din care: Exploatatii agricole individuale,Buzau,2021,Kilograme,2369.0
Orz si orzoaica,din care: Exploatatii agricole individuale,Dambovita,2021,Kilograme,2671.0
Orz si orzoaica,Sector privat,Satu Mare,2021,Kilograme,2702.0
Orz si orzoaica,din care: Exploatatii agricole individuale,Maramures,2021,Kilograme,2601.0
Orz si orzoaica,Sector privat,Timis,2021,Kilograme,5583.0
Orz si orzoaica,Sector privat,Vaslui,2021,Kilograme,2946.0
Orz si orzoaica,Sector privat,Ialomita,2021,Kilograme,5649.0
Orz si orzoaica,Sector privat,Salaj,2021,Kilograme,2882.0
Orz si orzoaica,din care: Exploatatii agricole individuale,Suceava,2021,Kilograme,2338.0
Orz si orzoaica,din care: Exploatatii agricole individuale,Satu Mare,2021,Kilograme,2213.0
Orz si orzoaica,Sector privat,Prahova,2021,Kilograme,4713.0
Orz si orzoaica,Sector privat,Alba,2021,Kilograme,3839.0
Orz si orzoaica,din care: Exploatatii agricole individuale,Arad,2021,Kilograme,4454.0
Orz si orzoaica,din care: Exploatatii agricole individuale,Salaj,2021,Kilograme,2445.0
Orz si orzoaica,din care: Exploatatii agricole individuale,Tulcea,2021,Kilograme,3039.0
Orz si orzoaica,Sector privat,Brasov,2021,Kilograme,2860.0
Orz si orzoaica,Sector privat,Teleorman,2021,Kilograme,4785.0
Orz si orzoaica,din care: Exploatatii agricole individuale,Teleorman,2021,Kilograme,3797.0
Orz si orzoaica,din care: Exploatatii agricole individuale,Alba,2021,Kilograme,2992.0
Orz si orzoaica,Sector privat,Ilfov,2021,Kilograme,4824.0
Orz si orzoaica,Sector privat,Covasna,2021,Kilograme,3517.0
Orz si orzoaica,din care: Exploatatii agricole individuale,Bacau,2021,Kilograme,2401.0
Orz si orzoaica,din care: Exploatatii agricole individuale,Vaslui,2021,Kilograme,2152.0
Orz si orzoaica,din care: Exploatatii agricole individuale,Brasov,2021,Kilograme,2563.0
Orz si orzoaica,Sector privat,Harghita,2021,Kilograme,2362.0
Orz si orzoaica,din care: Exploatatii agricole individuale,Neamt,2021,Kilograme,2788.0
Orz si orzoaica,Sector privat,Galati,2021,Kilograme,5877.0
Orz si orzoaica,din care: Exploatatii agricole individuale,Caras-Severin,2021,Kilograme,2855.0
Orz si orzoaica,Sector privat,Dolj,2021,Kilograme,4206.0
Orz si orzoaica,din care: Exploatatii agricole individuale,Giurgiu,2021,Kilograme,3804.0
Orz si orzoaica,din care: Exploatatii agricole individuale,Valcea,2021,Kilograme,3754.0
Orz si orzoaica,din care: Exploatatii agricole individuale,Botosani,2021,Kilograme,3051.0
Orz si orzoaica,Sector privat,Mures,2021,Kilograme,3258.0
Orz si orzoaica,Sector privat,Gorj,2021,Kilograme,2853.0
Orz si orzoaica,Sector privat,Sibiu,2021,Kilograme,3596.0
Orz si orzoaica,din care: Exploatatii agricole individuale,Sibiu,2021,Kilograme,2340.0
Orz si orzoaica,Sector privat,Tulcea,2021,Kilograme,4121.0
Orz si orzoaica,din care: Exploatatii agricole individuale,Constanta,2021,Kilograme,2776.0
Orz si orzoaica,Sector privat,Mehedinti,2021,Kilograme,3290.0
Orz si orzoaica,din care: Exploatatii agricole individuale,Galati,2021,Kilograme,5825.0
Orz si orzoaica,Sector privat,Olt,2021,Kilograme,4209.0
Orz si orzoaica,Sector privat,Bacau,2021,Kilograme,2703.0
Orz si orzoaica,Sector privat,Botosani,2021,Kilograme,3300.0
Orz si orzoaica,Sector privat,Braila,2021,Kilograme,4712.0
Orz si orzoaica,Sector privat,Valcea,2021,Kilograme,3780.0
Orz si orzoaica,din care: Exploatatii agricole individuale,Vrancea,2021,Kilograme,1215.0
Orz si orzoaica,din care: Exploatatii agricole individuale,Mures,2021,Kilograme,3003.0
Orz si orzoaica,din care: Exploatatii agricole individuale,Ialomita,2021,Kilograme,3520.0
Orz si orzoaica,din care: Exploatatii agricole individuale,Calarasi,2021,Kilograme,2046.0
Orz si orzoaica,Sector privat,Iasi,2021,Kilograme,3808.0
Orz si orzoaica,Sector privat,Arad,2021,Kilograme,4431.0
Orz si orzoaica,din care: Exploatatii agricole individuale,Covasna,2021,Kilograme,3440.0
Orz si orzoaica,din care: Exploatatii agricole individuale,Braila,2021,Kilograme,1378.0
Orz si orzoaica,Sector privat,Neamt,2021,Kilograme,4593.0
Orz si orzoaica,Sector privat,Caras-Severin,2021,Kilograme,4964.0
Orz si orzoaica,din care: Exploatatii agricole individuale,Hunedoara,2021,Kilograme,2516.0
Orz si orzoaica,din care: Exploatatii agricole individuale,Dolj,2021,Kilograme,3232.0
Orz si orzoaica,din care: Exploatatii agricole individuale,Olt,2021,Kilograme,2459.0
Orz si orzoaica,Sector privat,Constanta,2021,Kilograme,4739.0
Orz si orzoaica,Sector privat,Vrancea,2021,Kilograme,4247.0
Orz si orzoaica,Sector privat,Hunedoara,2021,Kilograme,3151.0
Orz si orzoaica,din care: Exploatatii agricole individuale,Iasi,2021,Kilograme,2703.0
Orz si orzoaica,din care: Exploatatii agricole individuale,Arges,2021,Kilograme,2675.0
Orz si orzoaica,din care: Exploatatii agricole individuale,Ialomita,2022,Kilograme,3211.0
Orz si orzoaica,din care: Exploatatii agricole individuale,Galati,2022,Kilograme,2444.0
Orz si orzoaica,Sector privat,Vrancea,2022,Kilograme,1178.0
Orz si orzoaica,Sector privat,Giurgiu,2022,Kilograme,4513.0
Orz si orzoaica,din care: Exploatatii agricole individuale,Vrancea,2022,Kilograme,993.0
Orz si orzoaica,Sector privat,Olt,2022,Kilograme,4402.0
Orz si orzoaica,Sector privat,Timis,2022,Kilograme,5146.0
Orz si orzoaica,din care: Exploatatii agricole individuale,Iasi,2022,Kilograme,2235.0
Orz si orzoaica,din care: Exploatatii agricole individuale,Constanta,2022,Kilograme,4031.0
Orz si orzoaica,Sector privat,Arges,2022,Kilograme,2872.0
Orz si orzoaica,Sector privat,Bistrita-Nasaud,2022,Kilograme,3414.0
Orz si orzoaica,din care: Exploatatii agricole individuale,Bihor,2022,Kilograme,4092.0
Orz si orzoaica,din care: Exploatatii agricole individuale,Timis,2022,Kilograme,3904.0
Orz si orzoaica,din care: Exploatatii agricole individuale,Gorj,2022,Kilograme,2789.0
Orz si orzoaica,Sector privat,Calarasi,2022,Kilograme,4982.0
Orz si orzoaica,Sector privat,Cluj,2022,Kilograme,3548.0
Orz si orzoaica,din care: Exploatatii agricole individuale,Bistrita-Nasaud,2022,Kilograme,3204.0
Orz si orzoaica,din care: Exploatatii agricole individuale,Ilfov,2022,Kilograme,2908.0
Orz si orzoaica,din care: Exploatatii agricole individuale,Prahova,2022,Kilograme,1838.0
Orz si orzoaica,Sector privat,Dambovita,2022,Kilograme,3981.0
Orz si orzoaica,Sector privat,Maramures,2022,Kilograme,2620.0
Orz si orzoaica,Sector privat,Hunedoara,2022,Kilograme,3881.0
Orz si orzoaica,Sector privat,Suceava,2022,Kilograme,2781.0
Orz si orzoaica,din care: Exploatatii agricole individuale,Arges,2022,Kilograme,2497.0
Orz si orzoaica,din care: Exploatatii agricole individuale,Buzau,2022,Kilograme,1992.0
Orz si orzoaica,Sector privat,Bihor,2022,Kilograme,3995.0
Orz si orzoaica,din care: Exploatatii agricole individuale,Maramures,2022,Kilograme,2531.0
Orz si orzoaica,Sector privat,Satu Mare,2022,Kilograme,2712.0
Orz si orzoaica,din care: Exploatatii agricole individuale,Teleorman,2022,Kilograme,3630.0
Orz si orzoaica,Sector privat,Salaj,2022,Kilograme,2379.0
Orz si orzoaica,Sector privat,Ialomita,2022,Kilograme,4671.0
Orz si orzoaica,din care: Exploatatii agricole individuale,Satu Mare,2022,Kilograme,2040.0
Orz si orzoaica,Sector privat,Alba,2022,Kilograme,3744.0
Orz si orzoaica,Sector privat,Prahova,2022,Kilograme,4242.0
Orz si orzoaica,din care: Exploatatii agricole individuale,Suceava,2022,Kilograme,2761.0
Orz si orzoaica,din care: Exploatatii agricole individuale,Tulcea,2022,Kilograme,2783.0
Orz si orzoaica,din care: Exploatatii agricole individuale,Salaj,2022,Kilograme,2165.0
Orz si orzoaica,din care: Exploatatii agricole individuale,Arad,2022,Kilograme,4080.0
Orz si orzoaica,Sector privat,Brasov,2022,Kilograme,2628.0
Orz si orzoaica,Sector privat,Teleorman,2022,Kilograme,4461.0
Orz si orzoaica,din care: Exploatatii agricole individuale,Dambovita,2022,Kilograme,3376.0
Orz si orzoaica,din care: Exploatatii agricole individuale,Alba,2022,Kilograme,2735.0
Orz si orzoaica,din care: Exploatatii agricole individuale,Bacau,2022,Kilograme,2321.0
Orz si orzoaica,Sector privat,Covasna,2022,Kilograme,3252.0
Orz si orzoaica,Sector privat,Ilfov,2022,Kilograme,4087.0
Orz si orzoaica,Sector privat,Buzau,2022,Kilograme,2216.0
Orz si orzoaica,din care: Exploatatii agricole individuale,Brasov,2022,Kilograme,2085.0
Orz si orzoaica,Sector privat,Galati,2022,Kilograme,2593.0
Orz si orzoaica,Sector privat,Harghita,2022,Kilograme,2348.0
Orz si orzoaica,Sector privat,Dolj,2022,Kilograme,3962.0
Orz si orzoaica,din care: Exploatatii agricole individuale,Caras-Severin,2022,Kilograme,2727.0
Orz si orzoaica,Sector privat,Braila,2022,Kilograme,3861.0
Orz si orzoaica,din care: Exploatatii agricole individuale,Giurgiu,2022,Kilograme,3904.0
Orz si orzoaica,din care: Exploatatii agricole individuale,Botosani,2022,Kilograme,2668.0
Orz si orzoaica,din care: Exploatatii agricole individuale,Valcea,2022,Kilograme,3617.0
Orz si orzoaica,Sector privat,Mures,2022,Kilograme,3121.0
Orz si orzoaica,Sector privat,Gorj,2022,Kilograme,2807.0
Orz si orzoaica,Sector privat,Tulcea,2022,Kilograme,3073.0
Orz si orzoaica,Sector privat,Vaslui,2022,Kilograme,2125.0
Orz si orzoaica,Sector privat,Sibiu,2022,Kilograme,3084.0
Orz si orzoaica,din care: Exploatatii agricole individuale,Sibiu,2022,Kilograme,2115.0
Orz si orzoaica,Sector privat,Mehedinti,2022,Kilograme,2902.0
Orz si orzoaica,din care: Exploatatii agricole individuale,Mehedinti,2022,Kilograme,2128.0
Orz si orzoaica,din care: Exploatatii agricole individuale,Neamt,2022,Kilograme,2679.0
Orz si orzoaica,Sector privat,Bacau,2022,Kilograme,2513.0
Orz si orzoaica,din care: Exploatatii agricole individuale,Braila,2022,Kilograme,1222.0
Orz si orzoaica,din care: Exploatatii agricole individuale,Olt,2022,Kilograme,3398.0
Orz si orzoaica,Sector privat,Constanta,2022,Kilograme,4771.0
Orz si orzoaica,Sector privat,Botosani,2022,Kilograme,2563.0
Orz si orzoaica,din care: Exploatatii agricole individuale,Vaslui,2022,Kilograme,1699.0
Orz si orzoaica,Sector privat,Valcea,2022,Kilograme,3687.0
Orz si orzoaica,din care: Exploatatii agricole individuale,Harghita,2022,Kilograme,2179.0
Orz si orzoaica,din care: Exploatatii agricole individuale,Mures,2022,Kilograme,2753.0
Orz si orzoaica,din care: Exploatatii agricole individuale,Calarasi,2022,Kilograme,2461.0
Orz si orzoaica,Sector privat,Arad,2022,Kilograme,4167.0
Orz si orzoaica,Sector privat,Iasi,2022,Kilograme,2726.0
Orz si orzoaica,din care: Exploatatii agricole individuale,Covasna,2022,Kilograme,3243.0
Orz si orzoaica,din care: Exploatatii agricole individuale,Hunedoara,2022,Kilograme,2500.0
Orz si orzoaica,Sector privat,Caras-Severin,2022,Kilograme,7221.0
Orz si orzoaica,din care: Exploatatii agricole individuale,Dolj,2022,Kilograme,3121.0
Orz si orzoaica,Sector privat,Neamt,2022,Kilograme,3650.0
Orz si orzoaica,din care: Exploatatii agricole individuale,Cluj,2022,Kilograme,3085.0
Orz si orzoaica,din care: Exploatatii agricole individuale,Vrancea,2023,Kilograme,2391.0
Orz si orzoaica,din care: Exploatatii agricole individuale,Braila,2023,Kilograme,1088.0
Orz si orzoaica,din care: Exploatatii agricole individuale,Mehedinti,2023,Kilograme,1946.0
Orz si orzoaica,Sector privat,Hunedoara,2023,Kilograme,2704.0
Orz si orzoaica,Sector privat,Satu Mare,2023,Kilograme,2772.0
Orz si orzoaica,Sector privat,Braila,2023,Kilograme,4547.0
Orz si orzoaica,Sector privat,Bihor,2023,Kilograme,4127.0
Orz si orzoaica,din care: Exploatatii agricole individuale,Constanta,2023,Kilograme,3406.0
Orz si orzoaica,din care: Exploatatii agricole individuale,Bihor,2023,Kilograme,3774.0
Orz si orzoaica,Sector privat,Arges,2023,Kilograme,2823.0
Orz si orzoaica,Sector privat,Bistrita-Nasaud,2023,Kilograme,2989.0
Orz si orzoaica,din care: Exploatatii agricole individuale,Timis,2023,Kilograme,3703.0
Orz si orzoaica,din care: Exploatatii agricole individuale,Gorj,2023,Kilograme,2376.0
Orz si orzoaica,din care: Exploatatii agricole individuale,Bistrita-Nasaud,2023,Kilograme,2757.0
Orz si orzoaica,Sector privat,Calarasi,2023,Kilograme,4904.0
Orz si orzoaica,Sector privat,Cluj,2023,Kilograme,3360.0
Orz si orzoaica,din care: Exploatatii agricole individuale,Ilfov,2023,Kilograme,2858.0
Orz si orzoaica,din care: Exploatatii agricole individuale,Prahova,2023,Kilograme,1823.0
Orz si orzoaica,din care: Exploatatii agricole individuale,Cluj,2023,Kilograme,2995.0
Orz si orzoaica,Sector privat,Dambovita,2023,Kilograme,4105.0
Orz si orzoaica,Sector privat,Maramures,2023,Kilograme,2638.0
Orz si orzoaica,din care: Exploatatii agricole individuale,Ialomita,2023,Kilograme,3137.0
Orz si orzoaica,din care: Exploatatii agricole individuale,Arges,2023,Kilograme,2466.0
Orz si orzoaica,din care: Exploatatii agricole individuale,Maramures,2023,Kilograme,2507.0
Orz si orzoaica,Sector privat,Giurgiu,2023,Kilograme,3460.0
Orz si orzoaica,Sector privat,Timis,2023,Kilograme,4856.0
Orz si orzoaica,din care: Exploatatii agricole individuale,Dambovita,2023,Kilograme,3099.0
Orz si orzoaica,din care: Exploatatii agricole individuale,Teleorman,2023,Kilograme,3211.0
Orz si orzoaica,din care: Exploatatii agricole individuale,Satu Mare,2023,Kilograme,1937.0
Orz si orzoaica,Sector privat,Ialomita,2023,Kilograme,4795.0
Orz si orzoaica,Sector privat,Salaj,2023,Kilograme,2378.0
Orz si orzoaica,Sector privat,Buzau,2023,Kilograme,3453.0
Orz si orzoaica,Sector privat,Alba,2023,Kilograme,4270.0
Orz si orzoaica,din care: Exploatatii agricole individuale,Salaj,2023,Kilograme,2023.0
Orz si orzoaica,Sector privat,Prahova,2023,Kilograme,5590.0
Orz si orzoaica,din care: Exploatatii agricole individuale,Arad,2023,Kilograme,3294.0
Orz si orzoaica,din care: Exploatatii agricole individuale,Suceava,2023,Kilograme,3656.0
Orz si orzoaica,din care: Exploatatii agricole individuale,Tulcea,2023,Kilograme,2585.0
Orz si orzoaica,din care: Exploatatii agricole individuale,Alba,2023,Kilograme,2687.0
Orz si orzoaica,Sector privat,Teleorman,2023,Kilograme,4540.0
Orz si orzoaica,Sector privat,Brasov,2023,Kilograme,2526.0
Orz si orzoaica,din care: Exploatatii agricole individuale,Valcea,2023,Kilograme,2758.0
Orz si orzoaica,din care: Exploatatii agricole individuale,Bacau,2023,Kilograme,2260.0
Orz si orzoaica,Sector privat,Covasna,2023,Kilograme,2636.0
Orz si orzoaica,Sector privat,Ilfov,2023,Kilograme,4928.0
Orz si orzoaica,din care: Exploatatii agricole individuale,Brasov,2023,Kilograme,1751.0
Orz si orzoaica,Sector privat,Municipiul Bucuresti,2023,Kilograme,0.0
Orz si orzoaica,din care: Exploatatii agricole individuale,Buzau,2023,Kilograme,1991.0
Orz si orzoaica,Sector privat,Galati,2023,Kilograme,3156.0
Orz si orzoaica,Sector privat,Harghita,2023,Kilograme,2165.0
Orz si orzoaica,din care: Exploatatii agricole individuale,Giurgiu,2023,Kilograme,3832.0
Orz si orzoaica,Sector privat,Dolj,2023,Kilograme,3623.0
Orz si orzoaica,din care: Exploatatii agricole individuale,Botosani,2023,Kilograme,2399.0
Orz si orzoaica,din care: Exploatatii agricole individuale,Municipiul Bucuresti,2023,Kilograme,0.0
Orz si orzoaica,Sector privat,Mures,2023,Kilograme,3353.0
Orz si orzoaica,din care: Exploatatii agricole individuale,Covasna,2023,Kilograme,2580.0
Orz si orzoaica,Sector privat,Gorj,2023,Kilograme,2370.0
Orz si orzoaica,Sector privat,Tulcea,2023,Kilograme,2680.0
Orz si orzoaica,Sector privat,Vaslui,2023,Kilograme,2833.0
Orz si orzoaica,din care: Exploatatii agricole individuale,Caras-Severin,2023,Kilograme,2775.0
Orz si orzoaica,din care: Exploatatii agricole individuale,Galati,2023,Kilograme,2358.0
Orz si orzoaica,Sector privat,Mehedinti,2023,Kilograme,3143.0
Orz si orzoaica,Sector privat,Sibiu,2023,Kilograme,3555.0
Orz si orzoaica,din care: Exploatatii agricole individuale,Sibiu,2023,Kilograme,2091.0
Orz si orzoaica,din care: Exploatatii agricole individuale,Olt,2023,Kilograme,2573.0
Orz si orzoaica,Sector privat,Bacau,2023,Kilograme,2497.0
Orz si orzoaica,Sector privat,Olt,2023,Kilograme,4448.0
Orz si orzoaica,din care: Exploatatii agricole individuale,Neamt,2023,Kilograme,2629.0
Orz si orzoaica,Sector privat,Vrancea,2023,Kilograme,4713.0
Orz si orzoaica,din care: Exploatatii agricole individuale,Vaslui,2023,Kilograme,1539.0
Orz si orzoaica,Sector privat,Botosani,2023,Kilograme,2712.0
Orz si orzoaica,Sector privat,Valcea,2023,Kilograme,3091.0
Orz si orzoaica,din care: Exploatatii agricole individuale,Harghita,2023,Kilograme,2149.0
Orz si orzoaica,din care: Exploatatii agricole individuale,Calarasi,2023,Kilograme,2208.0
Orz si orzoaica,din care: Exploatatii agricole individuale,Mures,2023,Kilograme,2591.0
Orz si orzoaica,Sector privat,Constanta,2023,Kilograme,4315.0
Orz si orzoaica,Sector privat,Arad,2023,Kilograme,4586.0
Orz si orzoaica,Sector privat,Iasi,2023,Kilograme,4256.0
Orz si orzoaica,din care: Exploatatii agricole individuale,Iasi,2023,Kilograme,2172.0
Orz si orzoaica,din care: Exploatatii agricole individuale,Hunedoara,2023,Kilograme,2296.0
Orz si orzoaica,din care: Exploatatii agricole individuale,Dolj,2023,Kilograme,2819.0
Orz si orzoaica,Sector privat,Caras-Severin,2023,Kilograme,5512.0
Orz si orzoaica,Sector privat,Neamt,2023,Kilograme,4397.0
Orz si orzoaica,Sector privat,Suceava,2023,Kilograme,3948.0
Orz si orzoaica,din care: Exploatatii agricole individuale,Mehedinti,2024,Kilograme,2242.0
Orz si orzoaica,din care: Exploatatii agricole individuale,Braila,2024,Kilograme,1228.0
Orz si orzoaica,din care: Exploatatii agricole individuale,Arges,2024,Kilograme,2504.0
Orz si orzoaica,Sector privat,Bacau,2024,Kilograme,2441.0
Orz si orzoaica,Sector privat,Timis,2024,Kilograme,5469.0
Orz si orzoaica,din care: Exploatatii agricole individuale,Vrancea,2024,Kilograme,1818.0
Orz si orzoaica,Sector privat,Bihor,2024,Kilograme,4460.0
Orz si orzoaica,Sector privat,Suceava,2024,Kilograme,3363.0
Orz si orzoaica,din care: Exploatatii agricole individuale,Constanta,2024,Kilograme,3511.0
Orz si orzoaica,Sector privat,Arges,2024,Kilograme,2961.0
Orz si orzoaica,din care: Exploatatii agricole individuale,Bihor,2024,Kilograme,3846.0
Orz si orzoaica,Sector privat,Bistrita-Nasaud,2024,Kilograme,2904.0
Orz si orzoaica,din care: Exploatatii agricole individuale,Timis,2024,Kilograme,4151.0
Orz si orzoaica,din care: Exploatatii agricole individuale,Gorj,2024,Kilograme,2349.0
Orz si orzoaica,Sector privat,Calarasi,2024,Kilograme,5666.0
Orz si orzoaica,din care: Exploatatii agricole individuale,Bistrita-Nasaud,2024,Kilograme,2803.0
Orz si orzoaica,Sector privat,Cluj,2024,Kilograme,3327.0
Orz si orzoaica,din care: Exploatatii agricole individuale,Ilfov,2024,Kilograme,2864.0
Orz si orzoaica,din care: Exploatatii agricole individuale,Prahova,2024,Kilograme,2121.0
Orz si orzoaica,Sector privat,Dambovita,2024,Kilograme,2925.0
Orz si orzoaica,din care: Exploatatii agricole individuale,Cluj,2024,Kilograme,3071.0
Orz si orzoaica,Sector privat,Hunedoara,2024,Kilograme,2640.0
Orz si orzoaica,Sector privat,Giurgiu,2024,Kilograme,5038.0
Orz si orzoaica,Sector privat,Vrancea,2024,Kilograme,1934.0
Orz si orzoaica,din care: Exploatatii agricole individuale,Maramures,2024,Kilograme,2556.0
Orz si orzoaica,din care: Exploatatii agricole individuale,Sibiu,2024,Kilograme,2276.0
Orz si orzoaica,Sector privat,Satu Mare,2024,Kilograme,2726.0
Orz si orzoaica,din care: Exploatatii agricole individuale,Dambovita,2024,Kilograme,2381.0
Orz si orzoaica,Sector privat,Braila,2024,Kilograme,4586.0
Orz si orzoaica,Sector privat,Ialomita,2024,Kilograme,4555.0
Orz si orzoaica,Sector privat,Constanta,2024,Kilograme,5027.0
Orz si orzoaica,Sector privat,Salaj,2024,Kilograme,2592.0
Orz si orzoaica,din care: Exploatatii agricole individuale,Teleorman,2024,Kilograme,3656.0
Orz si orzoaica,din care: Exploatatii agricole individuale,Tulcea,2024,Kilograme,2708.0
Orz si orzoaica,din care: Exploatatii agricole individuale,Satu Mare,2024,Kilograme,2031.0
Orz si orzoaica,Sector privat,Buzau,2024,Kilograme,1479.0
Orz si orzoaica,Sector privat,Alba,2024,Kilograme,4196.0
Orz si orzoaica,Sector privat,Prahova,2024,Kilograme,3438.0
Orz si orzoaica,din care: Exploatatii agricole individuale,Salaj,2024,Kilograme,2077.0
Orz si orzoaica,Sector privat,Teleorman,2024,Kilograme,4282.0
Orz si orzoaica,din care: Exploatatii agricole individuale,Suceava,2024,Kilograme,3130.0
Orz si orzoaica,Sector privat,Brasov,2024,Kilograme,3233.0
Orz si orzoaica,din care: Exploatatii agricole individuale,Valcea,2024,Kilograme,2855.0
Orz si orzoaica,din care: Exploatatii agricole individuale,Alba,2024,Kilograme,2819.0
Orz si orzoaica,din care: Exploatatii agricole individuale,Bacau,2024,Kilograme,2198.0
Orz si orzoaica,Sector privat,Ilfov,2024,Kilograme,4236.0
Orz si orzoaica,Sector privat,Covasna,2024,Kilograme,3772.0
Orz si orzoaica,Sector privat,Municipiul Bucuresti,2024,Kilograme,0.0
Orz si orzoaica,din care: Exploatatii agricole individuale,Brasov,2024,Kilograme,2534.0
Orz si orzoaica,Sector privat,Galati,2024,Kilograme,1566.0
Orz si orzoaica,Sector privat,Dolj,2024,Kilograme,3585.0
Orz si orzoaica,Sector privat,Harghita,2024,Kilograme,2213.0
Orz si orzoaica,din care: Exploatatii agricole individuale,Giurgiu,2024,Kilograme,3916.0
Orz si orzoaica,din care: Exploatatii agricole individuale,Buzau,2024,Kilograme,1403.0
Orz si orzoaica,din care: Exploatatii agricole individuale,Botosani,2024,Kilograme,2499.0
Orz si orzoaica,din care: Exploatatii agricole individuale,Municipiul Bucuresti,2024,Kilograme,0.0
Orz si orzoaica,Sector privat,Mures,2024,Kilograme,3355.0
Orz si orzoaica,Sector privat,Gorj,2024,Kilograme,2353.0
Orz si orzoaica,Sector privat,Tulcea,2024,Kilograme,3834.0
Orz si orzoaica,Sector privat,Mehedinti,2024,Kilograme,2670.0
Orz si orzoaica,din care: Exploatatii agricole individuale,Caras-Severin,2024,Kilograme,2843.0
Orz si orzoaica,Sector privat,Sibiu,2024,Kilograme,3293.0
Orz si orzoaica,din care: Exploatatii agricole individuale,Covasna,2024,Kilograme,3697.0
Orz si orzoaica,din care: Exploatatii agricole individuale,Galati,2024,Kilograme,1806.0
Orz si orzoaica,din care: Exploatatii agricole individuale,Ialomita,2024,Kilograme,3246.0
Orz si orzoaica,Sector privat,Olt,2024,Kilograme,3762.0
Orz si orzoaica,din care: Exploatatii agricole individuale,Olt,2024,Kilograme,2608.0
Orz si orzoaica,Sector privat,Vaslui,2024,Kilograme,2563.0
Orz si orzoaica,din care: Exploatatii agricole individuale,Neamt,2024,Kilograme,2735.0
Orz si orzoaica,din care: Exploatatii agricole individuale,Vaslui,2024,Kilograme,1714.0
Orz si orzoaica,Sector privat,Valcea,2024,Kilograme,2901.0
Orz si orzoaica,Sector privat,Botosani,2024,Kilograme,2321.0
Orz si orzoaica,din care: Exploatatii agricole individuale,Harghita,2024,Kilograme,2194.0
Orz si orzoaica,din care: Exploatatii agricole individuale,Calarasi,2024,Kilograme,2303.0
Orz si orzoaica,Sector privat,Arad,2024,Kilograme,5291.0
Orz si orzoaica,din care: Exploatatii agricole individuale,Mures,2024,Kilograme,2793.0
Orz si orzoaica,Sector privat,Iasi,2024,Kilograme,3223.0
Orz si orzoaica,din care: Exploatatii agricole individuale,Arad,2024,Kilograme,3269.0
Orz si orzoaica,Sector privat,Caras-Severin,2024,Kilograme,5398.0
Orz si orzoaica,din care: Exploatatii agricole individuale,Dolj,2024,Kilograme,2870.0
Orz si orzoaica,din care: Exploatatii agricole individuale,Hunedoara,2024,Kilograme,2508.0
Orz si orzoaica,Sector privat,Neamt,2024,Kilograme,4273.0
Orz si orzoaica,din care: Exploatatii agricole individuale,Iasi,2024,Kilograme,2260.0
Orz si orzoaica,Sector privat,Maramures,2024,Kilograme,2928.0
