PRINCIPALELE_CULTURI,FORME_DE_PROPRIETATE,REF_AREA,TIME_PERIOD,UNIT_MEASURE,OBS_VALUE
Porumb boabe,Sector privat,Bihor,1990,Kilograme,2654.0
Porumb boabe,din care: Exploatatii agricole individuale,Covasna,1990,Kilograme,2361.0
Porumb boabe,din care: Exploatatii agricole individuale,Ialomita,1990,Kilograme,4858.0
Porumb boabe,Sector privat,Gorj,1990,Kilograme,1899.0
Porumb boabe,din care: Exploatatii agricole individuale,Constanta,1990,Kilograme,3860.0
Porumb boabe,Sector privat,Calarasi,1990,Kilograme,4169.0
Porumb boabe,din care: Exploatatii agricole individuale,Vaslui,1990,Kilograme,1612.0
Porumb boabe,Sector privat,Vaslui,1990,Kilograme,1612.0
Porumb boabe,Sector privat,Harghita,1990,Kilograme,2308.0
Porumb boabe,Sector privat,Bistrita-Nasaud,1990,Kilograme,2002.0
Porumb boabe,din care: Exploatatii agricole individuale,Harghita,1990,Kilograme,2308.0
Porumb boabe,din care: Exploatatii agricole individuale,Mun. Bucuresti -incl. SAI,1990,Kilograme,3836.0
Porumb boabe,din care: Exploatatii agricole individuale,Bistrita-Nasaud,1990,Kilograme,2002.0
Porumb boabe,Sector privat,Mehedinti,1990,Kilograme,2121.0
Porumb boabe,Sector privat,Dambovita,1990,Kilograme,3739.0
Porumb boabe,din care: Exploatatii agricole individuale,Arges,1990,Kilograme,3052.0
Porumb boabe,Sector privat,Braila,1990,Kilograme,5302.0
Porumb boabe,din care: Exploatatii agricole individuale,Galati,1990,Kilograme,2091.0
Porumb boabe,Sector privat,Mures,1990,Kilograme,2922.0
Porumb boabe,din care: Exploatatii agricole individuale,Braila,1990,Kilograme,5302.0
Porumb boabe,Sector privat,Cluj,1990,Kilograme,2357.0
Porumb boabe,din care: Exploatatii agricole individuale,Hunedoara,1990,Kilograme,2163.0
Porumb boabe,din care: Exploatatii agricole individuale,Mures,1990,Kilograme,2922.0
Porumb boabe,din care: Exploatatii agricole individuale,Cluj,1990,Kilograme,2357.0
Porumb boabe,Sector privat,Olt,1990,Kilograme,3974.0
Porumb boabe,Sector privat,Giurgiu,1990,Kilograme,4623.0
Porumb boabe,Sector privat,Buzau,1990,Kilograme,2442.0
Porumb boabe,din care: Exploatatii agricole individuale,Mehedinti,1990,Kilograme,2121.0
Porumb boabe,Sector privat,Sibiu,1990,Kilograme,3298.0
Porumb boabe,Sector privat,Maramures,1990,Kilograme,2328.0
Porumb boabe,din care: Exploatatii agricole individuale,Dolj,1990,Kilograme,4317.0
Porumb boabe,din care: Exploatatii agricole individuale,Valcea,1990,Kilograme,3864.0
Porumb boabe,din care: Exploatatii agricole individuale,Sibiu,1990,Kilograme,3298.0
Porumb boabe,din care: Exploatatii agricole individuale,Maramures,1990,Kilograme,2328.0
Porumb boabe,Sector privat,Valcea,1990,Kilograme,3864.0
Porumb boabe,Sector privat,Ialomita,1990,Kilograme,4858.0
Porumb boabe,Sector privat,Constanta,1990,Kilograme,3860.0
Porumb boabe,Sector privat,Bacau,1990,Kilograme,2689.0
Porumb boabe,din care: Exploatatii agricole individuale,Arad,1990,Kilograme,2902.0
Porumb boabe,din care: Exploatatii agricole individuale,Teleorman,1990,Kilograme,3603.0
Porumb boabe,Sector privat,Satu Mare,1990,Kilograme,2755.0
Porumb boabe,din care: Exploatatii agricole individuale,Tulcea,1990,Kilograme,2923.0
Porumb boabe,din care: Exploatatii agricole individuale,Buzau,1990,Kilograme,2442.0
Porumb boabe,din care: Exploatatii agricole individuale,Bacau,1990,Kilograme,2689.0
Porumb boabe,din care: Exploatatii agricole individuale,Satu Mare,1990,Kilograme,2755.0
Porumb boabe,Sector privat,Arad,1990,Kilograme,2902.0
Porumb boabe,Sector privat,Prahova,1990,Kilograme,3418.0
Porumb boabe,Sector privat,Galati,1990,Kilograme,2091.0
Porumb boabe,Sector privat,Botosani,1990,Kilograme,2986.0
Porumb boabe,din care: Exploatatii agricole individuale,Dambovita,1990,Kilograme,3739.0
Porumb boabe,Sector privat,Salaj,1990,Kilograme,2219.0
Porumb boabe,din care: Exploatatii agricole individuale,Caras-Severin,1990,Kilograme,1430.0
Porumb boabe,din care: Exploatatii agricole individuale,Botosani,1990,Kilograme,2986.0
Porumb boabe,din care: Exploatatii agricole individuale,Salaj,1990,Kilograme,2219.0
Porumb boabe,Sector privat,Caras-Severin,1990,Kilograme,1430.0
Porumb boabe,din care: Exploatatii agricole individuale,Vrancea,1990,Kilograme,2100.0
Porumb boabe,Sector privat,Teleorman,1990,Kilograme,3603.0
Porumb boabe,din care: Exploatatii agricole individuale,Calarasi,1990,Kilograme,4169.0
Porumb boabe,din care: Exploatatii agricole individuale,Prahova,1990,Kilograme,3418.0
Porumb boabe,Sector privat,Tulcea,1990,Kilograme,2923.0
Porumb boabe,Sector privat,Iasi,1990,Kilograme,2695.0
Porumb boabe,Sector privat,Alba,1990,Kilograme,2493.0
Porumb boabe,din care: Exploatatii agricole individuale,Olt,1990,Kilograme,3974.0
Porumb boabe,din care: Exploatatii agricole individuale,Iasi,1990,Kilograme,2695.0
Porumb boabe,din care: Exploatatii agricole individuale,Alba,1990,Kilograme,2493.0
Porumb boabe,Sector privat,Hunedoara,1990,Kilograme,2163.0
Porumb boabe,Sector privat,Mun. Bucuresti -incl. SAI,1990,Kilograme,3836.0
Porumb boabe,Sector privat,Vrancea,1990,Kilograme,2100.0
Porumb boabe,din care: Exploatatii agricole individuale,Giurgiu,1990,Kilograme,4623.0
Porumb boabe,Sector privat,Neamt,1990,Kilograme,3403.0
Porumb boabe,din care: Exploatatii agricole individuale,Timis,1990,Kilograme,2912.0
Porumb boabe,Sector privat,Brasov,1990,Kilograme,2605.0
Porumb boabe,din care: Exploatatii agricole individuale,Neamt,1990,Kilograme,3403.0
Porumb boabe,din care: Exploatatii agricole individuale,Brasov,1990,Kilograme,2605.0
Porumb boabe,Sector privat,Timis,1990,Kilograme,2912.0
Porumb boabe,Sector privat,Dolj,1990,Kilograme,4317.0
Porumb boabe,din care: Exploatatii agricole individuale,Gorj,1990,Kilograme,1899.0
Porumb boabe,Sector privat,Arges,1990,Kilograme,3052.0
Porumb boabe,Sector privat,Suceava,1990,Kilograme,2705.0
Porumb boabe,Sector privat,Covasna,1990,Kilograme,2361.0
Porumb boabe,din care: Exploatatii agricole individuale,Suceava,1990,Kilograme,2705.0
Porumb boabe,din care: Exploatatii agricole individuale,Bihor,1990,Kilograme,2654.0
Porumb boabe,Sector privat,Bihor,1991,Kilograme,3760.0
Porumb boabe,din care: Exploatatii agricole individuale,Covasna,1991,Kilograme,2385.0
Porumb boabe,Sector privat,Gorj,1991,Kilograme,3264.0
Porumb boabe,din care: Exploatatii agricole individuale,Ialomita,1991,Kilograme,6498.0
Porumb boabe,Sector privat,Calarasi,1991,Kilograme,5868.0
Porumb boabe,din care: Exploatatii agricole individuale,Constanta,1991,Kilograme,4513.0
Porumb boabe,Sector privat,Vaslui,1991,Kilograme,2960.0
Porumb boabe,din care: Exploatatii agricole individuale,Vaslui,1991,Kilograme,2961.0
Porumb boabe,Sector privat,Harghita,1991,Kilograme,2214.0
Porumb boabe,Sector privat,Bistrita-Nasaud,1991,Kilograme,2429.0
Porumb boabe,din care: Exploatatii agricole individuale,Harghita,1991,Kilograme,2051.0
Porumb boabe,din care: Exploatatii agricole individuale,Bistrita-Nasaud,1991,Kilograme,2429.0
Porumb boabe,din care: Exploatatii agricole individuale,Mun. Bucuresti -incl. SAI,1991,Kilograme,6103.0
Porumb boabe,din care: Exploatatii agricole individuale,Arges,1991,Kilograme,3531.0
Porumb boabe,Sector privat,Mehedinti,1991,Kilograme,4124.0
Porumb boabe,din care: Exploatatii agricole individuale,Galati,1991,Kilograme,5226.0
Porumb boabe,Sector privat,Dambovita,1991,Kilograme,3687.0
Porumb boabe,Sector privat,Braila,1991,Kilograme,6282.0
Porumb boabe,din care: Exploatatii agricole individuale,Braila,1991,Kilograme,4997.0
Porumb boabe,Sector privat,Mures,1991,Kilograme,3232.0
Porumb boabe,din care: Exploatatii agricole individuale,Olt,1991,Kilograme,5833.0
Porumb boabe,Sector privat,Alba,1991,Kilograme,3081.0
Porumb boabe,din care: Exploatatii agricole individuale,Mures,1991,Kilograme,3296.0
Porumb boabe,din care: Exploatatii agricole individuale,Cluj,1991,Kilograme,2931.0
Porumb boabe,Sector privat,Olt,1991,Kilograme,5803.0
Porumb boabe,Sector privat,Giurgiu,1991,Kilograme,4245.0
Porumb boabe,din care: Exploatatii agricole individuale,Mehedinti,1991,Kilograme,4124.0
Porumb boabe,Sector privat,Buzau,1991,Kilograme,4427.0
Porumb boabe,Sector privat,Sibiu,1991,Kilograme,2516.0
Porumb boabe,Sector privat,Maramures,1991,Kilograme,2444.0
Porumb boabe,din care: Exploatatii agricole individuale,Valcea,1991,Kilograme,3980.0
Porumb boabe,din care: Exploatatii agricole individuale,Dolj,1991,Kilograme,5097.0
Porumb boabe,din care: Exploatatii agricole individuale,Sibiu,1991,Kilograme,2516.0
Porumb boabe,din care: Exploatatii agricole individuale,Maramures,1991,Kilograme,2444.0
Porumb boabe,Sector privat,Valcea,1991,Kilograme,3980.0
Porumb boabe,Sector privat,Ialomita,1991,Kilograme,6930.0
Porumb boabe,Sector privat,Constanta,1991,Kilograme,4428.0
Porumb boabe,Sector privat,Bacau,1991,Kilograme,3570.0
Porumb boabe,din care: Exploatatii agricole individuale,Teleorman,1991,Kilograme,4817.0
Porumb boabe,Sector privat,Satu Mare,1991,Kilograme,2813.0
Porumb boabe,din care: Exploatatii agricole individuale,Arad,1991,Kilograme,4358.0
Porumb boabe,din care: Exploatatii agricole individuale,Tulcea,1991,Kilograme,4351.0
Porumb boabe,din care: Exploatatii agricole individuale,Bacau,1991,Kilograme,3570.0
Porumb boabe,din care: Exploatatii agricole individuale,Buzau,1991,Kilograme,2879.0
Porumb boabe,din care: Exploatatii agricole individuale,Satu Mare,1991,Kilograme,2645.0
Porumb boabe,Sector privat,Arad,1991,Kilograme,4144.0
Porumb boabe,Sector privat,Prahova,1991,Kilograme,5373.0
Porumb boabe,Sector privat,Galati,1991,Kilograme,5226.0
Porumb boabe,Sector privat,Botosani,1991,Kilograme,3162.0
Porumb boabe,Sector privat,Salaj,1991,Kilograme,2162.0
Porumb boabe,din care: Exploatatii agricole individuale,Dambovita,1991,Kilograme,3628.0
Porumb boabe,din care: Exploatatii agricole individuale,Caras-Severin,1991,Kilograme,2737.0
Porumb boabe,din care: Exploatatii agricole individuale,Botosani,1991,Kilograme,3176.0
Porumb boabe,din care: Exploatatii agricole individuale,Salaj,1991,Kilograme,2162.0
Porumb boabe,din care: Exploatatii agricole individuale,Vrancea,1991,Kilograme,3855.0
Porumb boabe,Sector privat,Caras-Severin,1991,Kilograme,2736.0
Porumb boabe,din care: Exploatatii agricole individuale,Calarasi,1991,Kilograme,6325.0
Porumb boabe,Sector privat,Teleorman,1991,Kilograme,4792.0
Porumb boabe,Sector privat,Tulcea,1991,Kilograme,4301.0
Porumb boabe,din care: Exploatatii agricole individuale,Prahova,1991,Kilograme,4654.0
Porumb boabe,Sector privat,Iasi,1991,Kilograme,3932.0
Porumb boabe,din care: Exploatatii agricole individuale,Hunedoara,1991,Kilograme,2756.0
Porumb boabe,Sector privat,Cluj,1991,Kilograme,2923.0
Porumb boabe,din care: Exploatatii agricole individuale,Iasi,1991,Kilograme,4085.0
Porumb boabe,din care: Exploatatii agricole individuale,Alba,1991,Kilograme,3070.0
Porumb boabe,Sector privat,Hunedoara,1991,Kilograme,2759.0
Porumb boabe,Sector privat,Mun. Bucuresti -incl. SAI,1991,Kilograme,5985.0
Porumb boabe,din care: Exploatatii agricole individuale,Giurgiu,1991,Kilograme,4239.0
Porumb boabe,Sector privat,Brasov,1991,Kilograme,2222.0
Porumb boabe,Sector privat,Vrancea,1991,Kilograme,3849.0
Porumb boabe,din care: Exploatatii agricole individuale,Timis,1991,Kilograme,3632.0
Porumb boabe,Sector privat,Neamt,1991,Kilograme,2850.0
Porumb boabe,din care: Exploatatii agricole individuale,Neamt,1991,Kilograme,2815.0
Porumb boabe,din care: Exploatatii agricole individuale,Brasov,1991,Kilograme,2245.0
Porumb boabe,Sector privat,Timis,1991,Kilograme,4460.0
Porumb boabe,Sector privat,Dolj,1991,Kilograme,5095.0
Porumb boabe,din care: Exploatatii agricole individuale,Gorj,1991,Kilograme,3266.0
Porumb boabe,Sector privat,Arges,1991,Kilograme,3554.0
Porumb boabe,Sector privat,Suceava,1991,Kilograme,2356.0
Porumb boabe,Sector privat,Covasna,1991,Kilograme,2430.0
Porumb boabe,din care: Exploatatii agricole individuale,Suceava,1991,Kilograme,2357.0
Porumb boabe,din care: Exploatatii agricole individuale,Bihor,1991,Kilograme,3856.0
Porumb boabe,Sector privat,Covasna,1992,Kilograme,2005.0
Porumb boabe,din care: Exploatatii agricole individuale,Suceava,1992,Kilograme,2024.0
Porumb boabe,din care: Exploatatii agricole individuale,Covasna,1992,Kilograme,2005.0
Porumb boabe,din care: Exploatatii agricole individuale,Bihor,1992,Kilograme,1566.0
Porumb boabe,din care: Exploatatii agricole individuale,Dambovita,1992,Kilograme,2460.0
Porumb boabe,Sector privat,Gorj,1992,Kilograme,2478.0
Porumb boabe,Sector privat,Calarasi,1992,Kilograme,3174.0
Porumb boabe,Sector privat,Vaslui,1992,Kilograme,1634.0
Porumb boabe,Sector privat,Harghita,1992,Kilograme,1861.0
Porumb boabe,din care: Exploatatii agricole individuale,Vaslui,1992,Kilograme,1618.0
Porumb boabe,Sector privat,Bistrita-Nasaud,1992,Kilograme,1688.0
Porumb boabe,din care: Exploatatii agricole individuale,Mun. Bucuresti -incl. SAI,1992,Kilograme,1794.0
Porumb boabe,din care: Exploatatii agricole individuale,Harghita,1992,Kilograme,1868.0
Porumb boabe,din care: Exploatatii agricole individuale,Bistrita-Nasaud,1992,Kilograme,1679.0
Porumb boabe,Sector privat,Mehedinti,1992,Kilograme,1246.0
Porumb boabe,din care: Exploatatii agricole individuale,Ialomita,1992,Kilograme,3333.0
Porumb boabe,din care: Exploatatii agricole individuale,Galati,1992,Kilograme,2138.0
Porumb boabe,Sector privat,Dambovita,1992,Kilograme,2442.0
Porumb boabe,Sector privat,Braila,1992,Kilograme,3372.0
Porumb boabe,Sector privat,Mures,1992,Kilograme,2850.0
Porumb boabe,Sector privat,Cluj,1992,Kilograme,1698.0
Porumb boabe,din care: Exploatatii agricole individuale,Iasi,1992,Kilograme,2008.0
Porumb boabe,din care: Exploatatii agricole individuale,Mures,1992,Kilograme,2862.0
Porumb boabe,din care: Exploatatii agricole individuale,Cluj,1992,Kilograme,1594.0
Porumb boabe,Sector privat,Olt,1992,Kilograme,1584.0
Porumb boabe,Sector privat,Giurgiu,1992,Kilograme,1681.0
Porumb boabe,din care: Exploatatii agricole individuale,Mehedinti,1992,Kilograme,1267.0
Porumb boabe,Sector privat,Buzau,1992,Kilograme,1974.0
Porumb boabe,Sector privat,Sibiu,1992,Kilograme,2305.0
Porumb boabe,din care: Exploatatii agricole individuale,Arges,1992,Kilograme,1867.0
Porumb boabe,din care: Exploatatii agricole individuale,Dolj,1992,Kilograme,2137.0
Porumb boabe,din care: Exploatatii agricole individuale,Valcea,1992,Kilograme,2815.0
Porumb boabe,Sector privat,Maramures,1992,Kilograme,2020.0
Porumb boabe,din care: Exploatatii agricole individuale,Sibiu,1992,Kilograme,2376.0
Porumb boabe,din care: Exploatatii agricole individuale,Maramures,1992,Kilograme,2020.0
Porumb boabe,Sector privat,Valcea,1992,Kilograme,2815.0
Porumb boabe,Sector privat,Ialomita,1992,Kilograme,3420.0
Porumb boabe,Sector privat,Constanta,1992,Kilograme,1912.0
Porumb boabe,Sector privat,Bacau,1992,Kilograme,2265.0
Porumb boabe,Sector privat,Satu Mare,1992,Kilograme,2307.0
Porumb boabe,din care: Exploatatii agricole individuale,Buzau,1992,Kilograme,1868.0
Porumb boabe,din care: Exploatatii agricole individuale,Arad,1992,Kilograme,2091.0
Porumb boabe,din care: Exploatatii agricole individuale,Bacau,1992,Kilograme,2272.0
Porumb boabe,din care: Exploatatii agricole individuale,Satu Mare,1992,Kilograme,2339.0
Porumb boabe,Sector privat,Arad,1992,Kilograme,1979.0
Porumb boabe,din care: Exploatatii agricole individuale,Teleorman,1992,Kilograme,1762.0
Porumb boabe,Sector privat,Prahova,1992,Kilograme,2571.0
Porumb boabe,Sector privat,Galati,1992,Kilograme,2146.0
Porumb boabe,Sector privat,Botosani,1992,Kilograme,1985.0
Porumb boabe,din care: Exploatatii agricole individuale,Braila,1992,Kilograme,3264.0
Porumb boabe,Sector privat,Salaj,1992,Kilograme,1654.0
Porumb boabe,din care: Exploatatii agricole individuale,Caras-Severin,1992,Kilograme,1536.0
Porumb boabe,din care: Exploatatii agricole individuale,Botosani,1992,Kilograme,1971.0
Porumb boabe,din care: Exploatatii agricole individuale,Salaj,1992,Kilograme,1639.0
Porumb boabe,din care: Exploatatii agricole individuale,Constanta,1992,Kilograme,1869.0
Porumb boabe,Sector privat,Caras-Severin,1992,Kilograme,1517.0
Porumb boabe,din care: Exploatatii agricole individuale,Calarasi,1992,Kilograme,3218.0
Porumb boabe,Sector privat,Teleorman,1992,Kilograme,1744.0
Porumb boabe,din care: Exploatatii agricole individuale,Prahova,1992,Kilograme,2574.0
Porumb boabe,Sector privat,Tulcea,1992,Kilograme,2206.0
Porumb boabe,Sector privat,Iasi,1992,Kilograme,1981.0
Porumb boabe,din care: Exploatatii agricole individuale,Hunedoara,1992,Kilograme,1788.0
Porumb boabe,din care: Exploatatii agricole individuale,Olt,1992,Kilograme,1564.0
Porumb boabe,din care: Exploatatii agricole individuale,Alba,1992,Kilograme,1845.0
Porumb boabe,Sector privat,Alba,1992,Kilograme,1834.0
Porumb boabe,Sector privat,Hunedoara,1992,Kilograme,1810.0
Porumb boabe,Sector privat,Mun. Bucuresti -incl. SAI,1992,Kilograme,1790.0
Porumb boabe,din care: Exploatatii agricole individuale,Tulcea,1992,Kilograme,2292.0
Porumb boabe,din care: Exploatatii agricole individuale,Giurgiu,1992,Kilograme,1683.0
Porumb boabe,Sector privat,Vrancea,1992,Kilograme,1385.0
Porumb boabe,Sector privat,Neamt,1992,Kilograme,2082.0
Porumb boabe,din care: Exploatatii agricole individuale,Timis,1992,Kilograme,1620.0
Porumb boabe,din care: Exploatatii agricole individuale,Neamt,1992,Kilograme,2087.0
Porumb boabe,din care: Exploatatii agricole individuale,Brasov,1992,Kilograme,2702.0
Porumb boabe,Sector privat,Brasov,1992,Kilograme,2666.0
Porumb boabe,din care: Exploatatii agricole individuale,Gorj,1992,Kilograme,2475.0
Porumb boabe,Sector privat,Timis,1992,Kilograme,1638.0
Porumb boabe,Sector privat,Dolj,1992,Kilograme,2138.0
Porumb boabe,Sector privat,Arges,1992,Kilograme,1763.0
Porumb boabe,din care: Exploatatii agricole individuale,Vrancea,1992,Kilograme,1400.0
Porumb boabe,Sector privat,Suceava,1992,Kilograme,2030.0
Porumb boabe,Sector privat,Bihor,1992,Kilograme,1553.0
Porumb boabe,Sector privat,Covasna,1993,Kilograme,2734.0
Porumb boabe,din care: Exploatatii agricole individuale,Suceava,1993,Kilograme,2894.0
Porumb boabe,din care: Exploatatii agricole individuale,Covasna,1993,Kilograme,2732.0
Porumb boabe,din care: Exploatatii agricole individuale,Bihor,1993,Kilograme,2808.0
Porumb boabe,din care: Exploatatii agricole individuale,Dambovita,1993,Kilograme,2564.0
Porumb boabe,Sector privat,Gorj,1993,Kilograme,2160.0
Porumb boabe,Sector privat,Calarasi,1993,Kilograme,3879.0
Porumb boabe,Sector privat,Vaslui,1993,Kilograme,3038.0
Porumb boabe,din care: Exploatatii agricole individuale,Vaslui,1993,Kilograme,3101.0
Porumb boabe,Sector privat,Harghita,1993,Kilograme,2491.0
Porumb boabe,Sector privat,Bistrita-Nasaud,1993,Kilograme,2177.0
Porumb boabe,din care: Exploatatii agricole individuale,Mun. Bucuresti -incl. SAI,1993,Kilograme,4089.0
Porumb boabe,din care: Exploatatii agricole individuale,Harghita,1993,Kilograme,2419.0
Porumb boabe,din care: Exploatatii agricole individuale,Bistrita-Nasaud,1993,Kilograme,2181.0
Porumb boabe,din care: Exploatatii agricole individuale,Galati,1993,Kilograme,3508.0
Porumb boabe,din care: Exploatatii agricole individuale,Ialomita,1993,Kilograme,3659.0
Porumb boabe,Sector privat,Mehedinti,1993,Kilograme,596.0
Porumb boabe,Sector privat,Dambovita,1993,Kilograme,2537.0
Porumb boabe,Sector privat,Braila,1993,Kilograme,4333.0
Porumb boabe,Sector privat,Mures,1993,Kilograme,3599.0
Porumb boabe,din care: Exploatatii agricole individuale,Olt,1993,Kilograme,637.0
Porumb boabe,din care: Exploatatii agricole individuale,Iasi,1993,Kilograme,3663.0
Porumb boabe,din care: Exploatatii agricole individuale,Mures,1993,Kilograme,3610.0
Porumb boabe,din care: Exploatatii agricole individuale,Cluj,1993,Kilograme,2554.0
Porumb boabe,Sector privat,Olt,1993,Kilograme,635.0
Porumb boabe,din care: Exploatatii agricole individuale,Mehedinti,1993,Kilograme,604.0
Porumb boabe,Sector privat,Giurgiu,1993,Kilograme,1998.0
Porumb boabe,din care: Exploatatii agricole individuale,Valcea,1993,Kilograme,3042.0
Porumb boabe,Sector privat,Buzau,1993,Kilograme,2993.0
Porumb boabe,din care: Exploatatii agricole individuale,Arges,1993,Kilograme,1794.0
Porumb boabe,din care: Exploatatii agricole individuale,Dolj,1993,Kilograme,320.0
Porumb boabe,Sector privat,Sibiu,1993,Kilograme,3043.0
Porumb boabe,din care: Exploatatii agricole individuale,Sibiu,1993,Kilograme,3109.0
Porumb boabe,Sector privat,Maramures,1993,Kilograme,2322.0
Porumb boabe,din care: Exploatatii agricole individuale,Maramures,1993,Kilograme,2322.0
Porumb boabe,Sector privat,Valcea,1993,Kilograme,3041.0
Porumb boabe,Sector privat,Ialomita,1993,Kilograme,3720.0
Porumb boabe,Sector privat,Constanta,1993,Kilograme,2513.0
Porumb boabe,Sector privat,Bacau,1993,Kilograme,3585.0
Porumb boabe,Sector privat,Satu Mare,1993,Kilograme,3103.0
Porumb boabe,din care: Exploatatii agricole individuale,Arad,1993,Kilograme,3026.0
Porumb boabe,din care: Exploatatii agricole individuale,Buzau,1993,Kilograme,2982.0
Porumb boabe,din care: Exploatatii agricole individuale,Bacau,1993,Kilograme,3576.0
Porumb boabe,din care: Exploatatii agricole individuale,Satu Mare,1993,Kilograme,3024.0
Porumb boabe,din care: Exploatatii agricole individuale,Teleorman,1993,Kilograme,274.0
Porumb boabe,Sector privat,Arad,1993,Kilograme,2857.0
Porumb boabe,Sector privat,Prahova,1993,Kilograme,3797.0
Porumb boabe,Sector privat,Galati,1993,Kilograme,3502.0
Porumb boabe,din care: Exploatatii agricole individuale,Braila,1993,Kilograme,4248.0
Porumb boabe,Sector privat,Botosani,1993,Kilograme,3311.0
Porumb boabe,din care: Exploatatii agricole individuale,Caras-Severin,1993,Kilograme,2609.0
Porumb boabe,Sector privat,Salaj,1993,Kilograme,2432.0
Porumb boabe,din care: Exploatatii agricole individuale,Botosani,1993,Kilograme,3250.0
Porumb boabe,din care: Exploatatii agricole individuale,Salaj,1993,Kilograme,2446.0
Porumb boabe,Sector privat,Caras-Severin,1993,Kilograme,2592.0
Porumb boabe,din care: Exploatatii agricole individuale,Constanta,1993,Kilograme,2421.0
Porumb boabe,din care: Exploatatii agricole individuale,Calarasi,1993,Kilograme,3996.0
Porumb boabe,Sector privat,Teleorman,1993,Kilograme,278.0
Porumb boabe,din care: Exploatatii agricole individuale,Prahova,1993,Kilograme,3778.0
Porumb boabe,Sector privat,Tulcea,1993,Kilograme,2816.0
Porumb boabe,din care: Exploatatii agricole individuale,Hunedoara,1993,Kilograme,2547.0
Porumb boabe,Sector privat,Iasi,1993,Kilograme,3647.0
Porumb boabe,Sector privat,Cluj,1993,Kilograme,2593.0
Porumb boabe,din care: Exploatatii agricole individuale,Alba,1993,Kilograme,3367.0
Porumb boabe,Sector privat,Alba,1993,Kilograme,3282.0
Porumb boabe,Sector privat,Hunedoara,1993,Kilograme,2560.0
Porumb boabe,Sector privat,Mun. Bucuresti -incl. SAI,1993,Kilograme,4030.0
Porumb boabe,din care: Exploatatii agricole individuale,Giurgiu,1993,Kilograme,2055.0
Porumb boabe,din care: Exploatatii agricole individuale,Tulcea,1993,Kilograme,2841.0
Porumb boabe,din care: Exploatatii agricole individuale,Timis,1993,Kilograme,2629.0
Porumb boabe,Sector privat,Vrancea,1993,Kilograme,3267.0
Porumb boabe,Sector privat,Neamt,1993,Kilograme,3493.0
Porumb boabe,din care: Exploatatii agricole individuale,Neamt,1993,Kilograme,3426.0
Porumb boabe,Sector privat,Brasov,1993,Kilograme,3001.0
Porumb boabe,din care: Exploatatii agricole individuale,Brasov,1993,Kilograme,3061.0
Porumb boabe,Sector privat,Timis,1993,Kilograme,2615.0
Porumb boabe,Sector privat,Dolj,1993,Kilograme,329.0
Porumb boabe,din care: Exploatatii agricole individuale,Gorj,1993,Kilograme,2161.0
Porumb boabe,din care: Exploatatii agricole individuale,Vrancea,1993,Kilograme,3279.0
Porumb boabe,Sector privat,Arges,1993,Kilograme,1708.0
Porumb boabe,Sector privat,Suceava,1993,Kilograme,2904.0
Porumb boabe,Sector privat,Bihor,1993,Kilograme,2833.0
Porumb boabe,din care: Exploatatii agricole individuale,Suceava,1994,Kilograme,2476.0
Porumb boabe,din care: Exploatatii agricole individuale,Vrancea,1994,Kilograme,2135.0
Porumb boabe,Sector privat,Covasna,1994,Kilograme,2797.0
Porumb boabe,din care: Exploatatii agricole individuale,Covasna,1994,Kilograme,2794.0
Porumb boabe,Sector privat,Bihor,1994,Kilograme,2522.0
Porumb boabe,din care: Exploatatii agricole individuale,Bihor,1994,Kilograme,2493.0
Porumb boabe,din care: Exploatatii agricole individuale,Dambovita,1994,Kilograme,4440.0
Porumb boabe,Sector privat,Gorj,1994,Kilograme,4998.0
Porumb boabe,Sector privat,Calarasi,1994,Kilograme,3633.0
Porumb boabe,Sector privat,Vaslui,1994,Kilograme,1275.0
Porumb boabe,din care: Exploatatii agricole individuale,Vaslui,1994,Kilograme,1316.0
Porumb boabe,Sector privat,Harghita,1994,Kilograme,2612.0
Porumb boabe,Sector privat,Bistrita-Nasaud,1994,Kilograme,2058.0
Porumb boabe,din care: Exploatatii agricole individuale,Harghita,1994,Kilograme,2632.0
Porumb boabe,din care: Exploatatii agricole individuale,Mun. Bucuresti -incl. SAI,1994,Kilograme,4896.0
Porumb boabe,din care: Exploatatii agricole individuale,Bistrita-Nasaud,1994,Kilograme,2053.0
Porumb boabe,din care: Exploatatii agricole individuale,Ialomita,1994,Kilograme,3678.0
Porumb boabe,din care: Exploatatii agricole individuale,Galati,1994,Kilograme,1528.0
Porumb boabe,Sector privat,Mehedinti,1994,Kilograme,3999.0
Porumb boabe,Sector privat,Dambovita,1994,Kilograme,4416.0
Porumb boabe,din care: Exploatatii agricole individuale,Olt,1994,Kilograme,4162.0
Porumb boabe,din care: Exploatatii agricole individuale,Constanta,1994,Kilograme,2348.0
Porumb boabe,din care: Exploatatii agricole individuale,Mures,1994,Kilograme,3535.0
Porumb boabe,Sector privat,Mures,1994,Kilograme,3474.0
Porumb boabe,Sector privat,Cluj,1994,Kilograme,2566.0
Porumb boabe,din care: Exploatatii agricole individuale,Cluj,1994,Kilograme,2539.0
Porumb boabe,din care: Exploatatii agricole individuale,Mehedinti,1994,Kilograme,4007.0
Porumb boabe,din care: Exploatatii agricole individuale,Valcea,1994,Kilograme,6189.0
Porumb boabe,Sector privat,Olt,1994,Kilograme,4078.0
Porumb boabe,din care: Exploatatii agricole individuale,Sibiu,1994,Kilograme,3039.0
Porumb boabe,Sector privat,Giurgiu,1994,Kilograme,4100.0
Porumb boabe,din care: Exploatatii agricole individuale,Arges,1994,Kilograme,3878.0
Porumb boabe,din care: Exploatatii agricole individuale,Dolj,1994,Kilograme,3863.0
Porumb boabe,Sector privat,Buzau,1994,Kilograme,2816.0
Porumb boabe,Sector privat,Sibiu,1994,Kilograme,2962.0
Porumb boabe,din care: Exploatatii agricole individuale,Maramures,1994,Kilograme,1566.0
Porumb boabe,Sector privat,Maramures,1994,Kilograme,1565.0
Porumb boabe,Sector privat,Valcea,1994,Kilograme,6170.0
Porumb boabe,Sector privat,Ialomita,1994,Kilograme,3726.0
Porumb boabe,Sector privat,Constanta,1994,Kilograme,2386.0
Porumb boabe,din care: Exploatatii agricole individuale,Arad,1994,Kilograme,3223.0
Porumb boabe,Sector privat,Bacau,1994,Kilograme,2719.0
Porumb boabe,din care: Exploatatii agricole individuale,Bacau,1994,Kilograme,2720.0
Porumb boabe,Sector privat,Satu Mare,1994,Kilograme,2428.0
Porumb boabe,din care: Exploatatii agricole individuale,Buzau,1994,Kilograme,2822.0
Porumb boabe,din care: Exploatatii agricole individuale,Satu Mare,1994,Kilograme,2221.0
Porumb boabe,din care: Exploatatii agricole individuale,Teleorman,1994,Kilograme,3178.0
Porumb boabe,Sector privat,Arad,1994,Kilograme,3245.0
Porumb boabe,Sector privat,Prahova,1994,Kilograme,5079.0
Porumb boabe,din care: Exploatatii agricole individuale,Braila,1994,Kilograme,3453.0
Porumb boabe,din care: Exploatatii agricole individuale,Caras-Severin,1994,Kilograme,2955.0
Porumb boabe,din care: Exploatatii agricole individuale,Botosani,1994,Kilograme,2031.0
Porumb boabe,Sector privat,Galati,1994,Kilograme,1548.0
Porumb boabe,Sector privat,Botosani,1994,Kilograme,2041.0
Porumb boabe,Sector privat,Salaj,1994,Kilograme,2533.0
Porumb boabe,din care: Exploatatii agricole individuale,Salaj,1994,Kilograme,2539.0
Porumb boabe,din care: Exploatatii agricole individuale,Calarasi,1994,Kilograme,3560.0
Porumb boabe,Sector privat,Caras-Severin,1994,Kilograme,2946.0
Porumb boabe,Sector privat,Teleorman,1994,Kilograme,3215.0
Porumb boabe,din care: Exploatatii agricole individuale,Prahova,1994,Kilograme,5100.0
Porumb boabe,Sector privat,Tulcea,1994,Kilograme,1662.0
Porumb boabe,din care: Exploatatii agricole individuale,Hunedoara,1994,Kilograme,2954.0
Porumb boabe,Sector privat,Braila,1994,Kilograme,3364.0
Porumb boabe,din care: Exploatatii agricole individuale,Iasi,1994,Kilograme,2711.0
Porumb boabe,Sector privat,Iasi,1994,Kilograme,2679.0
Porumb boabe,din care: Exploatatii agricole individuale,Alba,1994,Kilograme,3152.0
Porumb boabe,Sector privat,Alba,1994,Kilograme,3071.0
Porumb boabe,Sector privat,Hunedoara,1994,Kilograme,2958.0
Porumb boabe,Sector privat,Mun. Bucuresti -incl. SAI,1994,Kilograme,4814.0
Porumb boabe,din care: Exploatatii agricole individuale,Giurgiu,1994,Kilograme,4145.0
Porumb boabe,din care: Exploatatii agricole individuale,Tulcea,1994,Kilograme,1672.0
Porumb boabe,din care: Exploatatii agricole individuale,Timis,1994,Kilograme,3373.0
Porumb boabe,din care: Exploatatii agricole individuale,Neamt,1994,Kilograme,3020.0
Porumb boabe,Sector privat,Vrancea,1994,Kilograme,2193.0
Porumb boabe,Sector privat,Neamt,1994,Kilograme,3108.0
Porumb boabe,din care: Exploatatii agricole individuale,Brasov,1994,Kilograme,2935.0
Porumb boabe,Sector privat,Brasov,1994,Kilograme,2985.0
Porumb boabe,Sector privat,Timis,1994,Kilograme,3328.0
Porumb boabe,Sector privat,Dolj,1994,Kilograme,3837.0
Porumb boabe,din care: Exploatatii agricole individuale,Gorj,1994,Kilograme,4998.0
Porumb boabe,Sector privat,Arges,1994,Kilograme,3851.0
Porumb boabe,Sector privat,Suceava,1994,Kilograme,2472.0
Porumb boabe,din care: Exploatatii agricole individuale,Suceava,1995,Kilograme,2354.0
Porumb boabe,din care: Exploatatii agricole individuale,Vrancea,1995,Kilograme,2280.0
Porumb boabe,din care: Exploatatii agricole individuale,Covasna,1995,Kilograme,2814.0
Porumb boabe,Sector privat,Covasna,1995,Kilograme,2832.0
Porumb boabe,din care: Exploatatii agricole individuale,Bihor,1995,Kilograme,3178.0
Porumb boabe,Sector privat,Bihor,1995,Kilograme,3306.0
Porumb boabe,din care: Exploatatii agricole individuale,Dambovita,1995,Kilograme,3794.0
Porumb boabe,din care: Exploatatii agricole individuale,Vaslui,1995,Kilograme,1527.0
Porumb boabe,Sector privat,Gorj,1995,Kilograme,5188.0
Porumb boabe,Sector privat,Calarasi,1995,Kilograme,4100.0
Porumb boabe,Sector privat,Vaslui,1995,Kilograme,1546.0
Porumb boabe,Sector privat,Harghita,1995,Kilograme,3099.0
Porumb boabe,Sector privat,Bistrita-Nasaud,1995,Kilograme,2998.0
Porumb boabe,din care: Exploatatii agricole individuale,Harghita,1995,Kilograme,3104.0
Porumb boabe,din care: Exploatatii agricole individuale,Bistrita-Nasaud,1995,Kilograme,2989.0
Porumb boabe,din care: Exploatatii agricole individuale,Ialomita,1995,Kilograme,3396.0
Porumb boabe,din care: Exploatatii agricole individuale,Galati,1995,Kilograme,1909.0
Porumb boabe,din care: Exploatatii agricole individuale,Olt,1995,Kilograme,3518.0
Porumb boabe,Sector privat,Mehedinti,1995,Kilograme,3488.0
Porumb boabe,Sector privat,Dambovita,1995,Kilograme,3776.0
Porumb boabe,Sector privat,Braila,1995,Kilograme,1986.0
Porumb boabe,din care: Exploatatii agricole individuale,Alba,1995,Kilograme,3399.0
Porumb boabe,din care: Exploatatii agricole individuale,Cluj,1995,Kilograme,3686.0
Porumb boabe,Sector privat,Mures,1995,Kilograme,3732.0
Porumb boabe,din care: Exploatatii agricole individuale,Mun. Bucuresti -incl. SAI,1995,Kilograme,4644.0
Porumb boabe,Sector privat,Cluj,1995,Kilograme,3647.0
Porumb boabe,din care: Exploatatii agricole individuale,Valcea,1995,Kilograme,5143.0
Porumb boabe,din care: Exploatatii agricole individuale,Sibiu,1995,Kilograme,2931.0
Porumb boabe,Sector privat,Olt,1995,Kilograme,3540.0
Porumb boabe,Sector privat,Giurgiu,1995,Kilograme,4618.0
Porumb boabe,Sector privat,Buzau,1995,Kilograme,2544.0
Porumb boabe,din care: Exploatatii agricole individuale,Maramures,1995,Kilograme,2392.0
Porumb boabe,Sector privat,Sibiu,1995,Kilograme,2894.0
Porumb boabe,din care: Exploatatii agricole individuale,Arges,1995,Kilograme,3210.0
Porumb boabe,din care: Exploatatii agricole individuale,Dolj,1995,Kilograme,3738.0
Porumb boabe,Sector privat,Maramures,1995,Kilograme,2392.0
Porumb boabe,din care: Exploatatii agricole individuale,Mehedinti,1995,Kilograme,3486.0
Porumb boabe,din care: Exploatatii agricole individuale,Arad,1995,Kilograme,2980.0
Porumb boabe,Sector privat,Valcea,1995,Kilograme,5133.0
Porumb boabe,Sector privat,Ialomita,1995,Kilograme,3466.0
Porumb boabe,Sector privat,Constanta,1995,Kilograme,3088.0
Porumb boabe,Sector privat,Bacau,1995,Kilograme,2847.0
Porumb boabe,din care: Exploatatii agricole individuale,Bacau,1995,Kilograme,2844.0
Porumb boabe,Sector privat,Satu Mare,1995,Kilograme,3233.0
Porumb boabe,din care: Exploatatii agricole individuale,Satu Mare,1995,Kilograme,3125.0
Porumb boabe,din care: Exploatatii agricole individuale,Buzau,1995,Kilograme,2590.0
Porumb boabe,din care: Exploatatii agricole individuale,Teleorman,1995,Kilograme,3672.0
Porumb boabe,din care: Exploatatii agricole individuale,Braila,1995,Kilograme,1935.0
Porumb boabe,Sector privat,Arad,1995,Kilograme,3193.0
Porumb boabe,Sector privat,Prahova,1995,Kilograme,4754.0
Porumb boabe,din care: Exploatatii agricole individuale,Caras-Severin,1995,Kilograme,3494.0
Porumb boabe,din care: Exploatatii agricole individuale,Botosani,1995,Kilograme,1809.0
Porumb boabe,din care: Exploatatii agricole individuale,Salaj,1995,Kilograme,2912.0
Porumb boabe,Sector privat,Galati,1995,Kilograme,1972.0
Porumb boabe,Sector privat,Botosani,1995,Kilograme,1813.0
Porumb boabe,Sector privat,Salaj,1995,Kilograme,2916.0
Porumb boabe,din care: Exploatatii agricole individuale,Calarasi,1995,Kilograme,4056.0
Porumb boabe,din care: Exploatatii agricole individuale,Prahova,1995,Kilograme,4749.0
Porumb boabe,Sector privat,Caras-Severin,1995,Kilograme,3489.0
Porumb boabe,Sector privat,Teleorman,1995,Kilograme,3666.0
Porumb boabe,din care: Exploatatii agricole individuale,Hunedoara,1995,Kilograme,3386.0
Porumb boabe,din care: Exploatatii agricole individuale,Iasi,1995,Kilograme,3111.0
Porumb boabe,din care: Exploatatii agricole individuale,Mures,1995,Kilograme,3718.0
Porumb boabe,Sector privat,Alba,1995,Kilograme,3401.0
Porumb boabe,din care: Exploatatii agricole individuale,Constanta,1995,Kilograme,3076.0
Porumb boabe,Sector privat,Tulcea,1995,Kilograme,1440.0
Porumb boabe,Sector privat,Iasi,1995,Kilograme,3117.0
Porumb boabe,din care: Exploatatii agricole individuale,Giurgiu,1995,Kilograme,4614.0
Porumb boabe,Sector privat,Hunedoara,1995,Kilograme,3399.0
Porumb boabe,Sector privat,Mun. Bucuresti -incl. SAI,1995,Kilograme,4563.0
Porumb boabe,din care: Exploatatii agricole individuale,Tulcea,1995,Kilograme,1311.0
Porumb boabe,din care: Exploatatii agricole individuale,Timis,1995,Kilograme,3257.0
Porumb boabe,din care: Exploatatii agricole individuale,Neamt,1995,Kilograme,3167.0
Porumb boabe,din care: Exploatatii agricole individuale,Brasov,1995,Kilograme,2966.0
Porumb boabe,Sector privat,Vrancea,1995,Kilograme,2266.0
Porumb boabe,Sector privat,Neamt,1995,Kilograme,3254.0
Porumb boabe,Sector privat,Brasov,1995,Kilograme,2923.0
Porumb boabe,din care: Exploatatii agricole individuale,Gorj,1995,Kilograme,5192.0
Porumb boabe,Sector privat,Timis,1995,Kilograme,3301.0
Porumb boabe,Sector privat,Dolj,1995,Kilograme,3748.0
Porumb boabe,Sector privat,Arges,1995,Kilograme,3201.0
Porumb boabe,Sector privat,Suceava,1995,Kilograme,2342.0
Porumb boabe,din care: Exploatatii agricole individuale,Vrancea,1996,Kilograme,3996.0
Porumb boabe,Sector privat,Dolj,1996,Kilograme,2825.0
Porumb boabe,din care: Exploatatii agricole individuale,Suceava,1996,Kilograme,2234.0
Porumb boabe,din care: Exploatatii agricole individuale,Covasna,1996,Kilograme,3697.0
Porumb boabe,Sector privat,Suceava,1996,Kilograme,2222.0
Porumb boabe,din care: Exploatatii agricole individuale,Bihor,1996,Kilograme,3787.0
Porumb boabe,Sector privat,Covasna,1996,Kilograme,3671.0
Porumb boabe,Sector privat,Bihor,1996,Kilograme,3939.0
Porumb boabe,din care: Exploatatii agricole individuale,Dambovita,1996,Kilograme,3312.0
Porumb boabe,Sector privat,Gorj,1996,Kilograme,2610.0
Porumb boabe,din care: Exploatatii agricole individuale,Vaslui,1996,Kilograme,1764.0
Porumb boabe,Sector privat,Calarasi,1996,Kilograme,2767.0
Porumb boabe,Sector privat,Vaslui,1996,Kilograme,1694.0
Porumb boabe,Sector privat,Harghita,1996,Kilograme,2797.0
Porumb boabe,Sector privat,Bistrita-Nasaud,1996,Kilograme,3013.0
Porumb boabe,din care: Exploatatii agricole individuale,Harghita,1996,Kilograme,2792.0
Porumb boabe,din care: Exploatatii agricole individuale,Bistrita-Nasaud,1996,Kilograme,3005.0
Porumb boabe,din care: Exploatatii agricole individuale,Ialomita,1996,Kilograme,3208.0
Porumb boabe,din care: Exploatatii agricole individuale,Galati,1996,Kilograme,2634.0
Porumb boabe,Sector privat,Mehedinti,1996,Kilograme,1055.0
Porumb boabe,din care: Exploatatii agricole individuale,Olt,1996,Kilograme,3418.0
Porumb boabe,din care: Exploatatii agricole individuale,Hunedoara,1996,Kilograme,3420.0
Porumb boabe,Sector privat,Braila,1996,Kilograme,2214.0
Porumb boabe,Sector privat,Mures,1996,Kilograme,3684.0
Porumb boabe,din care: Exploatatii agricole individuale,Mures,1996,Kilograme,3756.0
Porumb boabe,Sector privat,Cluj,1996,Kilograme,3195.0
Porumb boabe,din care: Exploatatii agricole individuale,Mun. Bucuresti -incl. SAI,1996,Kilograme,3400.0
Porumb boabe,din care: Exploatatii agricole individuale,Cluj,1996,Kilograme,3190.0
Porumb boabe,Sector privat,Olt,1996,Kilograme,3316.0
Porumb boabe,din care: Exploatatii agricole individuale,Valcea,1996,Kilograme,5059.0
Porumb boabe,din care: Exploatatii agricole individuale,Sibiu,1996,Kilograme,3013.0
Porumb boabe,Sector privat,Giurgiu,1996,Kilograme,1594.0
Porumb boabe,din care: Exploatatii agricole individuale,Maramures,1996,Kilograme,2769.0
Porumb boabe,Sector privat,Buzau,1996,Kilograme,3066.0
Porumb boabe,Sector privat,Sibiu,1996,Kilograme,2961.0
Porumb boabe,din care: Exploatatii agricole individuale,Arges,1996,Kilograme,3625.0
Porumb boabe,din care: Exploatatii agricole individuale,Dolj,1996,Kilograme,2855.0
Porumb boabe,Sector privat,Maramures,1996,Kilograme,2777.0
Porumb boabe,din care: Exploatatii agricole individuale,Mehedinti,1996,Kilograme,1059.0
Porumb boabe,Sector privat,Valcea,1996,Kilograme,5036.0
Porumb boabe,din care: Exploatatii agricole individuale,Arad,1996,Kilograme,3796.0
Porumb boabe,Sector privat,Ialomita,1996,Kilograme,2930.0
Porumb boabe,Sector privat,Constanta,1996,Kilograme,2267.0
Porumb boabe,Sector privat,Bacau,1996,Kilograme,3211.0
Porumb boabe,Sector privat,Satu Mare,1996,Kilograme,3556.0
Porumb boabe,din care: Exploatatii agricole individuale,Bacau,1996,Kilograme,3207.0
Porumb boabe,din care: Exploatatii agricole individuale,Buzau,1996,Kilograme,3043.0
Porumb boabe,din care: Exploatatii agricole individuale,Satu Mare,1996,Kilograme,3363.0
Porumb boabe,din care: Exploatatii agricole individuale,Teleorman,1996,Kilograme,2616.0
Porumb boabe,Sector privat,Arad,1996,Kilograme,4011.0
Porumb boabe,din care: Exploatatii agricole individuale,Braila,1996,Kilograme,2266.0
Porumb boabe,Sector privat,Prahova,1996,Kilograme,4419.0
Porumb boabe,din care: Exploatatii agricole individuale,Caras-Severin,1996,Kilograme,2414.0
Porumb boabe,Sector privat,Galati,1996,Kilograme,2642.0
Porumb boabe,din care: Exploatatii agricole individuale,Botosani,1996,Kilograme,2660.0
Porumb boabe,Sector privat,Botosani,1996,Kilograme,2611.0
Porumb boabe,Sector privat,Salaj,1996,Kilograme,3149.0
Porumb boabe,din care: Exploatatii agricole individuale,Salaj,1996,Kilograme,3160.0
Porumb boabe,din care: Exploatatii agricole individuale,Calarasi,1996,Kilograme,2912.0
Porumb boabe,Sector privat,Caras-Severin,1996,Kilograme,2399.0
Porumb boabe,din care: Exploatatii agricole individuale,Prahova,1996,Kilograme,4433.0
Porumb boabe,Sector privat,Teleorman,1996,Kilograme,2562.0
Porumb boabe,Sector privat,Dambovita,1996,Kilograme,3303.0
Porumb boabe,din care: Exploatatii agricole individuale,Iasi,1996,Kilograme,3351.0
Porumb boabe,din care: Exploatatii agricole individuale,Alba,1996,Kilograme,3437.0
Porumb boabe,Sector privat,Tulcea,1996,Kilograme,1376.0
Porumb boabe,din care: Exploatatii agricole individuale,Constanta,1996,Kilograme,2290.0
Porumb boabe,Sector privat,Iasi,1996,Kilograme,3266.0
Porumb boabe,Sector privat,Alba,1996,Kilograme,3279.0
Porumb boabe,Sector privat,Hunedoara,1996,Kilograme,3423.0
Porumb boabe,din care: Exploatatii agricole individuale,Giurgiu,1996,Kilograme,1634.0
Porumb boabe,Sector privat,Mun. Bucuresti -incl. SAI,1996,Kilograme,3079.0
Porumb boabe,din care: Exploatatii agricole individuale,Tulcea,1996,Kilograme,1216.0
Porumb boabe,din care: Exploatatii agricole individuale,Timis,1996,Kilograme,3743.0
Porumb boabe,din care: Exploatatii agricole individuale,Neamt,1996,Kilograme,3046.0
Porumb boabe,din care: Exploatatii agricole individuale,Brasov,1996,Kilograme,2745.0
Porumb boabe,Sector privat,Vrancea,1996,Kilograme,3946.0
Porumb boabe,Sector privat,Neamt,1996,Kilograme,3085.0
Porumb boabe,Sector privat,Brasov,1996,Kilograme,2713.0
Porumb boabe,Sector privat,Timis,1996,Kilograme,3806.0
Porumb boabe,din care: Exploatatii agricole individuale,Gorj,1996,Kilograme,2621.0
Porumb boabe,Sector privat,Arges,1996,Kilograme,3599.0
Porumb boabe,Sector privat,Arges,1997,Kilograme,3752.0
Porumb boabe,din care: Exploatatii agricole individuale,Gorj,1997,Kilograme,4733.0
Porumb boabe,din care: Exploatatii agricole individuale,Covasna,1997,Kilograme,2631.0
Porumb boabe,din care: Exploatatii agricole individuale,Calarasi,1997,Kilograme,5145.0
Porumb boabe,Sector privat,Suceava,1997,Kilograme,2839.0
Porumb boabe,din care: Exploatatii agricole individuale,Bihor,1997,Kilograme,3650.0
Porumb boabe,Sector privat,Covasna,1997,Kilograme,2638.0
Porumb boabe,Sector privat,Bihor,1997,Kilograme,3802.0
Porumb boabe,din care: Exploatatii agricole individuale,Dambovita,1997,Kilograme,4025.0
Porumb boabe,din care: Exploatatii agricole individuale,Vrancea,1997,Kilograme,4787.0
Porumb boabe,din care: Exploatatii agricole individuale,Prahova,1997,Kilograme,5476.0
Porumb boabe,Sector privat,Gorj,1997,Kilograme,4735.0
Porumb boabe,Sector privat,Calarasi,1997,Kilograme,5242.0
Porumb boabe,din care: Exploatatii agricole individuale,Vaslui,1997,Kilograme,3547.0
Porumb boabe,Sector privat,Vaslui,1997,Kilograme,3565.0
Porumb boabe,Sector privat,Harghita,1997,Kilograme,2913.0
Porumb boabe,Sector privat,Bistrita-Nasaud,1997,Kilograme,3006.0
Porumb boabe,din care: Exploatatii agricole individuale,Harghita,1997,Kilograme,2923.0
Porumb boabe,din care: Exploatatii agricole individuale,Bistrita-Nasaud,1997,Kilograme,3016.0
Porumb boabe,din care: Exploatatii agricole individuale,Ialomita,1997,Kilograme,5256.0
Porumb boabe,din care: Exploatatii agricole individuale,Constanta,1997,Kilograme,4841.0
Porumb boabe,din care: Exploatatii agricole individuale,Iasi,1997,Kilograme,3430.0
Porumb boabe,Sector privat,Dambovita,1997,Kilograme,4022.0
Porumb boabe,din care: Exploatatii agricole individuale,Olt,1997,Kilograme,3756.0
Porumb boabe,Sector privat,Braila,1997,Kilograme,5966.0
Porumb boabe,Sector privat,Mures,1997,Kilograme,3732.0
Porumb boabe,Sector privat,Cluj,1997,Kilograme,3093.0
Porumb boabe,din care: Exploatatii agricole individuale,Mun. Bucuresti -incl. SAI,1997,Kilograme,4750.0
Porumb boabe,din care: Exploatatii agricole individuale,Mures,1997,Kilograme,3765.0
Porumb boabe,din care: Exploatatii agricole individuale,Cluj,1997,Kilograme,3079.0
Porumb boabe,Sector privat,Olt,1997,Kilograme,3664.0
Porumb boabe,Sector privat,Giurgiu,1997,Kilograme,4171.0
Porumb boabe,din care: Exploatatii agricole individuale,Valcea,1997,Kilograme,6243.0
Porumb boabe,din care: Exploatatii agricole individuale,Sibiu,1997,Kilograme,2907.0
Porumb boabe,Sector privat,Buzau,1997,Kilograme,4605.0
Porumb boabe,Sector privat,Sibiu,1997,Kilograme,2889.0
Porumb boabe,Sector privat,Maramures,1997,Kilograme,2716.0
Porumb boabe,din care: Exploatatii agricole individuale,Arges,1997,Kilograme,3803.0
Porumb boabe,din care: Exploatatii agricole individuale,Dolj,1997,Kilograme,3905.0
Porumb boabe,din care: Exploatatii agricole individuale,Maramures,1997,Kilograme,2705.0
Porumb boabe,din care: Exploatatii agricole individuale,Mehedinti,1997,Kilograme,6403.0
Porumb boabe,Sector privat,Valcea,1997,Kilograme,6230.0
Porumb boabe,Sector privat,Ialomita,1997,Kilograme,5104.0
Porumb boabe,din care: Exploatatii agricole individuale,Arad,1997,Kilograme,3764.0
Porumb boabe,Sector privat,Constanta,1997,Kilograme,4769.0
Porumb boabe,Sector privat,Bacau,1997,Kilograme,3668.0
Porumb boabe,Sector privat,Satu Mare,1997,Kilograme,3421.0
Porumb boabe,din care: Exploatatii agricole individuale,Bacau,1997,Kilograme,3656.0
Porumb boabe,din care: Exploatatii agricole individuale,Satu Mare,1997,Kilograme,3278.0
Porumb boabe,din care: Exploatatii agricole individuale,Galati,1997,Kilograme,4895.0
Porumb boabe,Sector privat,Arad,1997,Kilograme,3962.0
Porumb boabe,Sector privat,Prahova,1997,Kilograme,5538.0
Porumb boabe,din care: Exploatatii agricole individuale,Caras-Severin,1997,Kilograme,3382.0
Porumb boabe,din care: Exploatatii agricole individuale,Botosani,1997,Kilograme,3212.0
Porumb boabe,Sector privat,Galati,1997,Kilograme,4926.0
Porumb boabe,Sector privat,Botosani,1997,Kilograme,3221.0
Porumb boabe,Sector privat,Salaj,1997,Kilograme,2843.0
Porumb boabe,din care: Exploatatii agricole individuale,Salaj,1997,Kilograme,2842.0
Porumb boabe,din care: Exploatatii agricole individuale,Buzau,1997,Kilograme,4607.0
Porumb boabe,Sector privat,Caras-Severin,1997,Kilograme,3379.0
Porumb boabe,Sector privat,Teleorman,1997,Kilograme,3900.0
Porumb boabe,din care: Exploatatii agricole individuale,Hunedoara,1997,Kilograme,3855.0
Porumb boabe,Sector privat,Mehedinti,1997,Kilograme,6406.0
Porumb boabe,din care: Exploatatii agricole individuale,Alba,1997,Kilograme,3697.0
Porumb boabe,Sector privat,Tulcea,1997,Kilograme,4422.0
Porumb boabe,Sector privat,Iasi,1997,Kilograme,3488.0
Porumb boabe,Sector privat,Alba,1997,Kilograme,3727.0
Porumb boabe,Sector privat,Hunedoara,1997,Kilograme,3851.0
Porumb boabe,Sector privat,Mun. Bucuresti -incl. SAI,1997,Kilograme,4695.0
Porumb boabe,din care: Exploatatii agricole individuale,Tulcea,1997,Kilograme,4297.0
Porumb boabe,din care: Exploatatii agricole individuale,Giurgiu,1997,Kilograme,4229.0
Porumb boabe,din care: Exploatatii agricole individuale,Timis,1997,Kilograme,3769.0
Porumb boabe,din care: Exploatatii agricole individuale,Neamt,1997,Kilograme,3217.0
Porumb boabe,din care: Exploatatii agricole individuale,Brasov,1997,Kilograme,2909.0
Porumb boabe,Sector privat,Vrancea,1997,Kilograme,4829.0
Porumb boabe,Sector privat,Neamt,1997,Kilograme,3254.0
Porumb boabe,Sector privat,Brasov,1997,Kilograme,2860.0
Porumb boabe,din care: Exploatatii agricole individuale,Teleorman,1997,Kilograme,3920.0
Porumb boabe,din care: Exploatatii agricole individuale,Braila,1997,Kilograme,6135.0
Porumb boabe,Sector privat,Timis,1997,Kilograme,3811.0
Porumb boabe,Sector privat,Dolj,1997,Kilograme,3907.0
Porumb boabe,din care: Exploatatii agricole individuale,Suceava,1997,Kilograme,2840.0
Porumb boabe,din care: Exploatatii agricole individuale,Gorj,1998,Kilograme,4176.0
Porumb boabe,Sector privat,Timis,1998,Kilograme,3420.0
Porumb boabe,Sector privat,Arges,1998,Kilograme,2797.0
Porumb boabe,din care: Exploatatii agricole individuale,Suceava,1998,Kilograme,2656.0
Porumb boabe,Sector privat,Suceava,1998,Kilograme,2653.0
Porumb boabe,din care: Exploatatii agricole individuale,Covasna,1998,Kilograme,2452.0
Porumb boabe,din care: Exploatatii agricole individuale,Bihor,1998,Kilograme,3468.0
Porumb boabe,Sector privat,Covasna,1998,Kilograme,2469.0
Porumb boabe,din care: Exploatatii agricole individuale,Calarasi,1998,Kilograme,3243.0
Porumb boabe,Sector privat,Bihor,1998,Kilograme,3653.0
Porumb boabe,din care: Exploatatii agricole individuale,Dambovita,1998,Kilograme,2662.0
Porumb boabe,din care: Exploatatii agricole individuale,Vrancea,1998,Kilograme,2827.0
Porumb boabe,din care: Exploatatii agricole individuale,Prahova,1998,Kilograme,2782.0
Porumb boabe,Sector privat,Gorj,1998,Kilograme,4172.0
Porumb boabe,Sector privat,Calarasi,1998,Kilograme,3280.0
Porumb boabe,Sector privat,Vaslui,1998,Kilograme,2574.0
Porumb boabe,din care: Exploatatii agricole individuale,Vaslui,1998,Kilograme,2544.0
Porumb boabe,Sector privat,Harghita,1998,Kilograme,2168.0
Porumb boabe,Sector privat,Bistrita-Nasaud,1998,Kilograme,2239.0
Porumb boabe,din care: Exploatatii agricole individuale,Harghita,1998,Kilograme,2181.0
Porumb boabe,din care: Exploatatii agricole individuale,Bistrita-Nasaud,1998,Kilograme,2254.0
Porumb boabe,Sector privat,Teleorman,1998,Kilograme,1885.0
Porumb boabe,Sector privat,Mehedinti,1998,Kilograme,3378.0
Porumb boabe,din care: Exploatatii agricole individuale,Constanta,1998,Kilograme,2712.0
Porumb boabe,Sector privat,Dambovita,1998,Kilograme,2653.0
Porumb boabe,Sector privat,Braila,1998,Kilograme,2937.0
Porumb boabe,din care: Exploatatii agricole individuale,Mun. Bucuresti -incl. SAI,1998,Kilograme,2298.0
Porumb boabe,Sector privat,Mures,1998,Kilograme,2229.0
Porumb boabe,Sector privat,Cluj,1998,Kilograme,2664.0
Porumb boabe,din care: Exploatatii agricole individuale,Olt,1998,Kilograme,2457.0
Porumb boabe,din care: Exploatatii agricole individuale,Mures,1998,Kilograme,2239.0
Porumb boabe,din care: Exploatatii agricole individuale,Cluj,1998,Kilograme,2634.0
Porumb boabe,Sector privat,Olt,1998,Kilograme,2427.0
Porumb boabe,Sector privat,Giurgiu,1998,Kilograme,2055.0
Porumb boabe,Sector privat,Buzau,1998,Kilograme,1718.0
Porumb boabe,din care: Exploatatii agricole individuale,Valcea,1998,Kilograme,3688.0
Porumb boabe,din care: Exploatatii agricole individuale,Sibiu,1998,Kilograme,2191.0
Porumb boabe,Sector privat,Sibiu,1998,Kilograme,2145.0
Porumb boabe,Sector privat,Maramures,1998,Kilograme,2266.0
Porumb boabe,din care: Exploatatii agricole individuale,Arges,1998,Kilograme,2840.0
Porumb boabe,din care: Exploatatii agricole individuale,Dolj,1998,Kilograme,2642.0
Porumb boabe,din care: Exploatatii agricole individuale,Maramures,1998,Kilograme,2269.0
Porumb boabe,din care: Exploatatii agricole individuale,Mehedinti,1998,Kilograme,3379.0
Porumb boabe,Sector privat,Valcea,1998,Kilograme,3687.0
Porumb boabe,Sector privat,Ialomita,1998,Kilograme,3051.0
Porumb boabe,Sector privat,Constanta,1998,Kilograme,2702.0
Porumb boabe,din care: Exploatatii agricole individuale,Arad,1998,Kilograme,3243.0
Porumb boabe,Sector privat,Bacau,1998,Kilograme,3033.0
Porumb boabe,Sector privat,Satu Mare,1998,Kilograme,2703.0
Porumb boabe,din care: Exploatatii agricole individuale,Bacau,1998,Kilograme,3030.0
Porumb boabe,din care: Exploatatii agricole individuale,Satu Mare,1998,Kilograme,2531.0
Porumb boabe,din care: Exploatatii agricole individuale,Galati,1998,Kilograme,2230.0
Porumb boabe,Sector privat,Arad,1998,Kilograme,3432.0
Porumb boabe,Sector privat,Prahova,1998,Kilograme,2762.0
Porumb boabe,Sector privat,Galati,1998,Kilograme,2283.0
Porumb boabe,din care: Exploatatii agricole individuale,Caras-Severin,1998,Kilograme,2857.0
Porumb boabe,din care: Exploatatii agricole individuale,Botosani,1998,Kilograme,2864.0
Porumb boabe,Sector privat,Botosani,1998,Kilograme,2835.0
Porumb boabe,Sector privat,Salaj,1998,Kilograme,2049.0
Porumb boabe,din care: Exploatatii agricole individuale,Salaj,1998,Kilograme,2037.0
Porumb boabe,din care: Exploatatii agricole individuale,Buzau,1998,Kilograme,1606.0
Porumb boabe,Sector privat,Caras-Severin,1998,Kilograme,2852.0
Porumb boabe,din care: Exploatatii agricole individuale,Ialomita,1998,Kilograme,3088.0
Porumb boabe,din care: Exploatatii agricole individuale,Hunedoara,1998,Kilograme,3336.0
Porumb boabe,Sector privat,Tulcea,1998,Kilograme,2620.0
Porumb boabe,din care: Exploatatii agricole individuale,Iasi,1998,Kilograme,3086.0
Porumb boabe,din care: Exploatatii agricole individuale,Alba,1998,Kilograme,2710.0
Porumb boabe,Sector privat,Iasi,1998,Kilograme,3127.0
Porumb boabe,Sector privat,Alba,1998,Kilograme,2623.0
Porumb boabe,Sector privat,Hunedoara,1998,Kilograme,3297.0
Porumb boabe,Sector privat,Mun. Bucuresti -incl. SAI,1998,Kilograme,2295.0
Porumb boabe,din care: Exploatatii agricole individuale,Tulcea,1998,Kilograme,2538.0
Porumb boabe,din care: Exploatatii agricole individuale,Giurgiu,1998,Kilograme,2078.0
Porumb boabe,din care: Exploatatii agricole individuale,Timis,1998,Kilograme,3392.0
Porumb boabe,Sector privat,Vrancea,1998,Kilograme,2825.0
Porumb boabe,din care: Exploatatii agricole individuale,Neamt,1998,Kilograme,2617.0
Porumb boabe,din care: Exploatatii agricole individuale,Brasov,1998,Kilograme,2393.0
Porumb boabe,Sector privat,Neamt,1998,Kilograme,2634.0
Porumb boabe,Sector privat,Brasov,1998,Kilograme,2395.0
Porumb boabe,din care: Exploatatii agricole individuale,Teleorman,1998,Kilograme,1919.0
Porumb boabe,din care: Exploatatii agricole individuale,Braila,1998,Kilograme,3007.0
Porumb boabe,Sector privat,Dolj,1998,Kilograme,2662.0
Porumb boabe,din care: Exploatatii agricole individuale,Gorj,1999,Kilograme,4256.0
Porumb boabe,Sector privat,Timis,1999,Kilograme,3812.0
Porumb boabe,Sector privat,Dolj,1999,Kilograme,3916.0
Porumb boabe,Sector privat,Arges,1999,Kilograme,2939.0
Porumb boabe,din care: Exploatatii agricole individuale,Suceava,1999,Kilograme,3077.0
Porumb boabe,Sector privat,Suceava,1999,Kilograme,3078.0
Porumb boabe,Sector privat,Covasna,1999,Kilograme,2680.0
Porumb boabe,din care: Exploatatii agricole individuale,Calarasi,1999,Kilograme,4303.0
Porumb boabe,din care: Exploatatii agricole individuale,Covasna,1999,Kilograme,2680.0
Porumb boabe,Sector privat,Bihor,1999,Kilograme,3615.0
Porumb boabe,din care: Exploatatii agricole individuale,Dambovita,1999,Kilograme,3659.0
Porumb boabe,din care: Exploatatii agricole individuale,Bihor,1999,Kilograme,3552.0
Porumb boabe,Sector privat,Gorj,1999,Kilograme,4256.0
Porumb boabe,Sector privat,Calarasi,1999,Kilograme,4449.0
Porumb boabe,Sector privat,Vaslui,1999,Kilograme,2850.0
Porumb boabe,din care: Exploatatii agricole individuale,Prahova,1999,Kilograme,4370.0
Porumb boabe,Sector privat,Harghita,1999,Kilograme,2647.0
Porumb boabe,din care: Exploatatii agricole individuale,Vaslui,1999,Kilograme,2809.0
Porumb boabe,din care: Exploatatii agricole individuale,Harghita,1999,Kilograme,2645.0
Porumb boabe,Sector privat,Bistrita-Nasaud,1999,Kilograme,3037.0
Porumb boabe,din care: Exploatatii agricole individuale,Bistrita-Nasaud,1999,Kilograme,3040.0
Porumb boabe,din care: Exploatatii agricole individuale,Buzau,1999,Kilograme,4069.0
Porumb boabe,din care: Exploatatii agricole individuale,Vrancea,1999,Kilograme,4365.0
Porumb boabe,Sector privat,Mehedinti,1999,Kilograme,4280.0
Porumb boabe,Sector privat,Dambovita,1999,Kilograme,3646.0
Porumb boabe,din care: Exploatatii agricole individuale,Constanta,1999,Kilograme,3188.0
Porumb boabe,Sector privat,Braila,1999,Kilograme,4077.0
Porumb boabe,Sector privat,Mures,1999,Kilograme,3657.0
Porumb boabe,din care: Exploatatii agricole individuale,Mun. Bucuresti -incl. SAI,1999,Kilograme,4161.0
Porumb boabe,Sector privat,Cluj,1999,Kilograme,3102.0
Porumb boabe,din care: Exploatatii agricole individuale,Olt,1999,Kilograme,3890.0
Porumb boabe,din care: Exploatatii agricole individuale,Mures,1999,Kilograme,3644.0
Porumb boabe,din care: Exploatatii agricole individuale,Cluj,1999,Kilograme,3050.0
Porumb boabe,Sector privat,Olt,1999,Kilograme,3899.0
Porumb boabe,Sector privat,Giurgiu,1999,Kilograme,3365.0
Porumb boabe,Sector privat,Buzau,1999,Kilograme,4068.0
Porumb boabe,Sector privat,Sibiu,1999,Kilograme,3103.0
Porumb boabe,din care: Exploatatii agricole individuale,Valcea,1999,Kilograme,4229.0
Porumb boabe,din care: Exploatatii agricole individuale,Dolj,1999,Kilograme,3944.0
Porumb boabe,Sector privat,Maramures,1999,Kilograme,2557.0
Porumb boabe,din care: Exploatatii agricole individuale,Arges,1999,Kilograme,2931.0
Porumb boabe,din care: Exploatatii agricole individuale,Sibiu,1999,Kilograme,3099.0
Porumb boabe,din care: Exploatatii agricole individuale,Maramures,1999,Kilograme,2546.0
Porumb boabe,Sector privat,Valcea,1999,Kilograme,4228.0
Porumb boabe,din care: Exploatatii agricole individuale,Mehedinti,1999,Kilograme,4289.0
Porumb boabe,Sector privat,Ialomita,1999,Kilograme,4156.0
Porumb boabe,Sector privat,Constanta,1999,Kilograme,3110.0
Porumb boabe,Sector privat,Bacau,1999,Kilograme,3642.0
Porumb boabe,din care: Exploatatii agricole individuale,Arad,1999,Kilograme,3878.0
Porumb boabe,Sector privat,Satu Mare,1999,Kilograme,3299.0
Porumb boabe,din care: Exploatatii agricole individuale,Bacau,1999,Kilograme,3641.0
Porumb boabe,din care: Exploatatii agricole individuale,Satu Mare,1999,Kilograme,3168.0
Porumb boabe,din care: Exploatatii agricole individuale,Galati,1999,Kilograme,3731.0
Porumb boabe,Sector privat,Arad,1999,Kilograme,4031.0
Porumb boabe,Sector privat,Prahova,1999,Kilograme,4435.0
Porumb boabe,Sector privat,Galati,1999,Kilograme,3769.0
Porumb boabe,din care: Exploatatii agricole individuale,Caras-Severin,1999,Kilograme,3340.0
Porumb boabe,Sector privat,Botosani,1999,Kilograme,3060.0
Porumb boabe,din care: Exploatatii agricole individuale,Botosani,1999,Kilograme,3081.0
Porumb boabe,Sector privat,Salaj,1999,Kilograme,3181.0
Porumb boabe,din care: Exploatatii agricole individuale,Salaj,1999,Kilograme,3188.0
Porumb boabe,Sector privat,Caras-Severin,1999,Kilograme,3336.0
Porumb boabe,din care: Exploatatii agricole individuale,Ialomita,1999,Kilograme,4291.0
Porumb boabe,Sector privat,Teleorman,1999,Kilograme,3531.0
Porumb boabe,din care: Exploatatii agricole individuale,Teleorman,1999,Kilograme,3575.0
Porumb boabe,Sector privat,Tulcea,1999,Kilograme,3078.0
Porumb boabe,Sector privat,Iasi,1999,Kilograme,3130.0
Porumb boabe,din care: Exploatatii agricole individuale,Hunedoara,1999,Kilograme,3719.0
Porumb boabe,din care: Exploatatii agricole individuale,Iasi,1999,Kilograme,3090.0
Porumb boabe,Sector privat,Alba,1999,Kilograme,3328.0
Porumb boabe,din care: Exploatatii agricole individuale,Alba,1999,Kilograme,3351.0
Porumb boabe,Sector privat,Hunedoara,1999,Kilograme,3704.0
Porumb boabe,Sector privat,Mun. Bucuresti -incl. SAI,1999,Kilograme,4065.0
Porumb boabe,din care: Exploatatii agricole individuale,Giurgiu,1999,Kilograme,3434.0
Porumb boabe,din care: Exploatatii agricole individuale,Timis,1999,Kilograme,3735.0
Porumb boabe,Sector privat,Vrancea,1999,Kilograme,4350.0
Porumb boabe,Sector privat,Neamt,1999,Kilograme,3278.0
Porumb boabe,din care: Exploatatii agricole individuale,Braila,1999,Kilograme,4169.0
Porumb boabe,din care: Exploatatii agricole individuale,Neamt,1999,Kilograme,3248.0
Porumb boabe,Sector privat,Brasov,1999,Kilograme,2935.0
Porumb boabe,din care: Exploatatii agricole individuale,Brasov,1999,Kilograme,2897.0
Porumb boabe,din care: Exploatatii agricole individuale,Tulcea,1999,Kilograme,3122.0
Porumb boabe,Sector privat,Municipiul Bucuresti,2000,Kilograme,1484.0
Porumb boabe,Sector privat,Botosani,2000,Kilograme,1833.0
Porumb boabe,Sector privat,Harghita,2000,Kilograme,2497.0
Porumb boabe,din care: Exploatatii agricole individuale,Brasov,2000,Kilograme,2417.0
Porumb boabe,Sector privat,Bistrita-Nasaud,2000,Kilograme,2514.0
Porumb boabe,Sector privat,Arges,2000,Kilograme,1414.0
Porumb boabe,Sector privat,Timis,2000,Kilograme,2046.0
Porumb boabe,Sector privat,Dolj,2000,Kilograme,533.0
Porumb boabe,din care: Exploatatii agricole individuale,Braila,2000,Kilograme,2401.0
Porumb boabe,Sector privat,Mures,2000,Kilograme,3289.0
Porumb boabe,Sector privat,Cluj,2000,Kilograme,2044.0
Porumb boabe,din care: Exploatatii agricole individuale,Sibiu,2000,Kilograme,2816.0
Porumb boabe,Sector privat,Constanta,2000,Kilograme,1581.0
Porumb boabe,din care: Exploatatii agricole individuale,Covasna,2000,Kilograme,1941.0
Porumb boabe,Sector privat,Calarasi,2000,Kilograme,1336.0
Porumb boabe,din care: Exploatatii agricole individuale,Bihor,2000,Kilograme,1700.0
Porumb boabe,Sector privat,Buzau,2000,Kilograme,2035.0
Porumb boabe,din care: Exploatatii agricole individuale,Arges,2000,Kilograme,1478.0
Porumb boabe,Sector privat,Bihor,2000,Kilograme,1585.0
Porumb boabe,din care: Exploatatii agricole individuale,Dambovita,2000,Kilograme,1063.0
Porumb boabe,din care: Exploatatii agricole individuale,Mures,2000,Kilograme,3330.0
Porumb boabe,din care: Exploatatii agricole individuale,Constanta,2000,Kilograme,1546.0
Porumb boabe,din care: Exploatatii agricole individuale,Prahova,2000,Kilograme,1304.0
Porumb boabe,Sector privat,Teleorman,2000,Kilograme,345.0
Porumb boabe,din care: Exploatatii agricole individuale,Salaj,2000,Kilograme,2390.0
Porumb boabe,din care: Exploatatii agricole individuale,Valcea,2000,Kilograme,3041.0
Porumb boabe,Sector privat,Caras-Severin,2000,Kilograme,1817.0
Porumb boabe,Sector privat,Suceava,2000,Kilograme,2231.0
Porumb boabe,Sector privat,Vrancea,2000,Kilograme,1475.0
Porumb boabe,din care: Exploatatii agricole individuale,Ilfov,2000,Kilograme,532.0
Porumb boabe,Sector privat,Covasna,2000,Kilograme,1940.0
Porumb boabe,din care: Exploatatii agricole individuale,Bacau,2000,Kilograme,1912.0
Porumb boabe,din care: Exploatatii agricole individuale,Gorj,2000,Kilograme,1185.0
Porumb boabe,Sector privat,Ilfov,2000,Kilograme,529.0
Porumb boabe,din care: Exploatatii agricole individuale,Vaslui,2000,Kilograme,858.0
Porumb boabe,din care: Exploatatii agricole individuale,Caras-Severin,2000,Kilograme,1823.0
Porumb boabe,din care: Exploatatii agricole individuale,Suceava,2000,Kilograme,2229.0
Porumb boabe,Sector privat,Sibiu,2000,Kilograme,2766.0
Porumb boabe,Sector privat,Gorj,2000,Kilograme,1185.0
Porumb boabe,Sector privat,Hunedoara,2000,Kilograme,2754.0
Porumb boabe,Sector privat,Maramures,2000,Kilograme,2366.0
Porumb boabe,din care: Exploatatii agricole individuale,Mehedinti,2000,Kilograme,767.0
Porumb boabe,din care: Exploatatii agricole individuale,Neamt,2000,Kilograme,2548.0
Porumb boabe,Sector privat,Galati,2000,Kilograme,1396.0
Porumb boabe,din care: Exploatatii agricole individuale,Calarasi,2000,Kilograme,1273.0
Porumb boabe,Sector privat,Dambovita,2000,Kilograme,1051.0
Porumb boabe,din care: Exploatatii agricole individuale,Timis,2000,Kilograme,2135.0
Porumb boabe,din care: Exploatatii agricole individuale,Bistrita-Nasaud,2000,Kilograme,2515.0
Porumb boabe,Sector privat,Mehedinti,2000,Kilograme,763.0
Porumb boabe,din care: Exploatatii agricole individuale,Ialomita,2000,Kilograme,2089.0
Porumb boabe,din care: Exploatatii agricole individuale,Hunedoara,2000,Kilograme,2813.0
Porumb boabe,din care: Exploatatii agricole individuale,Vrancea,2000,Kilograme,1479.0
Porumb boabe,din care: Exploatatii agricole individuale,Galati,2000,Kilograme,1368.0
Porumb boabe,Sector privat,Bacau,2000,Kilograme,1913.0
Porumb boabe,Sector privat,Satu Mare,2000,Kilograme,2407.0
Porumb boabe,din care: Exploatatii agricole individuale,Cluj,2000,Kilograme,1993.0
Porumb boabe,din care: Exploatatii agricole individuale,Harghita,2000,Kilograme,2500.0
Porumb boabe,din care: Exploatatii agricole individuale,Botosani,2000,Kilograme,1839.0
Porumb boabe,din care: Exploatatii agricole individuale,Buzau,2000,Kilograme,1969.0
Porumb boabe,Sector privat,Olt,2000,Kilograme,511.0
Porumb boabe,Sector privat,Giurgiu,2000,Kilograme,359.0
Porumb boabe,din care: Exploatatii agricole individuale,Teleorman,2000,Kilograme,277.0
Porumb boabe,din care: Exploatatii agricole individuale,Olt,2000,Kilograme,534.0
Porumb boabe,din care: Exploatatii agricole individuale,Maramures,2000,Kilograme,2372.0
Porumb boabe,Sector privat,Neamt,2000,Kilograme,2562.0
Porumb boabe,Sector privat,Vaslui,2000,Kilograme,860.0
Porumb boabe,Sector privat,Salaj,2000,Kilograme,2371.0
Porumb boabe,Sector privat,Ialomita,2000,Kilograme,2072.0
Porumb boabe,din care: Exploatatii agricole individuale,Dolj,2000,Kilograme,527.0
Porumb boabe,Sector privat,Tulcea,2000,Kilograme,1564.0
Porumb boabe,Sector privat,Valcea,2000,Kilograme,3036.0
Porumb boabe,Sector privat,Braila,2000,Kilograme,2352.0
Porumb boabe,din care: Exploatatii agricole individuale,Iasi,2000,Kilograme,2030.0
Porumb boabe,Sector privat,Iasi,2000,Kilograme,2095.0
Porumb boabe,din care: Exploatatii agricole individuale,Satu Mare,2000,Kilograme,2401.0
Porumb boabe,Sector privat,Alba,2000,Kilograme,2462.0
Porumb boabe,Sector privat,Prahova,2000,Kilograme,1320.0
Porumb boabe,din care: Exploatatii agricole individuale,Municipiul Bucuresti,2000,Kilograme,1506.0
Porumb boabe,din care: Exploatatii agricole individuale,Giurgiu,2000,Kilograme,347.0
Porumb boabe,Sector privat,Arad,2000,Kilograme,1958.0
Porumb boabe,din care: Exploatatii agricole individuale,Tulcea,2000,Kilograme,1605.0
Porumb boabe,din care: Exploatatii agricole individuale,Arad,2000,Kilograme,2044.0
Porumb boabe,din care: Exploatatii agricole individuale,Alba,2000,Kilograme,2559.0
Porumb boabe,Sector privat,Brasov,2000,Kilograme,2405.0
Porumb boabe,din care: Exploatatii agricole individuale,Vaslui,2001,Kilograme,1924.0
Porumb boabe,Sector privat,Brasov,2001,Kilograme,3500.0
Porumb boabe,Sector privat,Municipiul Bucuresti,2001,Kilograme,2081.0
Porumb boabe,din care: Exploatatii agricole individuale,Constanta,2001,Kilograme,544.0
Porumb boabe,din care: Exploatatii agricole individuale,Brasov,2001,Kilograme,3546.0
Porumb boabe,Sector privat,Harghita,2001,Kilograme,3628.0
Porumb boabe,Sector privat,Bistrita-Nasaud,2001,Kilograme,3023.0
Porumb boabe,Sector privat,Arges,2001,Kilograme,3767.0
Porumb boabe,Sector privat,Timis,2001,Kilograme,3720.0
Porumb boabe,Sector privat,Dolj,2001,Kilograme,2942.0
Porumb boabe,Sector privat,Mures,2001,Kilograme,4867.0
Porumb boabe,din care: Exploatatii agricole individuale,Galati,2001,Kilograme,1756.0
Porumb boabe,Sector privat,Cluj,2001,Kilograme,3359.0
Porumb boabe,din care: Exploatatii agricole individuale,Covasna,2001,Kilograme,3160.0
Porumb boabe,din care: Exploatatii agricole individuale,Sibiu,2001,Kilograme,3214.0
Porumb boabe,Sector privat,Calarasi,2001,Kilograme,3031.0
Porumb boabe,din care: Exploatatii agricole individuale,Arges,2001,Kilograme,3849.0
Porumb boabe,din care: Exploatatii agricole individuale,Bihor,2001,Kilograme,4002.0
Porumb boabe,Sector privat,Bihor,2001,Kilograme,4057.0
Porumb boabe,din care: Exploatatii agricole individuale,Mehedinti,2001,Kilograme,4086.0
Porumb boabe,Sector privat,Hunedoara,2001,Kilograme,3867.0
Porumb boabe,din care: Exploatatii agricole individuale,Hunedoara,2001,Kilograme,3916.0
Porumb boabe,din care: Exploatatii agricole individuale,Braila,2001,Kilograme,1930.0
Porumb boabe,Sector privat,Sibiu,2001,Kilograme,3199.0
Porumb boabe,Sector privat,Maramures,2001,Kilograme,2874.0
Porumb boabe,Sector privat,Galati,2001,Kilograme,1772.0
Porumb boabe,din care: Exploatatii agricole individuale,Calarasi,2001,Kilograme,3278.0
Porumb boabe,Sector privat,Dambovita,2001,Kilograme,3508.0
Porumb boabe,din care: Exploatatii agricole individuale,Bistrita-Nasaud,2001,Kilograme,3018.0
Porumb boabe,din care: Exploatatii agricole individuale,Timis,2001,Kilograme,3771.0
Porumb boabe,Sector privat,Mehedinti,2001,Kilograme,4052.0
Porumb boabe,din care: Exploatatii agricole individuale,Caras-Severin,2001,Kilograme,3725.0
Porumb boabe,din care: Exploatatii agricole individuale,Ialomita,2001,Kilograme,1554.0
Porumb boabe,din care: Exploatatii agricole individuale,Vrancea,2001,Kilograme,1867.0
Porumb boabe,Sector privat,Bacau,2001,Kilograme,2862.0
Porumb boabe,Sector privat,Constanta,2001,Kilograme,567.0
Porumb boabe,Sector privat,Satu Mare,2001,Kilograme,4236.0
Porumb boabe,din care: Exploatatii agricole individuale,Cluj,2001,Kilograme,3319.0
Porumb boabe,din care: Exploatatii agricole individuale,Harghita,2001,Kilograme,3630.0
Porumb boabe,din care: Exploatatii agricole individuale,Botosani,2001,Kilograme,2667.0
Porumb boabe,Sector privat,Giurgiu,2001,Kilograme,3271.0
Porumb boabe,din care: Exploatatii agricole individuale,Teleorman,2001,Kilograme,3535.0
Porumb boabe,Sector privat,Olt,2001,Kilograme,4102.0
Porumb boabe,din care: Exploatatii agricole individuale,Maramures,2001,Kilograme,2877.0
Porumb boabe,din care: Exploatatii agricole individuale,Valcea,2001,Kilograme,5061.0
Porumb boabe,Sector privat,Botosani,2001,Kilograme,2634.0
Porumb boabe,Sector privat,Salaj,2001,Kilograme,3198.0
Porumb boabe,din care: Exploatatii agricole individuale,Olt,2001,Kilograme,4041.0
Porumb boabe,Sector privat,Ialomita,2001,Kilograme,1542.0
Porumb boabe,din care: Exploatatii agricole individuale,Dolj,2001,Kilograme,2995.0
Porumb boabe,Sector privat,Tulcea,2001,Kilograme,1632.0
Porumb boabe,Sector privat,Valcea,2001,Kilograme,5057.0
Porumb boabe,din care: Exploatatii agricole individuale,Iasi,2001,Kilograme,3086.0
Porumb boabe,Sector privat,Vaslui,2001,Kilograme,1945.0
Porumb boabe,Sector privat,Braila,2001,Kilograme,1945.0
Porumb boabe,din care: Exploatatii agricole individuale,Buzau,2001,Kilograme,2717.0
Porumb boabe,Sector privat,Iasi,2001,Kilograme,3139.0
Porumb boabe,Sector privat,Prahova,2001,Kilograme,3111.0
Porumb boabe,Sector privat,Alba,2001,Kilograme,3839.0
Porumb boabe,din care: Exploatatii agricole individuale,Municipiul Bucuresti,2001,Kilograme,2084.0
Porumb boabe,din care: Exploatatii agricole individuale,Satu Mare,2001,Kilograme,3915.0
Porumb boabe,Sector privat,Arad,2001,Kilograme,4607.0
Porumb boabe,din care: Exploatatii agricole individuale,Tulcea,2001,Kilograme,1386.0
Porumb boabe,din care: Exploatatii agricole individuale,Alba,2001,Kilograme,3885.0
Porumb boabe,Sector privat,Neamt,2001,Kilograme,3368.0
Porumb boabe,din care: Exploatatii agricole individuale,Dambovita,2001,Kilograme,3599.0
Porumb boabe,din care: Exploatatii agricole individuale,Prahova,2001,Kilograme,3198.0
Porumb boabe,Sector privat,Teleorman,2001,Kilograme,3512.0
Porumb boabe,din care: Exploatatii agricole individuale,Salaj,2001,Kilograme,3211.0
Porumb boabe,din care: Exploatatii agricole individuale,Giurgiu,2001,Kilograme,3355.0
Porumb boabe,Sector privat,Caras-Severin,2001,Kilograme,3706.0
Porumb boabe,Sector privat,Suceava,2001,Kilograme,2745.0
Porumb boabe,din care: Exploatatii agricole individuale,Mures,2001,Kilograme,4940.0
Porumb boabe,din care: Exploatatii agricole individuale,Ilfov,2001,Kilograme,3459.0
Porumb boabe,Sector privat,Vrancea,2001,Kilograme,1904.0
Porumb boabe,din care: Exploatatii agricole individuale,Bacau,2001,Kilograme,2849.0
Porumb boabe,Sector privat,Covasna,2001,Kilograme,3156.0
Porumb boabe,din care: Exploatatii agricole individuale,Arad,2001,Kilograme,4371.0
Porumb boabe,din care: Exploatatii agricole individuale,Gorj,2001,Kilograme,3329.0
Porumb boabe,Sector privat,Ilfov,2001,Kilograme,3389.0
Porumb boabe,Sector privat,Buzau,2001,Kilograme,2558.0
Porumb boabe,din care: Exploatatii agricole individuale,Suceava,2001,Kilograme,2737.0
Porumb boabe,Sector privat,Gorj,2001,Kilograme,3329.0
Porumb boabe,din care: Exploatatii agricole individuale,Neamt,2001,Kilograme,3314.0
Porumb boabe,din care: Exploatatii agricole individuale,Giurgiu,2002,Kilograme,2777.0
Porumb boabe,din care: Exploatatii agricole individuale,Iasi,2002,Kilograme,3267.0
Porumb boabe,din care: Exploatatii agricole individuale,Vaslui,2002,Kilograme,2802.0
Porumb boabe,Sector privat,Municipiul Bucuresti,2002,Kilograme,1925.0
Porumb boabe,din care: Exploatatii agricole individuale,Dambovita,2002,Kilograme,3435.0
Porumb boabe,Sector privat,Harghita,2002,Kilograme,3279.0
Porumb boabe,din care: Exploatatii agricole individuale,Constanta,2002,Kilograme,1993.0
Porumb boabe,din care: Exploatatii agricole individuale,Brasov,2002,Kilograme,3396.0
Porumb boabe,Sector privat,Bistrita-Nasaud,2002,Kilograme,2992.0
Porumb boabe,Sector privat,Timis,2002,Kilograme,3587.0
Porumb boabe,din care: Exploatatii agricole individuale,Teleorman,2002,Kilograme,3017.0
Porumb boabe,Sector privat,Arges,2002,Kilograme,3016.0
Porumb boabe,Sector privat,Dolj,2002,Kilograme,531.0
Porumb boabe,Sector privat,Mures,2002,Kilograme,3580.0
Porumb boabe,Sector privat,Cluj,2002,Kilograme,3858.0
Porumb boabe,din care: Exploatatii agricole individuale,Bacau,2002,Kilograme,3638.0
Porumb boabe,din care: Exploatatii agricole individuale,Sibiu,2002,Kilograme,3649.0
Porumb boabe,din care: Exploatatii agricole individuale,Municipiul Bucuresti,2002,Kilograme,1925.0
Porumb boabe,Sector privat,Bihor,2002,Kilograme,3551.0
Porumb boabe,Sector privat,Calarasi,2002,Kilograme,2772.0
Porumb boabe,Sector privat,Hunedoara,2002,Kilograme,3494.0
Porumb boabe,din care: Exploatatii agricole individuale,Hunedoara,2002,Kilograme,3551.0
Porumb boabe,din care: Exploatatii agricole individuale,Bihor,2002,Kilograme,3635.0
Porumb boabe,din care: Exploatatii agricole individuale,Neamt,2002,Kilograme,3589.0
Porumb boabe,din care: Exploatatii agricole individuale,Mehedinti,2002,Kilograme,450.0
Porumb boabe,Sector privat,Gorj,2002,Kilograme,2657.0
Porumb boabe,Sector privat,Sibiu,2002,Kilograme,3627.0
Porumb boabe,Sector privat,Maramures,2002,Kilograme,2638.0
Porumb boabe,Sector privat,Galati,2002,Kilograme,3160.0
Porumb boabe,din care: Exploatatii agricole individuale,Calarasi,2002,Kilograme,2769.0
Porumb boabe,Sector privat,Dambovita,2002,Kilograme,3405.0
Porumb boabe,din care: Exploatatii agricole individuale,Timis,2002,Kilograme,3654.0
Porumb boabe,din care: Exploatatii agricole individuale,Bistrita-Nasaud,2002,Kilograme,2978.0
Porumb boabe,Sector privat,Mehedinti,2002,Kilograme,445.0
Porumb boabe,din care: Exploatatii agricole individuale,Braila,2002,Kilograme,3379.0
Porumb boabe,din care: Exploatatii agricole individuale,Harghita,2002,Kilograme,3256.0
Porumb boabe,din care: Exploatatii agricole individuale,Covasna,2002,Kilograme,4293.0
Porumb boabe,din care: Exploatatii agricole individuale,Vrancea,2002,Kilograme,2680.0
Porumb boabe,Sector privat,Bacau,2002,Kilograme,3653.0
Porumb boabe,Sector privat,Satu Mare,2002,Kilograme,4335.0
Porumb boabe,din care: Exploatatii agricole individuale,Cluj,2002,Kilograme,3863.0
Porumb boabe,Sector privat,Giurgiu,2002,Kilograme,2814.0
Porumb boabe,din care: Exploatatii agricole individuale,Botosani,2002,Kilograme,2948.0
Porumb boabe,din care: Exploatatii agricole individuale,Ialomita,2002,Kilograme,2040.0
Porumb boabe,Sector privat,Olt,2002,Kilograme,1836.0
Porumb boabe,din care: Exploatatii agricole individuale,Caras-Severin,2002,Kilograme,3518.0
Porumb boabe,din care: Exploatatii agricole individuale,Mures,2002,Kilograme,3530.0
Porumb boabe,Sector privat,Botosani,2002,Kilograme,2928.0
Porumb boabe,din care: Exploatatii agricole individuale,Olt,2002,Kilograme,1799.0
Porumb boabe,Sector privat,Salaj,2002,Kilograme,3199.0
Porumb boabe,din care: Exploatatii agricole individuale,Maramures,2002,Kilograme,2646.0
Porumb boabe,din care: Exploatatii agricole individuale,Arges,2002,Kilograme,2991.0
Porumb boabe,din care: Exploatatii agricole individuale,Dolj,2002,Kilograme,536.0
Porumb boabe,din care: Exploatatii agricole individuale,Valcea,2002,Kilograme,5074.0
Porumb boabe,Sector privat,Tulcea,2002,Kilograme,2531.0
Porumb boabe,Sector privat,Valcea,2002,Kilograme,5068.0
Porumb boabe,Sector privat,Ialomita,2002,Kilograme,1937.0
Porumb boabe,Sector privat,Vaslui,2002,Kilograme,2801.0
Porumb boabe,din care: Exploatatii agricole individuale,Galati,2002,Kilograme,3152.0
Porumb boabe,Sector privat,Iasi,2002,Kilograme,3341.0
Porumb boabe,din care: Exploatatii agricole individuale,Buzau,2002,Kilograme,2155.0
Porumb boabe,Sector privat,Prahova,2002,Kilograme,2990.0
Porumb boabe,din care: Exploatatii agricole individuale,Satu Mare,2002,Kilograme,4414.0
Porumb boabe,din care: Exploatatii agricole individuale,Alba,2002,Kilograme,4221.0
Porumb boabe,Sector privat,Alba,2002,Kilograme,4101.0
Porumb boabe,Sector privat,Arad,2002,Kilograme,3566.0
Porumb boabe,Sector privat,Constanta,2002,Kilograme,1971.0
Porumb boabe,Sector privat,Neamt,2002,Kilograme,3592.0
Porumb boabe,Sector privat,Brasov,2002,Kilograme,3365.0
Porumb boabe,Sector privat,Buzau,2002,Kilograme,2092.0
Porumb boabe,Sector privat,Teleorman,2002,Kilograme,3103.0
Porumb boabe,din care: Exploatatii agricole individuale,Prahova,2002,Kilograme,3087.0
Porumb boabe,din care: Exploatatii agricole individuale,Salaj,2002,Kilograme,3193.0
Porumb boabe,Sector privat,Caras-Severin,2002,Kilograme,3517.0
Porumb boabe,Sector privat,Suceava,2002,Kilograme,3091.0
Porumb boabe,din care: Exploatatii agricole individuale,Ilfov,2002,Kilograme,3428.0
Porumb boabe,Sector privat,Ilfov,2002,Kilograme,3413.0
Porumb boabe,Sector privat,Vrancea,2002,Kilograme,2668.0
Porumb boabe,Sector privat,Covasna,2002,Kilograme,4280.0
Porumb boabe,din care: Exploatatii agricole individuale,Gorj,2002,Kilograme,2656.0
Porumb boabe,din care: Exploatatii agricole individuale,Suceava,2002,Kilograme,3089.0
Porumb boabe,din care: Exploatatii agricole individuale,Arad,2002,Kilograme,3646.0
Porumb boabe,din care: Exploatatii agricole individuale,Tulcea,2002,Kilograme,2477.0
Porumb boabe,Sector privat,Braila,2002,Kilograme,3386.0
Porumb boabe,din care: Exploatatii agricole individuale,Giurgiu,2003,Kilograme,2132.0
Porumb boabe,Sector privat,Iasi,2003,Kilograme,2527.0
Porumb boabe,din care: Exploatatii agricole individuale,Hunedoara,2003,Kilograme,2868.0
Porumb boabe,Sector privat,Hunedoara,2003,Kilograme,2762.0
Porumb boabe,Sector privat,Municipiul Bucuresti,2003,Kilograme,1599.0
Porumb boabe,din care: Exploatatii agricole individuale,Constanta,2003,Kilograme,2769.0
Porumb boabe,din care: Exploatatii agricole individuale,Dambovita,2003,Kilograme,2805.0
Porumb boabe,Sector privat,Harghita,2003,Kilograme,3639.0
Porumb boabe,din care: Exploatatii agricole individuale,Brasov,2003,Kilograme,3530.0
Porumb boabe,Sector privat,Bistrita-Nasaud,2003,Kilograme,2874.0
Porumb boabe,din care: Exploatatii agricole individuale,Teleorman,2003,Kilograme,1658.0
Porumb boabe,Sector privat,Timis,2003,Kilograme,4011.0
Porumb boabe,Sector privat,Arges,2003,Kilograme,3023.0
Porumb boabe,Sector privat,Dolj,2003,Kilograme,1902.0
Porumb boabe,din care: Exploatatii agricole individuale,Vaslui,2003,Kilograme,2641.0
Porumb boabe,Sector privat,Cluj,2003,Kilograme,3859.0
Porumb boabe,Sector privat,Mures,2003,Kilograme,3743.0
Porumb boabe,din care: Exploatatii agricole individuale,Sibiu,2003,Kilograme,3306.0
Porumb boabe,din care: Exploatatii agricole individuale,Alba,2003,Kilograme,3283.0
Porumb boabe,din care: Exploatatii agricole individuale,Bacau,2003,Kilograme,3340.0
Porumb boabe,Sector privat,Bihor,2003,Kilograme,3635.0
Porumb boabe,Sector privat,Vrancea,2003,Kilograme,3049.0
Porumb boabe,din care: Exploatatii agricole individuale,Bihor,2003,Kilograme,3739.0
Porumb boabe,din care: Exploatatii agricole individuale,Tulcea,2003,Kilograme,3969.0
Porumb boabe,Sector privat,Braila,2003,Kilograme,3835.0
Porumb boabe,din care: Exploatatii agricole individuale,Neamt,2003,Kilograme,3401.0
Porumb boabe,Sector privat,Gorj,2003,Kilograme,2969.0
Porumb boabe,din care: Exploatatii agricole individuale,Mehedinti,2003,Kilograme,3140.0
Porumb boabe,Sector privat,Galati,2003,Kilograme,3595.0
Porumb boabe,Sector privat,Sibiu,2003,Kilograme,3263.0
Porumb boabe,Sector privat,Maramures,2003,Kilograme,2623.0
Porumb boabe,din care: Exploatatii agricole individuale,Calarasi,2003,Kilograme,3713.0
Porumb boabe,Sector privat,Dambovita,2003,Kilograme,2724.0
Porumb boabe,din care: Exploatatii agricole individuale,Timis,2003,Kilograme,4533.0
Porumb boabe,din care: Exploatatii agricole individuale,Bistrita-Nasaud,2003,Kilograme,2864.0
Porumb boabe,din care: Exploatatii agricole individuale,Harghita,2003,Kilograme,3639.0
Porumb boabe,din care: Exploatatii agricole individuale,Braila,2003,Kilograme,3705.0
Porumb boabe,Sector privat,Buzau,2003,Kilograme,3908.0
Porumb boabe,Sector privat,Mehedinti,2003,Kilograme,3121.0
Porumb boabe,din care: Exploatatii agricole individuale,Vrancea,2003,Kilograme,3020.0
Porumb boabe,din care: Exploatatii agricole individuale,Covasna,2003,Kilograme,3980.0
Porumb boabe,din care: Exploatatii agricole individuale,Arad,2003,Kilograme,3195.0
Porumb boabe,Sector privat,Bacau,2003,Kilograme,3355.0
Porumb boabe,Sector privat,Satu Mare,2003,Kilograme,3554.0
Porumb boabe,din care: Exploatatii agricole individuale,Cluj,2003,Kilograme,3833.0
Porumb boabe,din care: Exploatatii agricole individuale,Botosani,2003,Kilograme,2645.0
Porumb boabe,din care: Exploatatii agricole individuale,Ialomita,2003,Kilograme,3041.0
Porumb boabe,Sector privat,Giurgiu,2003,Kilograme,2072.0
Porumb boabe,Sector privat,Olt,2003,Kilograme,1175.0
Porumb boabe,din care: Exploatatii agricole individuale,Caras-Severin,2003,Kilograme,3487.0
Porumb boabe,din care: Exploatatii agricole individuale,Mures,2003,Kilograme,3774.0
Porumb boabe,Sector privat,Botosani,2003,Kilograme,2623.0
Porumb boabe,Sector privat,Salaj,2003,Kilograme,3074.0
Porumb boabe,din care: Exploatatii agricole individuale,Olt,2003,Kilograme,1157.0
Porumb boabe,din care: Exploatatii agricole individuale,Maramures,2003,Kilograme,2631.0
Porumb boabe,din care: Exploatatii agricole individuale,Arges,2003,Kilograme,3170.0
Porumb boabe,din care: Exploatatii agricole individuale,Dolj,2003,Kilograme,1953.0
Porumb boabe,Sector privat,Tulcea,2003,Kilograme,3811.0
Porumb boabe,din care: Exploatatii agricole individuale,Valcea,2003,Kilograme,4003.0
Porumb boabe,Sector privat,Ialomita,2003,Kilograme,2787.0
Porumb boabe,Sector privat,Valcea,2003,Kilograme,3997.0
Porumb boabe,Sector privat,Vaslui,2003,Kilograme,2645.0
Porumb boabe,Sector privat,Constanta,2003,Kilograme,2683.0
Porumb boabe,din care: Exploatatii agricole individuale,Gorj,2003,Kilograme,2972.0
Porumb boabe,din care: Exploatatii agricole individuale,Galati,2003,Kilograme,3782.0
Porumb boabe,din care: Exploatatii agricole individuale,Iasi,2003,Kilograme,2522.0
Porumb boabe,din care: Exploatatii agricole individuale,Buzau,2003,Kilograme,3956.0
Porumb boabe,Sector privat,Alba,2003,Kilograme,3176.0
Porumb boabe,din care: Exploatatii agricole individuale,Satu Mare,2003,Kilograme,3413.0
Porumb boabe,Sector privat,Prahova,2003,Kilograme,2929.0
Porumb boabe,Sector privat,Arad,2003,Kilograme,2926.0
Porumb boabe,Sector privat,Brasov,2003,Kilograme,3454.0
Porumb boabe,Sector privat,Neamt,2003,Kilograme,3355.0
Porumb boabe,Sector privat,Teleorman,2003,Kilograme,1665.0
Porumb boabe,Sector privat,Suceava,2003,Kilograme,3320.0
Porumb boabe,din care: Exploatatii agricole individuale,Prahova,2003,Kilograme,3100.0
Porumb boabe,din care: Exploatatii agricole individuale,Salaj,2003,Kilograme,3068.0
Porumb boabe,Sector privat,Caras-Severin,2003,Kilograme,3486.0
Porumb boabe,din care: Exploatatii agricole individuale,Ilfov,2003,Kilograme,3242.0
Porumb boabe,Sector privat,Covasna,2003,Kilograme,3955.0
Porumb boabe,Sector privat,Ilfov,2003,Kilograme,2978.0
Porumb boabe,din care: Exploatatii agricole individuale,Suceava,2003,Kilograme,3306.0
Porumb boabe,Sector privat,Calarasi,2003,Kilograme,3376.0
Porumb boabe,din care: Exploatatii agricole individuale,Municipiul Bucuresti,2003,Kilograme,1723.0
Porumb boabe,din care: Exploatatii agricole individuale,Alba,2004,Kilograme,5246.0
Porumb boabe,Sector privat,Alba,2004,Kilograme,5151.0
Porumb boabe,din care: Exploatatii agricole individuale,Hunedoara,2004,Kilograme,3871.0
Porumb boabe,Sector privat,Vrancea,2004,Kilograme,4045.0
Porumb boabe,Sector privat,Hunedoara,2004,Kilograme,3859.0
Porumb boabe,Sector privat,Vaslui,2004,Kilograme,3481.0
Porumb boabe,Sector privat,Municipiul Bucuresti,2004,Kilograme,3110.0
Porumb boabe,Sector privat,Harghita,2004,Kilograme,2935.0
Porumb boabe,din care: Exploatatii agricole individuale,Constanta,2004,Kilograme,4605.0
Porumb boabe,din care: Exploatatii agricole individuale,Dambovita,2004,Kilograme,5018.0
Porumb boabe,din care: Exploatatii agricole individuale,Brasov,2004,Kilograme,3457.0
Porumb boabe,Sector privat,Bistrita-Nasaud,2004,Kilograme,3129.0
Porumb boabe,Sector privat,Timis,2004,Kilograme,5127.0
Porumb boabe,Sector privat,Arges,2004,Kilograme,5591.0
Porumb boabe,Sector privat,Dolj,2004,Kilograme,4270.0
Porumb boabe,din care: Exploatatii agricole individuale,Galati,2004,Kilograme,4959.0
Porumb boabe,Sector privat,Mures,2004,Kilograme,4459.0
Porumb boabe,Sector privat,Cluj,2004,Kilograme,4417.0
Porumb boabe,Sector privat,Calarasi,2004,Kilograme,6140.0
Porumb boabe,Sector privat,Bihor,2004,Kilograme,5212.0
Porumb boabe,din care: Exploatatii agricole individuale,Municipiul Bucuresti,2004,Kilograme,3129.0
Porumb boabe,din care: Exploatatii agricole individuale,Giurgiu,2004,Kilograme,4708.0
Porumb boabe,din care: Exploatatii agricole individuale,Mehedinti,2004,Kilograme,4247.0
Porumb boabe,din care: Exploatatii agricole individuale,Bihor,2004,Kilograme,5046.0
Porumb boabe,Sector privat,Gorj,2004,Kilograme,4208.0
Porumb boabe,din care: Exploatatii agricole individuale,Tulcea,2004,Kilograme,6156.0
Porumb boabe,din care: Exploatatii agricole individuale,Bacau,2004,Kilograme,4108.0
Porumb boabe,Sector privat,Sibiu,2004,Kilograme,3933.0
Porumb boabe,Sector privat,Galati,2004,Kilograme,4965.0
Porumb boabe,Sector privat,Maramures,2004,Kilograme,3245.0
Porumb boabe,din care: Exploatatii agricole individuale,Calarasi,2004,Kilograme,6449.0
Porumb boabe,din care: Exploatatii agricole individuale,Neamt,2004,Kilograme,3751.0
Porumb boabe,Sector privat,Dambovita,2004,Kilograme,4981.0
Porumb boabe,din care: Exploatatii agricole individuale,Timis,2004,Kilograme,5326.0
Porumb boabe,din care: Exploatatii agricole individuale,Bistrita-Nasaud,2004,Kilograme,3112.0
Porumb boabe,Sector privat,Buzau,2004,Kilograme,4577.0
Porumb boabe,din care: Exploatatii agricole individuale,Harghita,2004,Kilograme,2937.0
Porumb boabe,Sector privat,Mehedinti,2004,Kilograme,4218.0
Porumb boabe,din care: Exploatatii agricole individuale,Covasna,2004,Kilograme,3370.0
Porumb boabe,din care: Exploatatii agricole individuale,Vrancea,2004,Kilograme,4066.0
Porumb boabe,din care: Exploatatii agricole individuale,Arad,2004,Kilograme,4680.0
Porumb boabe,din care: Exploatatii agricole individuale,Valcea,2004,Kilograme,5832.0
Porumb boabe,Sector privat,Bacau,2004,Kilograme,4143.0
Porumb boabe,din care: Exploatatii agricole individuale,Cluj,2004,Kilograme,4413.0
Porumb boabe,Sector privat,Satu Mare,2004,Kilograme,5193.0
Porumb boabe,din care: Exploatatii agricole individuale,Botosani,2004,Kilograme,2182.0
Porumb boabe,din care: Exploatatii agricole individuale,Braila,2004,Kilograme,5572.0
Porumb boabe,din care: Exploatatii agricole individuale,Ialomita,2004,Kilograme,5126.0
Porumb boabe,Sector privat,Giurgiu,2004,Kilograme,4438.0
Porumb boabe,Sector privat,Olt,2004,Kilograme,3656.0
Porumb boabe,din care: Exploatatii agricole individuale,Caras-Severin,2004,Kilograme,4458.0
Porumb boabe,Sector privat,Botosani,2004,Kilograme,2182.0
Porumb boabe,Sector privat,Salaj,2004,Kilograme,3882.0
Porumb boabe,din care: Exploatatii agricole individuale,Arges,2004,Kilograme,5725.0
Porumb boabe,din care: Exploatatii agricole individuale,Olt,2004,Kilograme,3679.0
Porumb boabe,din care: Exploatatii agricole individuale,Maramures,2004,Kilograme,3245.0
Porumb boabe,Sector privat,Tulcea,2004,Kilograme,6254.0
Porumb boabe,din care: Exploatatii agricole individuale,Dolj,2004,Kilograme,4402.0
Porumb boabe,Sector privat,Ialomita,2004,Kilograme,4743.0
Porumb boabe,Sector privat,Valcea,2004,Kilograme,5825.0
Porumb boabe,Sector privat,Iasi,2004,Kilograme,3001.0
Porumb boabe,din care: Exploatatii agricole individuale,Buzau,2004,Kilograme,4635.0
Porumb boabe,din care: Exploatatii agricole individuale,Gorj,2004,Kilograme,4209.0
Porumb boabe,Sector privat,Prahova,2004,Kilograme,4979.0
Porumb boabe,din care: Exploatatii agricole individuale,Vaslui,2004,Kilograme,3478.0
Porumb boabe,din care: Exploatatii agricole individuale,Satu Mare,2004,Kilograme,4706.0
Porumb boabe,din care: Exploatatii agricole individuale,Iasi,2004,Kilograme,2990.0
Porumb boabe,Sector privat,Arad,2004,Kilograme,4796.0
Porumb boabe,din care: Exploatatii agricole individuale,Mures,2004,Kilograme,4451.0
Porumb boabe,Sector privat,Brasov,2004,Kilograme,3457.0
Porumb boabe,Sector privat,Neamt,2004,Kilograme,3846.0
Porumb boabe,Sector privat,Teleorman,2004,Kilograme,4120.0
Porumb boabe,Sector privat,Braila,2004,Kilograme,5341.0
Porumb boabe,Sector privat,Constanta,2004,Kilograme,4579.0
Porumb boabe,din care: Exploatatii agricole individuale,Prahova,2004,Kilograme,5068.0
Porumb boabe,din care: Exploatatii agricole individuale,Salaj,2004,Kilograme,3879.0
Porumb boabe,Sector privat,Caras-Severin,2004,Kilograme,4213.0
Porumb boabe,Sector privat,Suceava,2004,Kilograme,3377.0
Porumb boabe,din care: Exploatatii agricole individuale,Ilfov,2004,Kilograme,5683.0
Porumb boabe,din care: Exploatatii agricole individuale,Suceava,2004,Kilograme,3387.0
Porumb boabe,Sector privat,Ilfov,2004,Kilograme,5643.0
Porumb boabe,din care: Exploatatii agricole individuale,Teleorman,2004,Kilograme,4051.0
Porumb boabe,Sector privat,Covasna,2004,Kilograme,3454.0
Porumb boabe,din care: Exploatatii agricole individuale,Sibiu,2004,Kilograme,3949.0
Porumb boabe,Sector privat,Valcea,2005,Kilograme,4486.0
Porumb boabe,din care: Exploatatii agricole individuale,Arad,2005,Kilograme,4206.0
Porumb boabe,din care: Exploatatii agricole individuale,Dolj,2005,Kilograme,4557.0
Porumb boabe,Sector privat,Iasi,2005,Kilograme,3263.0
Porumb boabe,din care: Exploatatii agricole individuale,Suceava,2005,Kilograme,2696.0
Porumb boabe,Sector privat,Alba,2005,Kilograme,3567.0
Porumb boabe,Sector privat,Prahova,2005,Kilograme,3569.0
Porumb boabe,din care: Exploatatii agricole individuale,Satu Mare,2005,Kilograme,4063.0
Porumb boabe,din care: Exploatatii agricole individuale,Iasi,2005,Kilograme,3207.0
Porumb boabe,din care: Exploatatii agricole individuale,Mures,2005,Kilograme,4180.0
Porumb boabe,Sector privat,Arad,2005,Kilograme,4284.0
Porumb boabe,Sector privat,Neamt,2005,Kilograme,3716.0
Porumb boabe,Sector privat,Brasov,2005,Kilograme,2682.0
Porumb boabe,Sector privat,Teleorman,2005,Kilograme,3862.0
Porumb boabe,din care: Exploatatii agricole individuale,Vaslui,2005,Kilograme,3009.0
Porumb boabe,din care: Exploatatii agricole individuale,Prahova,2005,Kilograme,3436.0
Porumb boabe,Sector privat,Constanta,2005,Kilograme,3916.0
Porumb boabe,din care: Exploatatii agricole individuale,Salaj,2005,Kilograme,4308.0
Porumb boabe,Sector privat,Braila,2005,Kilograme,5115.0
Porumb boabe,Sector privat,Ilfov,2005,Kilograme,4349.0
Porumb boabe,din care: Exploatatii agricole individuale,Buzau,2005,Kilograme,4006.0
Porumb boabe,Sector privat,Tulcea,2005,Kilograme,3773.0
Porumb boabe,Sector privat,Bihor,2005,Kilograme,4470.0
Porumb boabe,din care: Exploatatii agricole individuale,Giurgiu,2005,Kilograme,3684.0
Porumb boabe,Sector privat,Vrancea,2005,Kilograme,4018.0
Porumb boabe,Sector privat,Vaslui,2005,Kilograme,3048.0
Porumb boabe,Sector privat,Hunedoara,2005,Kilograme,3362.0
Porumb boabe,din care: Exploatatii agricole individuale,Hunedoara,2005,Kilograme,3368.0
Porumb boabe,Sector privat,Municipiul Bucuresti,2005,Kilograme,1850.0
Porumb boabe,din care: Exploatatii agricole individuale,Constanta,2005,Kilograme,3962.0
Porumb boabe,din care: Exploatatii agricole individuale,Brasov,2005,Kilograme,2657.0
Porumb boabe,din care: Exploatatii agricole individuale,Neamt,2005,Kilograme,3648.0
Porumb boabe,Sector privat,Harghita,2005,Kilograme,4128.0
Porumb boabe,din care: Exploatatii agricole individuale,Dambovita,2005,Kilograme,4361.0
Porumb boabe,Sector privat,Bistrita-Nasaud,2005,Kilograme,3267.0
Porumb boabe,Sector privat,Arges,2005,Kilograme,3686.0
Porumb boabe,Sector privat,Timis,2005,Kilograme,4560.0
Porumb boabe,Sector privat,Dolj,2005,Kilograme,4602.0
Porumb boabe,din care: Exploatatii agricole individuale,Galati,2005,Kilograme,4312.0
Porumb boabe,Sector privat,Cluj,2005,Kilograme,3890.0
Porumb boabe,Sector privat,Covasna,2005,Kilograme,3222.0
Porumb boabe,Sector privat,Calarasi,2005,Kilograme,5089.0
Porumb boabe,din care: Exploatatii agricole individuale,Municipiul Bucuresti,2005,Kilograme,870.0
Porumb boabe,din care: Exploatatii agricole individuale,Teleorman,2005,Kilograme,3676.0
Porumb boabe,din care: Exploatatii agricole individuale,Sibiu,2005,Kilograme,3561.0
Porumb boabe,din care: Exploatatii agricole individuale,Tulcea,2005,Kilograme,3679.0
Porumb boabe,din care: Exploatatii agricole individuale,Bihor,2005,Kilograme,4351.0
Porumb boabe,Sector privat,Gorj,2005,Kilograme,3529.0
Porumb boabe,din care: Exploatatii agricole individuale,Bacau,2005,Kilograme,3328.0
Porumb boabe,Sector privat,Galati,2005,Kilograme,4291.0
Porumb boabe,din care: Exploatatii agricole individuale,Calarasi,2005,Kilograme,5237.0
Porumb boabe,Sector privat,Sibiu,2005,Kilograme,3560.0
Porumb boabe,Sector privat,Maramures,2005,Kilograme,2994.0
Porumb boabe,din care: Exploatatii agricole individuale,Timis,2005,Kilograme,4296.0
Porumb boabe,din care: Exploatatii agricole individuale,Mehedinti,2005,Kilograme,4025.0
Porumb boabe,din care: Exploatatii agricole individuale,Harghita,2005,Kilograme,4130.0
Porumb boabe,din care: Exploatatii agricole individuale,Bistrita-Nasaud,2005,Kilograme,3261.0
Porumb boabe,Sector privat,Dambovita,2005,Kilograme,4347.0
Porumb boabe,Sector privat,Mehedinti,2005,Kilograme,4041.0
Porumb boabe,Sector privat,Buzau,2005,Kilograme,4146.0
Porumb boabe,din care: Exploatatii agricole individuale,Vrancea,2005,Kilograme,3350.0
Porumb boabe,din care: Exploatatii agricole individuale,Covasna,2005,Kilograme,3204.0
Porumb boabe,din care: Exploatatii agricole individuale,Valcea,2005,Kilograme,4489.0
Porumb boabe,Sector privat,Bacau,2005,Kilograme,3372.0
Porumb boabe,Sector privat,Caras-Severin,2005,Kilograme,3660.0
Porumb boabe,Sector privat,Satu Mare,2005,Kilograme,4789.0
Porumb boabe,din care: Exploatatii agricole individuale,Cluj,2005,Kilograme,3872.0
Porumb boabe,din care: Exploatatii agricole individuale,Botosani,2005,Kilograme,3097.0
Porumb boabe,din care: Exploatatii agricole individuale,Ialomita,2005,Kilograme,4367.0
Porumb boabe,Sector privat,Giurgiu,2005,Kilograme,3582.0
Porumb boabe,Sector privat,Olt,2005,Kilograme,3498.0
Porumb boabe,din care: Exploatatii agricole individuale,Braila,2005,Kilograme,5116.0
Porumb boabe,din care: Exploatatii agricole individuale,Caras-Severin,2005,Kilograme,3689.0
Porumb boabe,Sector privat,Botosani,2005,Kilograme,3095.0
Porumb boabe,din care: Exploatatii agricole individuale,Olt,2005,Kilograme,3457.0
Porumb boabe,din care: Exploatatii agricole individuale,Arges,2005,Kilograme,3678.0
Porumb boabe,din care: Exploatatii agricole individuale,Maramures,2005,Kilograme,2983.0
Porumb boabe,Sector privat,Salaj,2005,Kilograme,4302.0
Porumb boabe,Sector privat,Ialomita,2005,Kilograme,4295.0
Porumb boabe,Sector privat,Suceava,2005,Kilograme,2708.0
Porumb boabe,din care: Exploatatii agricole individuale,Ilfov,2005,Kilograme,4298.0
Porumb boabe,din care: Exploatatii agricole individuale,Gorj,2005,Kilograme,3528.0
Porumb boabe,Sector privat,Mures,2005,Kilograme,4186.0
Porumb boabe,din care: Exploatatii agricole individuale,Alba,2005,Kilograme,3508.0
Porumb boabe,din care: Exploatatii agricole individuale,Caras-Severin,2006,Kilograme,3380.0
Porumb boabe,din care: Exploatatii agricole individuale,Cluj,2006,Kilograme,3446.0
Porumb boabe,din care: Exploatatii agricole individuale,Satu Mare,2006,Kilograme,3735.0
Porumb boabe,Sector privat,Prahova,2006,Kilograme,3287.0
Porumb boabe,din care: Exploatatii agricole individuale,Iasi,2006,Kilograme,3275.0
Porumb boabe,din care: Exploatatii agricole individuale,Mures,2006,Kilograme,3290.0
Porumb boabe,Sector privat,Arad,2006,Kilograme,4035.0
Porumb boabe,Sector privat,Braila,2006,Kilograme,3782.0
Porumb boabe,Sector privat,Neamt,2006,Kilograme,3218.0
Porumb boabe,Sector privat,Brasov,2006,Kilograme,2869.0
Porumb boabe,din care: Exploatatii agricole individuale,Valcea,2006,Kilograme,4057.0
Porumb boabe,Sector privat,Teleorman,2006,Kilograme,3478.0
Porumb boabe,din care: Exploatatii agricole individuale,Prahova,2006,Kilograme,3296.0
Porumb boabe,din care: Exploatatii agricole individuale,Salaj,2006,Kilograme,3975.0
Porumb boabe,Sector privat,Constanta,2006,Kilograme,3922.0
Porumb boabe,din care: Exploatatii agricole individuale,Vaslui,2006,Kilograme,3067.0
Porumb boabe,Sector privat,Caras-Severin,2006,Kilograme,3383.0
Porumb boabe,din care: Exploatatii agricole individuale,Galati,2006,Kilograme,3382.0
Porumb boabe,din care: Exploatatii agricole individuale,Gorj,2006,Kilograme,3527.0
Porumb boabe,Sector privat,Iasi,2006,Kilograme,3321.0
Porumb boabe,Sector privat,Ilfov,2006,Kilograme,4759.0
Porumb boabe,Sector privat,Alba,2006,Kilograme,4201.0
Porumb boabe,Sector privat,Covasna,2006,Kilograme,4076.0
Porumb boabe,Sector privat,Bihor,2006,Kilograme,4216.0
Porumb boabe,din care: Exploatatii agricole individuale,Alba,2006,Kilograme,4256.0
Porumb boabe,Sector privat,Hunedoara,2006,Kilograme,3941.0
Porumb boabe,din care: Exploatatii agricole individuale,Giurgiu,2006,Kilograme,3385.0
Porumb boabe,Sector privat,Vaslui,2006,Kilograme,3077.0
Porumb boabe,Sector privat,Vrancea,2006,Kilograme,3276.0
Porumb boabe,din care: Exploatatii agricole individuale,Hunedoara,2006,Kilograme,3950.0
Porumb boabe,Sector privat,Municipiul Bucuresti,2006,Kilograme,2192.0
Porumb boabe,din care: Exploatatii agricole individuale,Brasov,2006,Kilograme,2833.0
Porumb boabe,din care: Exploatatii agricole individuale,Dambovita,2006,Kilograme,3618.0
Porumb boabe,din care: Exploatatii agricole individuale,Constanta,2006,Kilograme,3952.0
Porumb boabe,din care: Exploatatii agricole individuale,Neamt,2006,Kilograme,3096.0
Porumb boabe,Sector privat,Harghita,2006,Kilograme,3608.0
Porumb boabe,Sector privat,Timis,2006,Kilograme,4543.0
Porumb boabe,Sector privat,Arges,2006,Kilograme,4121.0
Porumb boabe,Sector privat,Bistrita-Nasaud,2006,Kilograme,3130.0
Porumb boabe,din care: Exploatatii agricole individuale,Suceava,2006,Kilograme,3491.0
Porumb boabe,Sector privat,Dolj,2006,Kilograme,3705.0
Porumb boabe,Sector privat,Cluj,2006,Kilograme,3457.0
Porumb boabe,Sector privat,Mures,2006,Kilograme,3316.0
Porumb boabe,Sector privat,Calarasi,2006,Kilograme,4204.0
Porumb boabe,Sector privat,Buzau,2006,Kilograme,3094.0
Porumb boabe,din care: Exploatatii agricole individuale,Teleorman,2006,Kilograme,3527.0
Porumb boabe,din care: Exploatatii agricole individuale,Municipiul Bucuresti,2006,Kilograme,2120.0
Porumb boabe,din care: Exploatatii agricole individuale,Sibiu,2006,Kilograme,3401.0
Porumb boabe,din care: Exploatatii agricole individuale,Bihor,2006,Kilograme,4140.0
Porumb boabe,din care: Exploatatii agricole individuale,Tulcea,2006,Kilograme,2894.0
Porumb boabe,Sector privat,Gorj,2006,Kilograme,3529.0
Porumb boabe,din care: Exploatatii agricole individuale,Bacau,2006,Kilograme,3237.0
Porumb boabe,Sector privat,Galati,2006,Kilograme,3382.0
Porumb boabe,Sector privat,Sibiu,2006,Kilograme,3473.0
Porumb boabe,din care: Exploatatii agricole individuale,Calarasi,2006,Kilograme,3946.0
Porumb boabe,Sector privat,Maramures,2006,Kilograme,2617.0
Porumb boabe,din care: Exploatatii agricole individuale,Mehedinti,2006,Kilograme,3649.0
Porumb boabe,din care: Exploatatii agricole individuale,Bistrita-Nasaud,2006,Kilograme,3129.0
Porumb boabe,Sector privat,Dambovita,2006,Kilograme,3589.0
Porumb boabe,din care: Exploatatii agricole individuale,Harghita,2006,Kilograme,3608.0
Porumb boabe,Sector privat,Mehedinti,2006,Kilograme,3650.0
Porumb boabe,din care: Exploatatii agricole individuale,Covasna,2006,Kilograme,4086.0
Porumb boabe,din care: Exploatatii agricole individuale,Timis,2006,Kilograme,4515.0
Porumb boabe,din care: Exploatatii agricole individuale,Vrancea,2006,Kilograme,3227.0
Porumb boabe,din care: Exploatatii agricole individuale,Buzau,2006,Kilograme,3074.0
Porumb boabe,din care: Exploatatii agricole individuale,Arad,2006,Kilograme,3914.0
Porumb boabe,Sector privat,Bacau,2006,Kilograme,3256.0
Porumb boabe,din care: Exploatatii agricole individuale,Ialomita,2006,Kilograme,3657.0
Porumb boabe,Sector privat,Satu Mare,2006,Kilograme,3938.0
Porumb boabe,din care: Exploatatii agricole individuale,Botosani,2006,Kilograme,2745.0
Porumb boabe,Sector privat,Olt,2006,Kilograme,3200.0
Porumb boabe,Sector privat,Giurgiu,2006,Kilograme,3435.0
Porumb boabe,din care: Exploatatii agricole individuale,Braila,2006,Kilograme,3760.0
Porumb boabe,din care: Exploatatii agricole individuale,Maramures,2006,Kilograme,2611.0
Porumb boabe,din care: Exploatatii agricole individuale,Arges,2006,Kilograme,4154.0
Porumb boabe,din care: Exploatatii agricole individuale,Olt,2006,Kilograme,3168.0
Porumb boabe,Sector privat,Botosani,2006,Kilograme,2752.0
Porumb boabe,Sector privat,Salaj,2006,Kilograme,3983.0
Porumb boabe,Sector privat,Ialomita,2006,Kilograme,3623.0
Porumb boabe,Sector privat,Tulcea,2006,Kilograme,2839.0
Porumb boabe,Sector privat,Valcea,2006,Kilograme,4060.0
Porumb boabe,din care: Exploatatii agricole individuale,Dolj,2006,Kilograme,3605.0
Porumb boabe,Sector privat,Suceava,2006,Kilograme,3491.0
Porumb boabe,din care: Exploatatii agricole individuale,Ilfov,2006,Kilograme,5021.0
Porumb boabe,din care: Exploatatii agricole individuale,Satu Mare,2007,Kilograme,2330.0
Porumb boabe,Sector privat,Satu Mare,2007,Kilograme,2670.0
Porumb boabe,din care: Exploatatii agricole individuale,Iasi,2007,Kilograme,690.0
Porumb boabe,Sector privat,Arad,2007,Kilograme,2590.0
Porumb boabe,din care: Exploatatii agricole individuale,Vaslui,2007,Kilograme,421.0
Porumb boabe,din care: Exploatatii agricole individuale,Mures,2007,Kilograme,3033.0
Porumb boabe,Sector privat,Neamt,2007,Kilograme,1654.0
Porumb boabe,din care: Exploatatii agricole individuale,Valcea,2007,Kilograme,2246.0
Porumb boabe,din care: Exploatatii agricole individuale,Harghita,2007,Kilograme,3115.0
Porumb boabe,Sector privat,Brasov,2007,Kilograme,2652.0
Porumb boabe,Sector privat,Braila,2007,Kilograme,1202.0
Porumb boabe,Sector privat,Teleorman,2007,Kilograme,622.0
Porumb boabe,din care: Exploatatii agricole individuale,Ilfov,2007,Kilograme,749.0
Porumb boabe,din care: Exploatatii agricole individuale,Salaj,2007,Kilograme,2083.0
Porumb boabe,Sector privat,Constanta,2007,Kilograme,230.0
Porumb boabe,Sector privat,Caras-Severin,2007,Kilograme,1890.0
Porumb boabe,Sector privat,Suceava,2007,Kilograme,3454.0
Porumb boabe,din care: Exploatatii agricole individuale,Bacau,2007,Kilograme,1240.0
Porumb boabe,Sector privat,Ilfov,2007,Kilograme,694.0
Porumb boabe,Sector privat,Alba,2007,Kilograme,3071.0
Porumb boabe,Sector privat,Covasna,2007,Kilograme,2384.0
Porumb boabe,Sector privat,Prahova,2007,Kilograme,1408.0
Porumb boabe,Sector privat,Bihor,2007,Kilograme,3612.0
Porumb boabe,Sector privat,Hunedoara,2007,Kilograme,2638.0
Porumb boabe,Sector privat,Municipiul Bucuresti,2007,Kilograme,2031.0
Porumb boabe,Sector privat,Vrancea,2007,Kilograme,1316.0
Porumb boabe,din care: Exploatatii agricole individuale,Prahova,2007,Kilograme,1392.0
Porumb boabe,din care: Exploatatii agricole individuale,Hunedoara,2007,Kilograme,2626.0
Porumb boabe,Sector privat,Vaslui,2007,Kilograme,413.0
Porumb boabe,din care: Exploatatii agricole individuale,Brasov,2007,Kilograme,2604.0
Porumb boabe,din care: Exploatatii agricole individuale,Mehedinti,2007,Kilograme,318.0
Porumb boabe,din care: Exploatatii agricole individuale,Dambovita,2007,Kilograme,1418.0
Porumb boabe,din care: Exploatatii agricole individuale,Neamt,2007,Kilograme,1637.0
Porumb boabe,Sector privat,Harghita,2007,Kilograme,3129.0
Porumb boabe,Sector privat,Timis,2007,Kilograme,2925.0
Porumb boabe,Sector privat,Arges,2007,Kilograme,1906.0
Porumb boabe,Sector privat,Bistrita-Nasaud,2007,Kilograme,2040.0
Porumb boabe,din care: Exploatatii agricole individuale,Buzau,2007,Kilograme,726.0
Porumb boabe,Sector privat,Dolj,2007,Kilograme,548.0
Porumb boabe,din care: Exploatatii agricole individuale,Gorj,2007,Kilograme,1224.0
Porumb boabe,din care: Exploatatii agricole individuale,Teleorman,2007,Kilograme,534.0
Porumb boabe,din care: Exploatatii agricole individuale,Suceava,2007,Kilograme,3436.0
Porumb boabe,Sector privat,Cluj,2007,Kilograme,2401.0
Porumb boabe,Sector privat,Mures,2007,Kilograme,3126.0
Porumb boabe,Sector privat,Buzau,2007,Kilograme,708.0
Porumb boabe,Sector privat,Calarasi,2007,Kilograme,695.0
Porumb boabe,din care: Exploatatii agricole individuale,Municipiul Bucuresti,2007,Kilograme,625.0
Porumb boabe,din care: Exploatatii agricole individuale,Bihor,2007,Kilograme,3533.0
Porumb boabe,Sector privat,Gorj,2007,Kilograme,1232.0
Porumb boabe,din care: Exploatatii agricole individuale,Tulcea,2007,Kilograme,632.0
Porumb boabe,Sector privat,Galati,2007,Kilograme,952.0
Porumb boabe,Sector privat,Sibiu,2007,Kilograme,2445.0
Porumb boabe,din care: Exploatatii agricole individuale,Giurgiu,2007,Kilograme,214.0
Porumb boabe,din care: Exploatatii agricole individuale,Bistrita-Nasaud,2007,Kilograme,2019.0
Porumb boabe,Sector privat,Maramures,2007,Kilograme,2184.0
Porumb boabe,Sector privat,Dambovita,2007,Kilograme,1391.0
Porumb boabe,Sector privat,Mehedinti,2007,Kilograme,318.0
Porumb boabe,din care: Exploatatii agricole individuale,Calarasi,2007,Kilograme,176.0
Porumb boabe,din care: Exploatatii agricole individuale,Timis,2007,Kilograme,2467.0
Porumb boabe,din care: Exploatatii agricole individuale,Constanta,2007,Kilograme,189.0
Porumb boabe,din care: Exploatatii agricole individuale,Cluj,2007,Kilograme,2327.0
Porumb boabe,Sector privat,Bacau,2007,Kilograme,1256.0
Porumb boabe,din care: Exploatatii agricole individuale,Ialomita,2007,Kilograme,490.0
Porumb boabe,Sector privat,Olt,2007,Kilograme,531.0
Porumb boabe,din care: Exploatatii agricole individuale,Galati,2007,Kilograme,985.0
Porumb boabe,Sector privat,Giurgiu,2007,Kilograme,539.0
Porumb boabe,din care: Exploatatii agricole individuale,Botosani,2007,Kilograme,2301.0
Porumb boabe,din care: Exploatatii agricole individuale,Braila,2007,Kilograme,953.0
Porumb boabe,din care: Exploatatii agricole individuale,Arad,2007,Kilograme,2372.0
Porumb boabe,din care: Exploatatii agricole individuale,Arges,2007,Kilograme,1942.0
Porumb boabe,din care: Exploatatii agricole individuale,Vrancea,2007,Kilograme,1301.0
Porumb boabe,din care: Exploatatii agricole individuale,Maramures,2007,Kilograme,2189.0
Porumb boabe,Sector privat,Botosani,2007,Kilograme,2306.0
Porumb boabe,Sector privat,Salaj,2007,Kilograme,2077.0
Porumb boabe,din care: Exploatatii agricole individuale,Sibiu,2007,Kilograme,2374.0
Porumb boabe,Sector privat,Ialomita,2007,Kilograme,425.0
Porumb boabe,Sector privat,Valcea,2007,Kilograme,2249.0
Porumb boabe,din care: Exploatatii agricole individuale,Caras-Severin,2007,Kilograme,1896.0
Porumb boabe,Sector privat,Tulcea,2007,Kilograme,728.0
Porumb boabe,din care: Exploatatii agricole individuale,Olt,2007,Kilograme,514.0
Porumb boabe,Sector privat,Iasi,2007,Kilograme,737.0
Porumb boabe,din care: Exploatatii agricole individuale,Dolj,2007,Kilograme,543.0
Porumb boabe,din care: Exploatatii agricole individuale,Covasna,2007,Kilograme,2285.0
Porumb boabe,din care: Exploatatii agricole individuale,Alba,2007,Kilograme,3006.0
Porumb boabe,Sector privat,Prahova,2008,Kilograme,2767.0
Porumb boabe,Sector privat,Giurgiu,2008,Kilograme,3164.0
Porumb boabe,din care: Exploatatii agricole individuale,Satu Mare,2008,Kilograme,3251.0
Porumb boabe,din care: Exploatatii agricole individuale,Galati,2008,Kilograme,2691.0
Porumb boabe,din care: Exploatatii agricole individuale,Iasi,2008,Kilograme,3322.0
Porumb boabe,Sector privat,Arad,2008,Kilograme,3847.0
Porumb boabe,din care: Exploatatii agricole individuale,Mures,2008,Kilograme,4110.0
Porumb boabe,din care: Exploatatii agricole individuale,Vaslui,2008,Kilograme,3477.0
Porumb boabe,din care: Exploatatii agricole individuale,Harghita,2008,Kilograme,2949.0
Porumb boabe,Sector privat,Neamt,2008,Kilograme,4357.0
Porumb boabe,Sector privat,Brasov,2008,Kilograme,3079.0
Porumb boabe,Sector privat,Teleorman,2008,Kilograme,2236.0
Porumb boabe,din care: Exploatatii agricole individuale,Valcea,2008,Kilograme,3177.0
Porumb boabe,Sector privat,Braila,2008,Kilograme,2773.0
Porumb boabe,din care: Exploatatii agricole individuale,Salaj,2008,Kilograme,3283.0
Porumb boabe,Sector privat,Constanta,2008,Kilograme,2550.0
Porumb boabe,din care: Exploatatii agricole individuale,Ilfov,2008,Kilograme,3200.0
Porumb boabe,Sector privat,Dolj,2008,Kilograme,3455.0
Porumb boabe,din care: Exploatatii agricole individuale,Covasna,2008,Kilograme,4472.0
Porumb boabe,din care: Exploatatii agricole individuale,Dolj,2008,Kilograme,3483.0
Porumb boabe,Sector privat,Ilfov,2008,Kilograme,2975.0
Porumb boabe,Sector privat,Alba,2008,Kilograme,3699.0
Porumb boabe,din care: Exploatatii agricole individuale,Alba,2008,Kilograme,3622.0
Porumb boabe,Sector privat,Covasna,2008,Kilograme,4520.0
Porumb boabe,Sector privat,Bihor,2008,Kilograme,4965.0
Porumb boabe,Sector privat,Hunedoara,2008,Kilograme,3863.0
Porumb boabe,Sector privat,Vrancea,2008,Kilograme,2288.0
Porumb boabe,din care: Exploatatii agricole individuale,Hunedoara,2008,Kilograme,3872.0
Porumb boabe,din care: Exploatatii agricole individuale,Prahova,2008,Kilograme,2740.0
Porumb boabe,Sector privat,Municipiul Bucuresti,2008,Kilograme,2130.0
Porumb boabe,din care: Exploatatii agricole individuale,Brasov,2008,Kilograme,3027.0
Porumb boabe,din care: Exploatatii agricole individuale,Dambovita,2008,Kilograme,3099.0
Porumb boabe,Sector privat,Arges,2008,Kilograme,3326.0
Porumb boabe,Sector privat,Harghita,2008,Kilograme,2960.0
Porumb boabe,Sector privat,Bistrita-Nasaud,2008,Kilograme,2888.0
Porumb boabe,din care: Exploatatii agricole individuale,Neamt,2008,Kilograme,4283.0
Porumb boabe,din care: Exploatatii agricole individuale,Mehedinti,2008,Kilograme,3369.0
Porumb boabe,Sector privat,Timis,2008,Kilograme,3550.0
Porumb boabe,din care: Exploatatii agricole individuale,Buzau,2008,Kilograme,1399.0
Porumb boabe,Sector privat,Suceava,2008,Kilograme,4316.0
Porumb boabe,din care: Exploatatii agricole individuale,Teleorman,2008,Kilograme,2171.0
Porumb boabe,din care: Exploatatii agricole individuale,Suceava,2008,Kilograme,4317.0
Porumb boabe,din care: Exploatatii agricole individuale,Bacau,2008,Kilograme,3408.0
Porumb boabe,Sector privat,Mures,2008,Kilograme,4158.0
Porumb boabe,Sector privat,Cluj,2008,Kilograme,3550.0
Porumb boabe,Sector privat,Calarasi,2008,Kilograme,3777.0
Porumb boabe,din care: Exploatatii agricole individuale,Municipiul Bucuresti,2008,Kilograme,2130.0
Porumb boabe,Sector privat,Buzau,2008,Kilograme,1514.0
Porumb boabe,din care: Exploatatii agricole individuale,Bihor,2008,Kilograme,5077.0
Porumb boabe,Sector privat,Gorj,2008,Kilograme,2044.0
Porumb boabe,din care: Exploatatii agricole individuale,Tulcea,2008,Kilograme,3268.0
Porumb boabe,Sector privat,Galati,2008,Kilograme,2771.0
Porumb boabe,din care: Exploatatii agricole individuale,Bistrita-Nasaud,2008,Kilograme,2889.0
Porumb boabe,Sector privat,Sibiu,2008,Kilograme,3536.0
Porumb boabe,Sector privat,Dambovita,2008,Kilograme,3052.0
Porumb boabe,Sector privat,Maramures,2008,Kilograme,3099.0
Porumb boabe,din care: Exploatatii agricole individuale,Giurgiu,2008,Kilograme,2753.0
Porumb boabe,Sector privat,Mehedinti,2008,Kilograme,3369.0
Porumb boabe,din care: Exploatatii agricole individuale,Timis,2008,Kilograme,3284.0
Porumb boabe,din care: Exploatatii agricole individuale,Calarasi,2008,Kilograme,3215.0
Porumb boabe,din care: Exploatatii agricole individuale,Cluj,2008,Kilograme,3466.0
Porumb boabe,din care: Exploatatii agricole individuale,Constanta,2008,Kilograme,2359.0
Porumb boabe,Sector privat,Olt,2008,Kilograme,2104.0
Porumb boabe,Sector privat,Bacau,2008,Kilograme,3439.0
Porumb boabe,Sector privat,Iasi,2008,Kilograme,3437.0
Porumb boabe,Sector privat,Satu Mare,2008,Kilograme,4017.0
Porumb boabe,din care: Exploatatii agricole individuale,Ialomita,2008,Kilograme,2773.0
Porumb boabe,din care: Exploatatii agricole individuale,Botosani,2008,Kilograme,3619.0
Porumb boabe,din care: Exploatatii agricole individuale,Braila,2008,Kilograme,2039.0
Porumb boabe,din care: Exploatatii agricole individuale,Arad,2008,Kilograme,3875.0
Porumb boabe,din care: Exploatatii agricole individuale,Arges,2008,Kilograme,3347.0
Porumb boabe,din care: Exploatatii agricole individuale,Vrancea,2008,Kilograme,2254.0
Porumb boabe,din care: Exploatatii agricole individuale,Maramures,2008,Kilograme,3083.0
Porumb boabe,Sector privat,Botosani,2008,Kilograme,3692.0
Porumb boabe,Sector privat,Salaj,2008,Kilograme,3291.0
Porumb boabe,Sector privat,Ialomita,2008,Kilograme,2994.0
Porumb boabe,din care: Exploatatii agricole individuale,Sibiu,2008,Kilograme,3508.0
Porumb boabe,din care: Exploatatii agricole individuale,Caras-Severin,2008,Kilograme,2739.0
Porumb boabe,Sector privat,Tulcea,2008,Kilograme,3080.0
Porumb boabe,din care: Exploatatii agricole individuale,Olt,2008,Kilograme,2074.0
Porumb boabe,Sector privat,Valcea,2008,Kilograme,3174.0
Porumb boabe,Sector privat,Vaslui,2008,Kilograme,3488.0
Porumb boabe,Sector privat,Caras-Severin,2008,Kilograme,2744.0
Porumb boabe,din care: Exploatatii agricole individuale,Gorj,2008,Kilograme,2042.0
Porumb boabe,din care: Exploatatii agricole individuale,Suceava,2009,Kilograme,4389.0
Porumb boabe,Sector privat,Caras-Severin,2009,Kilograme,3462.0
Porumb boabe,din care: Exploatatii agricole individuale,Sibiu,2009,Kilograme,3557.0
Porumb boabe,Sector privat,Alba,2009,Kilograme,3687.0
Porumb boabe,din care: Exploatatii agricole individuale,Arad,2009,Kilograme,3670.0
Porumb boabe,din care: Exploatatii agricole individuale,Satu Mare,2009,Kilograme,3277.0
Porumb boabe,Sector privat,Prahova,2009,Kilograme,3954.0
Porumb boabe,din care: Exploatatii agricole individuale,Galati,2009,Kilograme,1948.0
Porumb boabe,din care: Exploatatii agricole individuale,Iasi,2009,Kilograme,3176.0
Porumb boabe,Sector privat,Arad,2009,Kilograme,3703.0
Porumb boabe,Sector privat,Neamt,2009,Kilograme,4123.0
Porumb boabe,din care: Exploatatii agricole individuale,Harghita,2009,Kilograme,4330.0
Porumb boabe,din care: Exploatatii agricole individuale,Valcea,2009,Kilograme,5091.0
Porumb boabe,Sector privat,Brasov,2009,Kilograme,3104.0
Porumb boabe,Sector privat,Teleorman,2009,Kilograme,3902.0
Porumb boabe,din care: Exploatatii agricole individuale,Salaj,2009,Kilograme,2168.0
Porumb boabe,Sector privat,Constanta,2009,Kilograme,2790.0
Porumb boabe,din care: Exploatatii agricole individuale,Dambovita,2009,Kilograme,4462.0
Porumb boabe,din care: Exploatatii agricole individuale,Neamt,2009,Kilograme,4155.0
Porumb boabe,din care: Exploatatii agricole individuale,Mures,2009,Kilograme,3956.0
Porumb boabe,din care: Exploatatii agricole individuale,Covasna,2009,Kilograme,4576.0
Porumb boabe,din care: Exploatatii agricole individuale,Vaslui,2009,Kilograme,2978.0
Porumb boabe,din care: Exploatatii agricole individuale,Braila,2009,Kilograme,1923.0
Porumb boabe,Sector privat,Timis,2009,Kilograme,3295.0
Porumb boabe,Sector privat,Dolj,2009,Kilograme,3644.0
Porumb boabe,Sector privat,Mures,2009,Kilograme,4043.0
Porumb boabe,din care: Exploatatii agricole individuale,Bacau,2009,Kilograme,3179.0
Porumb boabe,Sector privat,Cluj,2009,Kilograme,3566.0
Porumb boabe,Sector privat,Calarasi,2009,Kilograme,3945.0
Porumb boabe,din care: Exploatatii agricole individuale,Municipiul Bucuresti,2009,Kilograme,2157.0
Porumb boabe,Sector privat,Buzau,2009,Kilograme,1765.0
Porumb boabe,din care: Exploatatii agricole individuale,Bihor,2009,Kilograme,3942.0
Porumb boabe,Sector privat,Gorj,2009,Kilograme,3634.0
Porumb boabe,din care: Exploatatii agricole individuale,Tulcea,2009,Kilograme,3316.0
Porumb boabe,Sector privat,Sibiu,2009,Kilograme,3534.0
Porumb boabe,din care: Exploatatii agricole individuale,Bistrita-Nasaud,2009,Kilograme,2920.0
Porumb boabe,Sector privat,Dambovita,2009,Kilograme,4436.0
Porumb boabe,Sector privat,Maramures,2009,Kilograme,3174.0
Porumb boabe,din care: Exploatatii agricole individuale,Giurgiu,2009,Kilograme,3356.0
Porumb boabe,din care: Exploatatii agricole individuale,Teleorman,2009,Kilograme,3609.0
Porumb boabe,Sector privat,Mehedinti,2009,Kilograme,3388.0
Porumb boabe,din care: Exploatatii agricole individuale,Calarasi,2009,Kilograme,3891.0
Porumb boabe,din care: Exploatatii agricole individuale,Timis,2009,Kilograme,2903.0
Porumb boabe,din care: Exploatatii agricole individuale,Cluj,2009,Kilograme,3505.0
Porumb boabe,Sector privat,Bacau,2009,Kilograme,3233.0
Porumb boabe,Sector privat,Galati,2009,Kilograme,2036.0
Porumb boabe,Sector privat,Olt,2009,Kilograme,3773.0
Porumb boabe,Sector privat,Satu Mare,2009,Kilograme,3693.0
Porumb boabe,Sector privat,Vaslui,2009,Kilograme,2980.0
Porumb boabe,Sector privat,Giurgiu,2009,Kilograme,3822.0
Porumb boabe,din care: Exploatatii agricole individuale,Botosani,2009,Kilograme,3307.0
Porumb boabe,din care: Exploatatii agricole individuale,Ialomita,2009,Kilograme,2797.0
Porumb boabe,din care: Exploatatii agricole individuale,Arges,2009,Kilograme,3488.0
Porumb boabe,Sector privat,Botosani,2009,Kilograme,3331.0
Porumb boabe,din care: Exploatatii agricole individuale,Vrancea,2009,Kilograme,2999.0
Porumb boabe,din care: Exploatatii agricole individuale,Maramures,2009,Kilograme,3171.0
Porumb boabe,Sector privat,Ialomita,2009,Kilograme,3154.0
Porumb boabe,Sector privat,Salaj,2009,Kilograme,2195.0
Porumb boabe,din care: Exploatatii agricole individuale,Caras-Severin,2009,Kilograme,3417.0
Porumb boabe,Sector privat,Tulcea,2009,Kilograme,3241.0
Porumb boabe,Sector privat,Valcea,2009,Kilograme,5089.0
Porumb boabe,Sector privat,Iasi,2009,Kilograme,3186.0
Porumb boabe,din care: Exploatatii agricole individuale,Ilfov,2009,Kilograme,2774.0
Porumb boabe,din care: Exploatatii agricole individuale,Olt,2009,Kilograme,3753.0
Porumb boabe,din care: Exploatatii agricole individuale,Hunedoara,2009,Kilograme,3876.0
Porumb boabe,din care: Exploatatii agricole individuale,Dolj,2009,Kilograme,3658.0
Porumb boabe,Sector privat,Municipiul Bucuresti,2009,Kilograme,2157.0
Porumb boabe,din care: Exploatatii agricole individuale,Brasov,2009,Kilograme,3062.0
Porumb boabe,Sector privat,Harghita,2009,Kilograme,4332.0
Porumb boabe,Sector privat,Arges,2009,Kilograme,3620.0
Porumb boabe,din care: Exploatatii agricole individuale,Mehedinti,2009,Kilograme,3382.0
Porumb boabe,Sector privat,Bistrita-Nasaud,2009,Kilograme,2920.0
Porumb boabe,Sector privat,Ilfov,2009,Kilograme,2966.0
Porumb boabe,Sector privat,Suceava,2009,Kilograme,4375.0
Porumb boabe,Sector privat,Braila,2009,Kilograme,2699.0
Porumb boabe,din care: Exploatatii agricole individuale,Gorj,2009,Kilograme,3631.0
Porumb boabe,Sector privat,Covasna,2009,Kilograme,4565.0
Porumb boabe,din care: Exploatatii agricole individuale,Alba,2009,Kilograme,3685.0
Porumb boabe,din care: Exploatatii agricole individuale,Constanta,2009,Kilograme,2710.0
Porumb boabe,Sector privat,Bihor,2009,Kilograme,3953.0
Porumb boabe,Sector privat,Vrancea,2009,Kilograme,3012.0
Porumb boabe,din care: Exploatatii agricole individuale,Prahova,2009,Kilograme,3843.0
Porumb boabe,Sector privat,Hunedoara,2009,Kilograme,3873.0
Porumb boabe,din care: Exploatatii agricole individuale,Buzau,2009,Kilograme,1622.0
Porumb boabe,Sector privat,Galati,2010,Kilograme,4011.0
Porumb boabe,Sector privat,Teleorman,2010,Kilograme,4961.0
Porumb boabe,Sector privat,Municipiul Bucuresti,2010,Kilograme,6000.0
Porumb boabe,Sector privat,Harghita,2010,Kilograme,3850.0
Porumb boabe,Sector privat,Timis,2010,Kilograme,4495.0
Porumb boabe,din care: Exploatatii agricole individuale,Neamt,2010,Kilograme,4027.0
Porumb boabe,din care: Exploatatii agricole individuale,Timis,2010,Kilograme,3697.0
Porumb boabe,Sector privat,Arges,2010,Kilograme,3565.0
Porumb boabe,din care: Exploatatii agricole individuale,Covasna,2010,Kilograme,4698.0
Porumb boabe,din care: Exploatatii agricole individuale,Prahova,2010,Kilograme,4168.0
Porumb boabe,Sector privat,Vaslui,2010,Kilograme,4239.0
Porumb boabe,Sector privat,Bistrita-Nasaud,2010,Kilograme,3213.0
Porumb boabe,din care: Exploatatii agricole individuale,Botosani,2010,Kilograme,3643.0
Porumb boabe,Sector privat,Dolj,2010,Kilograme,5112.0
Porumb boabe,din care: Exploatatii agricole individuale,Bacau,2010,Kilograme,4170.0
Porumb boabe,din care: Exploatatii agricole individuale,Dambovita,2010,Kilograme,3980.0
Porumb boabe,din care: Exploatatii agricole individuale,Buzau,2010,Kilograme,5915.0
Porumb boabe,din care: Exploatatii agricole individuale,Municipiul Bucuresti,2010,Kilograme,6000.0
Porumb boabe,Sector privat,Mures,2010,Kilograme,4561.0
Porumb boabe,Sector privat,Vrancea,2010,Kilograme,4099.0
Porumb boabe,din care: Exploatatii agricole individuale,Bihor,2010,Kilograme,5272.0
Porumb boabe,din care: Exploatatii agricole individuale,Brasov,2010,Kilograme,3389.0
Porumb boabe,Sector privat,Gorj,2010,Kilograme,3384.0
Porumb boabe,din care: Exploatatii agricole individuale,Olt,2010,Kilograme,4552.0
Porumb boabe,Sector privat,Sibiu,2010,Kilograme,4013.0
Porumb boabe,Sector privat,Dambovita,2010,Kilograme,3929.0
Porumb boabe,din care: Exploatatii agricole individuale,Suceava,2010,Kilograme,3630.0
Porumb boabe,din care: Exploatatii agricole individuale,Sibiu,2010,Kilograme,4070.0
Porumb boabe,Sector privat,Tulcea,2010,Kilograme,3550.0
Porumb boabe,din care: Exploatatii agricole individuale,Bistrita-Nasaud,2010,Kilograme,3222.0
Porumb boabe,Sector privat,Mehedinti,2010,Kilograme,3155.0
Porumb boabe,Sector privat,Maramures,2010,Kilograme,3628.0
Porumb boabe,Sector privat,Giurgiu,2010,Kilograme,5941.0
Porumb boabe,din care: Exploatatii agricole individuale,Tulcea,2010,Kilograme,3193.0
Porumb boabe,Sector privat,Bacau,2010,Kilograme,4273.0
Porumb boabe,din care: Exploatatii agricole individuale,Braila,2010,Kilograme,4715.0
Porumb boabe,din care: Exploatatii agricole individuale,Iasi,2010,Kilograme,3654.0
Porumb boabe,din care: Exploatatii agricole individuale,Calarasi,2010,Kilograme,4468.0
Porumb boabe,din care: Exploatatii agricole individuale,Cluj,2010,Kilograme,3766.0
Porumb boabe,Sector privat,Olt,2010,Kilograme,4386.0
Porumb boabe,Sector privat,Satu Mare,2010,Kilograme,4438.0
Porumb boabe,din care: Exploatatii agricole individuale,Giurgiu,2010,Kilograme,5578.0
Porumb boabe,din care: Exploatatii agricole individuale,Ialomita,2010,Kilograme,4065.0
Porumb boabe,Sector privat,Ialomita,2010,Kilograme,4626.0
Porumb boabe,Sector privat,Botosani,2010,Kilograme,3706.0
Porumb boabe,din care: Exploatatii agricole individuale,Maramures,2010,Kilograme,3623.0
Porumb boabe,Sector privat,Valcea,2010,Kilograme,5247.0
Porumb boabe,din care: Exploatatii agricole individuale,Vrancea,2010,Kilograme,3945.0
Porumb boabe,din care: Exploatatii agricole individuale,Harghita,2010,Kilograme,3843.0
Porumb boabe,din care: Exploatatii agricole individuale,Teleorman,2010,Kilograme,4395.0
Porumb boabe,Sector privat,Salaj,2010,Kilograme,2594.0
Porumb boabe,Sector privat,Prahova,2010,Kilograme,4244.0
Porumb boabe,din care: Exploatatii agricole individuale,Valcea,2010,Kilograme,5249.0
Porumb boabe,Sector privat,Iasi,2010,Kilograme,3424.0
Porumb boabe,din care: Exploatatii agricole individuale,Dolj,2010,Kilograme,4957.0
Porumb boabe,din care: Exploatatii agricole individuale,Satu Mare,2010,Kilograme,3508.0
Porumb boabe,Sector privat,Braila,2010,Kilograme,3947.0
Porumb boabe,din care: Exploatatii agricole individuale,Arges,2010,Kilograme,3771.0
Porumb boabe,Sector privat,Alba,2010,Kilograme,4695.0
Porumb boabe,din care: Exploatatii agricole individuale,Galati,2010,Kilograme,3945.0
Porumb boabe,Sector privat,Arad,2010,Kilograme,5183.0
Porumb boabe,din care: Exploatatii agricole individuale,Vaslui,2010,Kilograme,4232.0
Porumb boabe,Sector privat,Buzau,2010,Kilograme,5334.0
Porumb boabe,din care: Exploatatii agricole individuale,Ilfov,2010,Kilograme,3844.0
Porumb boabe,din care: Exploatatii agricole individuale,Hunedoara,2010,Kilograme,3557.0
Porumb boabe,din care: Exploatatii agricole individuale,Mehedinti,2010,Kilograme,3150.0
Porumb boabe,Sector privat,Neamt,2010,Kilograme,4150.0
Porumb boabe,Sector privat,Constanta,2010,Kilograme,4924.0
Porumb boabe,din care: Exploatatii agricole individuale,Constanta,2010,Kilograme,5152.0
Porumb boabe,din care: Exploatatii agricole individuale,Salaj,2010,Kilograme,2501.0
Porumb boabe,Sector privat,Brasov,2010,Kilograme,3539.0
Porumb boabe,Sector privat,Caras-Severin,2010,Kilograme,3418.0
Porumb boabe,Sector privat,Ilfov,2010,Kilograme,3974.0
Porumb boabe,Sector privat,Suceava,2010,Kilograme,3628.0
Porumb boabe,Sector privat,Covasna,2010,Kilograme,4680.0
Porumb boabe,din care: Exploatatii agricole individuale,Alba,2010,Kilograme,4657.0
Porumb boabe,din care: Exploatatii agricole individuale,Caras-Severin,2010,Kilograme,3472.0
Porumb boabe,Sector privat,Hunedoara,2010,Kilograme,3545.0
Porumb boabe,din care: Exploatatii agricole individuale,Mures,2010,Kilograme,4519.0
Porumb boabe,din care: Exploatatii agricole individuale,Arad,2010,Kilograme,5507.0
Porumb boabe,din care: Exploatatii agricole individuale,Gorj,2010,Kilograme,3384.0
Porumb boabe,Sector privat,Calarasi,2010,Kilograme,4960.0
Porumb boabe,Sector privat,Bihor,2010,Kilograme,5124.0
Porumb boabe,Sector privat,Cluj,2010,Kilograme,3832.0
Porumb boabe,Sector privat,Buzau,2011,Kilograme,4877.0
Porumb boabe,Sector privat,Arad,2011,Kilograme,4568.0
Porumb boabe,Sector privat,Bihor,2011,Kilograme,5177.0
Porumb boabe,din care: Exploatatii agricole individuale,Brasov,2011,Kilograme,4562.0
Porumb boabe,din care: Exploatatii agricole individuale,Neamt,2011,Kilograme,4964.0
Porumb boabe,Sector privat,Municipiul Bucuresti,2011,Kilograme,3000.0
Porumb boabe,din care: Exploatatii agricole individuale,Timis,2011,Kilograme,4040.0
Porumb boabe,din care: Exploatatii agricole individuale,Covasna,2011,Kilograme,4613.0
Porumb boabe,Sector privat,Arges,2011,Kilograme,4566.0
Porumb boabe,din care: Exploatatii agricole individuale,Prahova,2011,Kilograme,4392.0
Porumb boabe,Sector privat,Timis,2011,Kilograme,4474.0
Porumb boabe,Sector privat,Harghita,2011,Kilograme,3811.0
Porumb boabe,Sector privat,Vaslui,2011,Kilograme,3657.0
Porumb boabe,Sector privat,Bistrita-Nasaud,2011,Kilograme,3366.0
Porumb boabe,din care: Exploatatii agricole individuale,Botosani,2011,Kilograme,4064.0
Porumb boabe,Sector privat,Dolj,2011,Kilograme,4028.0
Porumb boabe,din care: Exploatatii agricole individuale,Dambovita,2011,Kilograme,4673.0
Porumb boabe,din care: Exploatatii agricole individuale,Gorj,2011,Kilograme,4061.0
Porumb boabe,Sector privat,Mures,2011,Kilograme,4771.0
Porumb boabe,Sector privat,Calarasi,2011,Kilograme,5297.0
Porumb boabe,din care: Exploatatii agricole individuale,Buzau,2011,Kilograme,5125.0
Porumb boabe,Sector privat,Galati,2011,Kilograme,3870.0
Porumb boabe,din care: Exploatatii agricole individuale,Bihor,2011,Kilograme,5458.0
Porumb boabe,Sector privat,Cluj,2011,Kilograme,4571.0
Porumb boabe,Sector privat,Gorj,2011,Kilograme,4058.0
Porumb boabe,Sector privat,Dambovita,2011,Kilograme,4631.0
Porumb boabe,din care: Exploatatii agricole individuale,Vaslui,2011,Kilograme,3642.0
Porumb boabe,din care: Exploatatii agricole individuale,Suceava,2011,Kilograme,3944.0
Porumb boabe,Sector privat,Sibiu,2011,Kilograme,4418.0
Porumb boabe,Sector privat,Tulcea,2011,Kilograme,4062.0
Porumb boabe,din care: Exploatatii agricole individuale,Sibiu,2011,Kilograme,4387.0
Porumb boabe,din care: Exploatatii agricole individuale,Bistrita-Nasaud,2011,Kilograme,3352.0
Porumb boabe,Sector privat,Mehedinti,2011,Kilograme,3356.0
Porumb boabe,Sector privat,Maramures,2011,Kilograme,3653.0
Porumb boabe,Sector privat,Giurgiu,2011,Kilograme,5871.0
Porumb boabe,din care: Exploatatii agricole individuale,Tulcea,2011,Kilograme,3337.0
Porumb boabe,Sector privat,Bacau,2011,Kilograme,5032.0
Porumb boabe,din care: Exploatatii agricole individuale,Braila,2011,Kilograme,5322.0
Porumb boabe,din care: Exploatatii agricole individuale,Cluj,2011,Kilograme,4529.0
Porumb boabe,Sector privat,Satu Mare,2011,Kilograme,4545.0
Porumb boabe,din care: Exploatatii agricole individuale,Iasi,2011,Kilograme,3787.0
Porumb boabe,din care: Exploatatii agricole individuale,Calarasi,2011,Kilograme,4251.0
Porumb boabe,Sector privat,Olt,2011,Kilograme,3611.0
Porumb boabe,din care: Exploatatii agricole individuale,Giurgiu,2011,Kilograme,5118.0
Porumb boabe,din care: Exploatatii agricole individuale,Olt,2011,Kilograme,3601.0
Porumb boabe,din care: Exploatatii agricole individuale,Ialomita,2011,Kilograme,4930.0
Porumb boabe,Sector privat,Ialomita,2011,Kilograme,5382.0
Porumb boabe,Sector privat,Botosani,2011,Kilograme,4083.0
Porumb boabe,din care: Exploatatii agricole individuale,Vrancea,2011,Kilograme,4400.0
Porumb boabe,din care: Exploatatii agricole individuale,Maramures,2011,Kilograme,3653.0
Porumb boabe,Sector privat,Valcea,2011,Kilograme,6027.0
Porumb boabe,din care: Exploatatii agricole individuale,Arad,2011,Kilograme,4528.0
Porumb boabe,din care: Exploatatii agricole individuale,Harghita,2011,Kilograme,3805.0
Porumb boabe,din care: Exploatatii agricole individuale,Teleorman,2011,Kilograme,3906.0
Porumb boabe,Sector privat,Prahova,2011,Kilograme,4456.0
Porumb boabe,Sector privat,Salaj,2011,Kilograme,3121.0
Porumb boabe,din care: Exploatatii agricole individuale,Valcea,2011,Kilograme,6035.0
Porumb boabe,din care: Exploatatii agricole individuale,Dolj,2011,Kilograme,3867.0
Porumb boabe,Sector privat,Iasi,2011,Kilograme,3863.0
Porumb boabe,din care: Exploatatii agricole individuale,Satu Mare,2011,Kilograme,4143.0
Porumb boabe,din care: Exploatatii agricole individuale,Alba,2011,Kilograme,4753.0
Porumb boabe,din care: Exploatatii agricole individuale,Arges,2011,Kilograme,4586.0
Porumb boabe,din care: Exploatatii agricole individuale,Caras-Severin,2011,Kilograme,4396.0
Porumb boabe,Sector privat,Alba,2011,Kilograme,4706.0
Porumb boabe,Sector privat,Vrancea,2011,Kilograme,4455.0
Porumb boabe,din care: Exploatatii agricole individuale,Galati,2011,Kilograme,3743.0
Porumb boabe,din care: Exploatatii agricole individuale,Ilfov,2011,Kilograme,4634.0
Porumb boabe,Sector privat,Teleorman,2011,Kilograme,4428.0
Porumb boabe,din care: Exploatatii agricole individuale,Mehedinti,2011,Kilograme,3340.0
Porumb boabe,Sector privat,Neamt,2011,Kilograme,5227.0
Porumb boabe,Sector privat,Constanta,2011,Kilograme,5025.0
Porumb boabe,din care: Exploatatii agricole individuale,Hunedoara,2011,Kilograme,4226.0
Porumb boabe,din care: Exploatatii agricole individuale,Constanta,2011,Kilograme,5141.0
Porumb boabe,din care: Exploatatii agricole individuale,Salaj,2011,Kilograme,2948.0
Porumb boabe,Sector privat,Brasov,2011,Kilograme,4707.0
Porumb boabe,Sector privat,Caras-Severin,2011,Kilograme,4244.0
Porumb boabe,Sector privat,Ilfov,2011,Kilograme,4473.0
Porumb boabe,Sector privat,Suceava,2011,Kilograme,4053.0
Porumb boabe,Sector privat,Covasna,2011,Kilograme,4770.0
Porumb boabe,din care: Exploatatii agricole individuale,Bacau,2011,Kilograme,5043.0
Porumb boabe,din care: Exploatatii agricole individuale,Mures,2011,Kilograme,4710.0
Porumb boabe,Sector privat,Braila,2011,Kilograme,6418.0
Porumb boabe,Sector privat,Hunedoara,2011,Kilograme,4272.0
Porumb boabe,din care: Exploatatii agricole individuale,Municipiul Bucuresti,2011,Kilograme,3083.0
Porumb boabe,Sector privat,Hunedoara,2012,Kilograme,2174.0
Porumb boabe,Sector privat,Constanta,2012,Kilograme,1427.0
Porumb boabe,Sector privat,Bihor,2012,Kilograme,2809.0
Porumb boabe,Sector privat,Galati,2012,Kilograme,1151.0
Porumb boabe,din care: Exploatatii agricole individuale,Olt,2012,Kilograme,1198.0
Porumb boabe,din care: Exploatatii agricole individuale,Brasov,2012,Kilograme,1698.0
Porumb boabe,din care: Exploatatii agricole individuale,Timis,2012,Kilograme,2009.0
Porumb boabe,Sector privat,Municipiul Bucuresti,2012,Kilograme,1000.0
Porumb boabe,din care: Exploatatii agricole individuale,Harghita,2012,Kilograme,1445.0
Porumb boabe,Sector privat,Harghita,2012,Kilograme,1463.0
Porumb boabe,din care: Exploatatii agricole individuale,Prahova,2012,Kilograme,2082.0
Porumb boabe,Sector privat,Timis,2012,Kilograme,2695.0
Porumb boabe,Sector privat,Vaslui,2012,Kilograme,1218.0
Porumb boabe,Sector privat,Arges,2012,Kilograme,2255.0
Porumb boabe,Sector privat,Bistrita-Nasaud,2012,Kilograme,2150.0
Porumb boabe,Sector privat,Dolj,2012,Kilograme,1408.0
Porumb boabe,din care: Exploatatii agricole individuale,Botosani,2012,Kilograme,1300.0
Porumb boabe,Sector privat,Buzau,2012,Kilograme,1470.0
Porumb boabe,Sector privat,Mures,2012,Kilograme,2868.0
Porumb boabe,Sector privat,Calarasi,2012,Kilograme,3264.0
Porumb boabe,din care: Exploatatii agricole individuale,Buzau,2012,Kilograme,1137.0
Porumb boabe,din care: Exploatatii agricole individuale,Vaslui,2012,Kilograme,1199.0
Porumb boabe,din care: Exploatatii agricole individuale,Braila,2012,Kilograme,2649.0
Porumb boabe,din care: Exploatatii agricole individuale,Bihor,2012,Kilograme,2738.0
Porumb boabe,Sector privat,Cluj,2012,Kilograme,2621.0
Porumb boabe,Sector privat,Gorj,2012,Kilograme,1902.0
Porumb boabe,din care: Exploatatii agricole individuale,Constanta,2012,Kilograme,1009.0
Porumb boabe,din care: Exploatatii agricole individuale,Suceava,2012,Kilograme,3352.0
Porumb boabe,Sector privat,Sibiu,2012,Kilograme,2828.0
Porumb boabe,Sector privat,Dambovita,2012,Kilograme,2185.0
Porumb boabe,din care: Exploatatii agricole individuale,Dambovita,2012,Kilograme,2212.0
Porumb boabe,din care: Exploatatii agricole individuale,Sibiu,2012,Kilograme,2810.0
Porumb boabe,Sector privat,Tulcea,2012,Kilograme,1325.0
Porumb boabe,din care: Exploatatii agricole individuale,Bistrita-Nasaud,2012,Kilograme,2100.0
Porumb boabe,din care: Exploatatii agricole individuale,Municipiul Bucuresti,2012,Kilograme,1000.0
Porumb boabe,Sector privat,Mehedinti,2012,Kilograme,1619.0
Porumb boabe,Sector privat,Maramures,2012,Kilograme,2706.0
Porumb boabe,Sector privat,Giurgiu,2012,Kilograme,2478.0
Porumb boabe,Sector privat,Bacau,2012,Kilograme,2629.0
Porumb boabe,din care: Exploatatii agricole individuale,Cluj,2012,Kilograme,2599.0
Porumb boabe,Sector privat,Olt,2012,Kilograme,1308.0
Porumb boabe,din care: Exploatatii agricole individuale,Calarasi,2012,Kilograme,2704.0
Porumb boabe,Sector privat,Satu Mare,2012,Kilograme,3129.0
Porumb boabe,din care: Exploatatii agricole individuale,Giurgiu,2012,Kilograme,1980.0
Porumb boabe,Sector privat,Ialomita,2012,Kilograme,3265.0
Porumb boabe,Sector privat,Botosani,2012,Kilograme,1473.0
Porumb boabe,din care: Exploatatii agricole individuale,Bacau,2012,Kilograme,2600.0
Porumb boabe,din care: Exploatatii agricole individuale,Maramures,2012,Kilograme,2698.0
Porumb boabe,Sector privat,Valcea,2012,Kilograme,1242.0
Porumb boabe,din care: Exploatatii agricole individuale,Iasi,2012,Kilograme,1200.0
Porumb boabe,din care: Exploatatii agricole individuale,Vrancea,2012,Kilograme,1100.0
Porumb boabe,din care: Exploatatii agricole individuale,Ialomita,2012,Kilograme,2810.0
Porumb boabe,din care: Exploatatii agricole individuale,Arad,2012,Kilograme,3244.0
Porumb boabe,Sector privat,Prahova,2012,Kilograme,2114.0
Porumb boabe,Sector privat,Salaj,2012,Kilograme,2239.0
Porumb boabe,din care: Exploatatii agricole individuale,Valcea,2012,Kilograme,1232.0
Porumb boabe,din care: Exploatatii agricole individuale,Dolj,2012,Kilograme,1341.0
Porumb boabe,Sector privat,Iasi,2012,Kilograme,1367.0
Porumb boabe,din care: Exploatatii agricole individuale,Satu Mare,2012,Kilograme,2969.0
Porumb boabe,Sector privat,Arad,2012,Kilograme,3306.0
Porumb boabe,din care: Exploatatii agricole individuale,Alba,2012,Kilograme,1829.0
Porumb boabe,Sector privat,Braila,2012,Kilograme,3163.0
Porumb boabe,Sector privat,Teleorman,2012,Kilograme,1527.0
Porumb boabe,din care: Exploatatii agricole individuale,Mures,2012,Kilograme,2825.0
Porumb boabe,Sector privat,Vrancea,2012,Kilograme,1157.0
Porumb boabe,din care: Exploatatii agricole individuale,Mehedinti,2012,Kilograme,1590.0
Porumb boabe,din care: Exploatatii agricole individuale,Ilfov,2012,Kilograme,1296.0
Porumb boabe,din care: Exploatatii agricole individuale,Caras-Severin,2012,Kilograme,2910.0
Porumb boabe,din care: Exploatatii agricole individuale,Hunedoara,2012,Kilograme,2045.0
Porumb boabe,Sector privat,Neamt,2012,Kilograme,3529.0
Porumb boabe,din care: Exploatatii agricole individuale,Arges,2012,Kilograme,2001.0
Porumb boabe,din care: Exploatatii agricole individuale,Teleorman,2012,Kilograme,1286.0
Porumb boabe,din care: Exploatatii agricole individuale,Salaj,2012,Kilograme,2107.0
Porumb boabe,Sector privat,Brasov,2012,Kilograme,1805.0
Porumb boabe,Sector privat,Caras-Severin,2012,Kilograme,2954.0
Porumb boabe,Sector privat,Ilfov,2012,Kilograme,1717.0
Porumb boabe,Sector privat,Suceava,2012,Kilograme,3425.0
Porumb boabe,din care: Exploatatii agricole individuale,Tulcea,2012,Kilograme,1001.0
Porumb boabe,din care: Exploatatii agricole individuale,Neamt,2012,Kilograme,3226.0
Porumb boabe,din care: Exploatatii agricole individuale,Covasna,2012,Kilograme,2721.0
Porumb boabe,Sector privat,Covasna,2012,Kilograme,2839.0
Porumb boabe,Sector privat,Alba,2012,Kilograme,1978.0
Porumb boabe,din care: Exploatatii agricole individuale,Gorj,2012,Kilograme,1902.0
Porumb boabe,din care: Exploatatii agricole individuale,Galati,2012,Kilograme,981.0
Porumb boabe,Sector privat,Vrancea,2013,Kilograme,3535.0
Porumb boabe,din care: Exploatatii agricole individuale,Ilfov,2013,Kilograme,4685.0
Porumb boabe,Sector privat,Galati,2013,Kilograme,4337.0
Porumb boabe,din care: Exploatatii agricole individuale,Vaslui,2013,Kilograme,3229.0
Porumb boabe,Sector privat,Bihor,2013,Kilograme,4782.0
Porumb boabe,din care: Exploatatii agricole individuale,Timis,2013,Kilograme,4295.0
Porumb boabe,din care: Exploatatii agricole individuale,Brasov,2013,Kilograme,4459.0
Porumb boabe,Sector privat,Harghita,2013,Kilograme,4357.0
Porumb boabe,Sector privat,Vaslui,2013,Kilograme,3368.0
Porumb boabe,din care: Exploatatii agricole individuale,Prahova,2013,Kilograme,4065.0
Porumb boabe,Sector privat,Timis,2013,Kilograme,4422.0
Porumb boabe,Sector privat,Arges,2013,Kilograme,4514.0
Porumb boabe,din care: Exploatatii agricole individuale,Botosani,2013,Kilograme,4879.0
Porumb boabe,Sector privat,Dolj,2013,Kilograme,4653.0
Porumb boabe,Sector privat,Bistrita-Nasaud,2013,Kilograme,2916.0
Porumb boabe,Sector privat,Mures,2013,Kilograme,4223.0
Porumb boabe,Sector privat,Calarasi,2013,Kilograme,6282.0
Porumb boabe,Sector privat,Covasna,2013,Kilograme,5021.0
Porumb boabe,din care: Exploatatii agricole individuale,Buzau,2013,Kilograme,4125.0
Porumb boabe,din care: Exploatatii agricole individuale,Bihor,2013,Kilograme,5110.0
Porumb boabe,din care: Exploatatii agricole individuale,Covasna,2013,Kilograme,4933.0
Porumb boabe,Sector privat,Hunedoara,2013,Kilograme,4160.0
Porumb boabe,Sector privat,Cluj,2013,Kilograme,3371.0
Porumb boabe,din care: Exploatatii agricole individuale,Constanta,2013,Kilograme,3087.0
Porumb boabe,Sector privat,Dambovita,2013,Kilograme,4270.0
Porumb boabe,Sector privat,Tulcea,2013,Kilograme,4436.0
Porumb boabe,din care: Exploatatii agricole individuale,Dambovita,2013,Kilograme,4340.0
Porumb boabe,Sector privat,Sibiu,2013,Kilograme,4509.0
Porumb boabe,din care: Exploatatii agricole individuale,Sibiu,2013,Kilograme,4462.0
Porumb boabe,din care: Exploatatii agricole individuale,Galati,2013,Kilograme,3938.0
Porumb boabe,din care: Exploatatii agricole individuale,Bistrita-Nasaud,2013,Kilograme,2901.0
Porumb boabe,Sector privat,Mehedinti,2013,Kilograme,3089.0
Porumb boabe,Sector privat,Maramures,2013,Kilograme,3661.0
Porumb boabe,din care: Exploatatii agricole individuale,Harghita,2013,Kilograme,4444.0
Porumb boabe,Sector privat,Giurgiu,2013,Kilograme,5712.0
Porumb boabe,Sector privat,Bacau,2013,Kilograme,4924.0
Porumb boabe,din care: Exploatatii agricole individuale,Suceava,2013,Kilograme,3747.0
Porumb boabe,din care: Exploatatii agricole individuale,Cluj,2013,Kilograme,3259.0
Porumb boabe,din care: Exploatatii agricole individuale,Calarasi,2013,Kilograme,5239.0
Porumb boabe,Sector privat,Olt,2013,Kilograme,4474.0
Porumb boabe,Sector privat,Satu Mare,2013,Kilograme,4852.0
Porumb boabe,Sector privat,Ialomita,2013,Kilograme,6113.0
Porumb boabe,din care: Exploatatii agricole individuale,Giurgiu,2013,Kilograme,5375.0
Porumb boabe,Sector privat,Botosani,2013,Kilograme,4977.0
Porumb boabe,din care: Exploatatii agricole individuale,Bacau,2013,Kilograme,5026.0
Porumb boabe,din care: Exploatatii agricole individuale,Iasi,2013,Kilograme,4366.0
Porumb boabe,din care: Exploatatii agricole individuale,Vrancea,2013,Kilograme,3459.0
Porumb boabe,din care: Exploatatii agricole individuale,Maramures,2013,Kilograme,3648.0
Porumb boabe,din care: Exploatatii agricole individuale,Ialomita,2013,Kilograme,5569.0
Porumb boabe,Sector privat,Valcea,2013,Kilograme,5155.0
Porumb boabe,Sector privat,Prahova,2013,Kilograme,4466.0
Porumb boabe,Sector privat,Salaj,2013,Kilograme,3826.0
Porumb boabe,din care: Exploatatii agricole individuale,Arad,2013,Kilograme,3820.0
Porumb boabe,din care: Exploatatii agricole individuale,Valcea,2013,Kilograme,5164.0
Porumb boabe,din care: Exploatatii agricole individuale,Dolj,2013,Kilograme,4769.0
Porumb boabe,Sector privat,Iasi,2013,Kilograme,4301.0
Porumb boabe,din care: Exploatatii agricole individuale,Satu Mare,2013,Kilograme,4897.0
Porumb boabe,Sector privat,Arad,2013,Kilograme,4040.0
Porumb boabe,din care: Exploatatii agricole individuale,Caras-Severin,2013,Kilograme,3603.0
Porumb boabe,Sector privat,Alba,2013,Kilograme,4125.0
Porumb boabe,din care: Exploatatii agricole individuale,Mehedinti,2013,Kilograme,3112.0
Porumb boabe,Sector privat,Constanta,2013,Kilograme,3277.0
Porumb boabe,din care: Exploatatii agricole individuale,Gorj,2013,Kilograme,3681.0
Porumb boabe,din care: Exploatatii agricole individuale,Hunedoara,2013,Kilograme,4080.0
Porumb boabe,Sector privat,Teleorman,2013,Kilograme,4013.0
Porumb boabe,din care: Exploatatii agricole individuale,Olt,2013,Kilograme,4513.0
Porumb boabe,din care: Exploatatii agricole individuale,Arges,2013,Kilograme,4490.0
Porumb boabe,Sector privat,Neamt,2013,Kilograme,5658.0
Porumb boabe,din care: Exploatatii agricole individuale,Teleorman,2013,Kilograme,3633.0
Porumb boabe,din care: Exploatatii agricole individuale,Salaj,2013,Kilograme,3781.0
Porumb boabe,Sector privat,Brasov,2013,Kilograme,4445.0
Porumb boabe,din care: Exploatatii agricole individuale,Tulcea,2013,Kilograme,4171.0
Porumb boabe,Sector privat,Caras-Severin,2013,Kilograme,3630.0
Porumb boabe,Sector privat,Ilfov,2013,Kilograme,4735.0
Porumb boabe,Sector privat,Suceava,2013,Kilograme,3894.0
Porumb boabe,din care: Exploatatii agricole individuale,Neamt,2013,Kilograme,5307.0
Porumb boabe,din care: Exploatatii agricole individuale,Mures,2013,Kilograme,4223.0
Porumb boabe,din care: Exploatatii agricole individuale,Braila,2013,Kilograme,5124.0
Porumb boabe,din care: Exploatatii agricole individuale,Alba,2013,Kilograme,4168.0
Porumb boabe,Sector privat,Braila,2013,Kilograme,5236.0
Porumb boabe,Sector privat,Buzau,2013,Kilograme,4103.0
Porumb boabe,Sector privat,Gorj,2013,Kilograme,3672.0
Porumb boabe,Sector privat,Hunedoara,2014,Kilograme,4588.0
Porumb boabe,Sector privat,Alba,2014,Kilograme,6116.0
Porumb boabe,Sector privat,Bihor,2014,Kilograme,4276.0
Porumb boabe,Sector privat,Galati,2014,Kilograme,4275.0
Porumb boabe,din care: Exploatatii agricole individuale,Timis,2014,Kilograme,4098.0
Porumb boabe,Sector privat,Municipiul Bucuresti,2014,Kilograme,6400.0
Porumb boabe,din care: Exploatatii agricole individuale,Brasov,2014,Kilograme,4263.0
Porumb boabe,din care: Exploatatii agricole individuale,Prahova,2014,Kilograme,3795.0
Porumb boabe,Sector privat,Timis,2014,Kilograme,4474.0
Porumb boabe,Sector privat,Arges,2014,Kilograme,3794.0
Porumb boabe,Sector privat,Harghita,2014,Kilograme,4596.0
Porumb boabe,Sector privat,Dolj,2014,Kilograme,4649.0
Porumb boabe,din care: Exploatatii agricole individuale,Botosani,2014,Kilograme,5262.0
Porumb boabe,Sector privat,Bistrita-Nasaud,2014,Kilograme,3485.0
Porumb boabe,Sector privat,Mures,2014,Kilograme,4698.0
Porumb boabe,Sector privat,Braila,2014,Kilograme,5790.0
Porumb boabe,Sector privat,Calarasi,2014,Kilograme,6493.0
Porumb boabe,din care: Exploatatii agricole individuale,Buzau,2014,Kilograme,4385.0
Porumb boabe,din care: Exploatatii agricole individuale,Braila,2014,Kilograme,5692.0
Porumb boabe,din care: Exploatatii agricole individuale,Bihor,2014,Kilograme,4156.0
Porumb boabe,Sector privat,Gorj,2014,Kilograme,3703.0
Porumb boabe,Sector privat,Buzau,2014,Kilograme,4574.0
Porumb boabe,din care: Exploatatii agricole individuale,Dambovita,2014,Kilograme,4331.0
Porumb boabe,din care: Exploatatii agricole individuale,Constanta,2014,Kilograme,3331.0
Porumb boabe,Sector privat,Dambovita,2014,Kilograme,4318.0
Porumb boabe,Sector privat,Suceava,2014,Kilograme,4112.0
Porumb boabe,Sector privat,Sibiu,2014,Kilograme,4964.0
Porumb boabe,din care: Exploatatii agricole individuale,Municipiul Bucuresti,2014,Kilograme,6400.0
Porumb boabe,din care: Exploatatii agricole individuale,Bistrita-Nasaud,2014,Kilograme,3438.0
Porumb boabe,Sector privat,Mehedinti,2014,Kilograme,3705.0
Porumb boabe,din care: Exploatatii agricole individuale,Galati,2014,Kilograme,4061.0
Porumb boabe,Sector privat,Maramures,2014,Kilograme,3873.0
Porumb boabe,din care: Exploatatii agricole individuale,Harghita,2014,Kilograme,4610.0
Porumb boabe,Sector privat,Giurgiu,2014,Kilograme,5645.0
Porumb boabe,Sector privat,Bacau,2014,Kilograme,5172.0
Porumb boabe,din care: Exploatatii agricole individuale,Suceava,2014,Kilograme,4033.0
Porumb boabe,Sector privat,Tulcea,2014,Kilograme,4690.0
Porumb boabe,din care: Exploatatii agricole individuale,Cluj,2014,Kilograme,4565.0
Porumb boabe,din care: Exploatatii agricole individuale,Sibiu,2014,Kilograme,4923.0
Porumb boabe,Sector privat,Olt,2014,Kilograme,4112.0
Porumb boabe,din care: Exploatatii agricole individuale,Mures,2014,Kilograme,4633.0
Porumb boabe,din care: Exploatatii agricole individuale,Calarasi,2014,Kilograme,5468.0
Porumb boabe,Sector privat,Satu Mare,2014,Kilograme,5425.0
Porumb boabe,din care: Exploatatii agricole individuale,Giurgiu,2014,Kilograme,5240.0
Porumb boabe,Sector privat,Ialomita,2014,Kilograme,6585.0
Porumb boabe,Sector privat,Botosani,2014,Kilograme,5381.0
Porumb boabe,din care: Exploatatii agricole individuale,Iasi,2014,Kilograme,4633.0
Porumb boabe,din care: Exploatatii agricole individuale,Bacau,2014,Kilograme,5283.0
Porumb boabe,din care: Exploatatii agricole individuale,Maramures,2014,Kilograme,3850.0
Porumb boabe,din care: Exploatatii agricole individuale,Arges,2014,Kilograme,3884.0
Porumb boabe,din care: Exploatatii agricole individuale,Ialomita,2014,Kilograme,5836.0
Porumb boabe,Sector privat,Valcea,2014,Kilograme,4212.0
Porumb boabe,Sector privat,Prahova,2014,Kilograme,4377.0
Porumb boabe,Sector privat,Salaj,2014,Kilograme,3964.0
Porumb boabe,din care: Exploatatii agricole individuale,Caras-Severin,2014,Kilograme,3778.0
Porumb boabe,din care: Exploatatii agricole individuale,Valcea,2014,Kilograme,4219.0
Porumb boabe,din care: Exploatatii agricole individuale,Arad,2014,Kilograme,4730.0
Porumb boabe,din care: Exploatatii agricole individuale,Dolj,2014,Kilograme,4108.0
Porumb boabe,din care: Exploatatii agricole individuale,Olt,2014,Kilograme,4011.0
Porumb boabe,Sector privat,Iasi,2014,Kilograme,4776.0
Porumb boabe,din care: Exploatatii agricole individuale,Satu Mare,2014,Kilograme,5324.0
Porumb boabe,din care: Exploatatii agricole individuale,Vrancea,2014,Kilograme,3788.0
Porumb boabe,Sector privat,Arad,2014,Kilograme,5273.0
Porumb boabe,Sector privat,Constanta,2014,Kilograme,3575.0
Porumb boabe,Sector privat,Vrancea,2014,Kilograme,3791.0
Porumb boabe,din care: Exploatatii agricole individuale,Hunedoara,2014,Kilograme,4401.0
Porumb boabe,din care: Exploatatii agricole individuale,Teleorman,2014,Kilograme,4109.0
Porumb boabe,Sector privat,Teleorman,2014,Kilograme,4580.0
Porumb boabe,Sector privat,Neamt,2014,Kilograme,5996.0
Porumb boabe,din care: Exploatatii agricole individuale,Neamt,2014,Kilograme,5579.0
Porumb boabe,din care: Exploatatii agricole individuale,Ilfov,2014,Kilograme,5139.0
Porumb boabe,din care: Exploatatii agricole individuale,Salaj,2014,Kilograme,3727.0
Porumb boabe,din care: Exploatatii agricole individuale,Tulcea,2014,Kilograme,4277.0
Porumb boabe,Sector privat,Caras-Severin,2014,Kilograme,3854.0
Porumb boabe,Sector privat,Brasov,2014,Kilograme,4757.0
Porumb boabe,din care: Exploatatii agricole individuale,Mehedinti,2014,Kilograme,3709.0
Porumb boabe,din care: Exploatatii agricole individuale,Vaslui,2014,Kilograme,4059.0
Porumb boabe,Sector privat,Vaslui,2014,Kilograme,4151.0
Porumb boabe,Sector privat,Ilfov,2014,Kilograme,5352.0
Porumb boabe,din care: Exploatatii agricole individuale,Covasna,2014,Kilograme,5453.0
Porumb boabe,din care: Exploatatii agricole individuale,Alba,2014,Kilograme,5844.0
Porumb boabe,Sector privat,Covasna,2014,Kilograme,5499.0
Porumb boabe,din care: Exploatatii agricole individuale,Gorj,2014,Kilograme,3701.0
Porumb boabe,Sector privat,Cluj,2014,Kilograme,5046.0
Porumb boabe,din care: Exploatatii agricole individuale,Alba,2015,Kilograme,4679.0
Porumb boabe,din care: Exploatatii agricole individuale,Satu Mare,2015,Kilograme,3477.0
Porumb boabe,Sector privat,Hunedoara,2015,Kilograme,3309.0
Porumb boabe,Sector privat,Vrancea,2015,Kilograme,2784.0
Porumb boabe,Sector privat,Buzau,2015,Kilograme,3585.0
Porumb boabe,Sector privat,Galati,2015,Kilograme,2464.0
Porumb boabe,Sector privat,Bihor,2015,Kilograme,3106.0
Porumb boabe,din care: Exploatatii agricole individuale,Timis,2015,Kilograme,3200.0
Porumb boabe,din care: Exploatatii agricole individuale,Brasov,2015,Kilograme,2854.0
Porumb boabe,din care: Exploatatii agricole individuale,Harghita,2015,Kilograme,2947.0
Porumb boabe,din care: Exploatatii agricole individuale,Prahova,2015,Kilograme,2733.0
Porumb boabe,Sector privat,Arges,2015,Kilograme,3002.0
Porumb boabe,Sector privat,Timis,2015,Kilograme,4000.0
Porumb boabe,Sector privat,Harghita,2015,Kilograme,2966.0
Porumb boabe,Sector privat,Bistrita-Nasaud,2015,Kilograme,2519.0
Porumb boabe,Sector privat,Dolj,2015,Kilograme,3467.0
Porumb boabe,din care: Exploatatii agricole individuale,Botosani,2015,Kilograme,3509.0
Porumb boabe,Sector privat,Mures,2015,Kilograme,3856.0
Porumb boabe,Sector privat,Ilfov,2015,Kilograme,4275.0
Porumb boabe,din care: Exploatatii agricole individuale,Braila,2015,Kilograme,3793.0
Porumb boabe,din care: Exploatatii agricole individuale,Buzau,2015,Kilograme,3005.0
Porumb boabe,Sector privat,Braila,2015,Kilograme,4813.0
Porumb boabe,din care: Exploatatii agricole individuale,Bihor,2015,Kilograme,2969.0
Porumb boabe,Sector privat,Gorj,2015,Kilograme,2531.0
Porumb boabe,Sector privat,Cluj,2015,Kilograme,3244.0
Porumb boabe,din care: Exploatatii agricole individuale,Constanta,2015,Kilograme,2387.0
Porumb boabe,din care: Exploatatii agricole individuale,Dambovita,2015,Kilograme,3012.0
Porumb boabe,din care: Exploatatii agricole individuale,Olt,2015,Kilograme,2836.0
Porumb boabe,Sector privat,Dambovita,2015,Kilograme,2982.0
Porumb boabe,Sector privat,Suceava,2015,Kilograme,2355.0
Porumb boabe,Sector privat,Sibiu,2015,Kilograme,3444.0
Porumb boabe,din care: Exploatatii agricole individuale,Galati,2015,Kilograme,2204.0
Porumb boabe,din care: Exploatatii agricole individuale,Bistrita-Nasaud,2015,Kilograme,2398.0
Porumb boabe,Sector privat,Mehedinti,2015,Kilograme,2808.0
Porumb boabe,Sector privat,Maramures,2015,Kilograme,2726.0
Porumb boabe,Sector privat,Giurgiu,2015,Kilograme,3800.0
Porumb boabe,Sector privat,Bacau,2015,Kilograme,3307.0
Porumb boabe,din care: Exploatatii agricole individuale,Neamt,2015,Kilograme,4221.0
Porumb boabe,din care: Exploatatii agricole individuale,Ilfov,2015,Kilograme,3633.0
Porumb boabe,din care: Exploatatii agricole individuale,Suceava,2015,Kilograme,2230.0
Porumb boabe,Sector privat,Tulcea,2015,Kilograme,3066.0
Porumb boabe,din care: Exploatatii agricole individuale,Sibiu,2015,Kilograme,3176.0
Porumb boabe,din care: Exploatatii agricole individuale,Cluj,2015,Kilograme,2789.0
Porumb boabe,Sector privat,Olt,2015,Kilograme,2965.0
Porumb boabe,din care: Exploatatii agricole individuale,Calarasi,2015,Kilograme,3982.0
Porumb boabe,din care: Exploatatii agricole individuale,Mures,2015,Kilograme,3661.0
Porumb boabe,Sector privat,Satu Mare,2015,Kilograme,3501.0
Porumb boabe,Sector privat,Ialomita,2015,Kilograme,5274.0
Porumb boabe,din care: Exploatatii agricole individuale,Giurgiu,2015,Kilograme,3252.0
Porumb boabe,din care: Exploatatii agricole individuale,Iasi,2015,Kilograme,2951.0
Porumb boabe,Sector privat,Botosani,2015,Kilograme,3461.0
Porumb boabe,din care: Exploatatii agricole individuale,Ialomita,2015,Kilograme,4358.0
Porumb boabe,din care: Exploatatii agricole individuale,Maramures,2015,Kilograme,2703.0
Porumb boabe,din care: Exploatatii agricole individuale,Arges,2015,Kilograme,2724.0
Porumb boabe,Sector privat,Valcea,2015,Kilograme,2647.0
Porumb boabe,Sector privat,Salaj,2015,Kilograme,3045.0
Porumb boabe,Sector privat,Prahova,2015,Kilograme,3418.0
Porumb boabe,din care: Exploatatii agricole individuale,Caras-Severin,2015,Kilograme,2624.0
Porumb boabe,din care: Exploatatii agricole individuale,Vaslui,2015,Kilograme,2807.0
Porumb boabe,Sector privat,Constanta,2015,Kilograme,2895.0
Porumb boabe,din care: Exploatatii agricole individuale,Arad,2015,Kilograme,3482.0
Porumb boabe,din care: Exploatatii agricole individuale,Vrancea,2015,Kilograme,2923.0
Porumb boabe,Sector privat,Covasna,2015,Kilograme,3973.0
Porumb boabe,din care: Exploatatii agricole individuale,Bacau,2015,Kilograme,3288.0
Porumb boabe,Sector privat,Iasi,2015,Kilograme,2893.0
Porumb boabe,Sector privat,Arad,2015,Kilograme,3589.0
Porumb boabe,Sector privat,Alba,2015,Kilograme,4870.0
Porumb boabe,din care: Exploatatii agricole individuale,Hunedoara,2015,Kilograme,3391.0
Porumb boabe,din care: Exploatatii agricole individuale,Dolj,2015,Kilograme,2977.0
Porumb boabe,Sector privat,Teleorman,2015,Kilograme,3098.0
Porumb boabe,Sector privat,Neamt,2015,Kilograme,4128.0
Porumb boabe,Sector privat,Brasov,2015,Kilograme,3417.0
Porumb boabe,din care: Exploatatii agricole individuale,Salaj,2015,Kilograme,2927.0
Porumb boabe,Sector privat,Caras-Severin,2015,Kilograme,2595.0
Porumb boabe,din care: Exploatatii agricole individuale,Tulcea,2015,Kilograme,2558.0
Porumb boabe,din care: Exploatatii agricole individuale,Mehedinti,2015,Kilograme,2835.0
Porumb boabe,din care: Exploatatii agricole individuale,Covasna,2015,Kilograme,3836.0
Porumb boabe,din care: Exploatatii agricole individuale,Teleorman,2015,Kilograme,2950.0
Porumb boabe,Sector privat,Vaslui,2015,Kilograme,2644.0
Porumb boabe,din care: Exploatatii agricole individuale,Valcea,2015,Kilograme,2648.0
Porumb boabe,din care: Exploatatii agricole individuale,Gorj,2015,Kilograme,2535.0
Porumb boabe,Sector privat,Calarasi,2015,Kilograme,5348.0
Porumb boabe,din care: Exploatatii agricole individuale,Mehedinti,2016,Kilograme,3499.0
Porumb boabe,din care: Exploatatii agricole individuale,Bacau,2016,Kilograme,4124.0
Porumb boabe,Sector privat,Covasna,2016,Kilograme,4127.0
Porumb boabe,Sector privat,Vrancea,2016,Kilograme,3385.0
Porumb boabe,Sector privat,Bihor,2016,Kilograme,4219.0
Porumb boabe,Sector privat,Galati,2016,Kilograme,3272.0
Porumb boabe,Sector privat,Buzau,2016,Kilograme,4089.0
Porumb boabe,din care: Exploatatii agricole individuale,Brasov,2016,Kilograme,3462.0
Porumb boabe,din care: Exploatatii agricole individuale,Prahova,2016,Kilograme,3440.0
Porumb boabe,Sector privat,Timis,2016,Kilograme,6500.0
Porumb boabe,Sector privat,Arges,2016,Kilograme,3017.0
Porumb boabe,Sector privat,Harghita,2016,Kilograme,3507.0
Porumb boabe,din care: Exploatatii agricole individuale,Timis,2016,Kilograme,3844.0
Porumb boabe,din care: Exploatatii agricole individuale,Harghita,2016,Kilograme,3555.0
Porumb boabe,Sector privat,Bistrita-Nasaud,2016,Kilograme,3060.0
Porumb boabe,Sector privat,Dolj,2016,Kilograme,4027.0
Porumb boabe,din care: Exploatatii agricole individuale,Caras-Severin,2016,Kilograme,4191.0
Porumb boabe,din care: Exploatatii agricole individuale,Botosani,2016,Kilograme,3118.0
Porumb boabe,din care: Exploatatii agricole individuale,Alba,2016,Kilograme,5610.0
Porumb boabe,din care: Exploatatii agricole individuale,Braila,2016,Kilograme,4550.0
Porumb boabe,din care: Exploatatii agricole individuale,Buzau,2016,Kilograme,3920.0
Porumb boabe,Sector privat,Hunedoara,2016,Kilograme,2404.0
Porumb boabe,din care: Exploatatii agricole individuale,Bihor,2016,Kilograme,4323.0
Porumb boabe,Sector privat,Calarasi,2016,Kilograme,5201.0
Porumb boabe,din care: Exploatatii agricole individuale,Valcea,2016,Kilograme,3718.0
Porumb boabe,Sector privat,Gorj,2016,Kilograme,3062.0
Porumb boabe,Sector privat,Braila,2016,Kilograme,5758.0
Porumb boabe,Sector privat,Cluj,2016,Kilograme,4663.0
Porumb boabe,din care: Exploatatii agricole individuale,Dambovita,2016,Kilograme,2900.0
Porumb boabe,din care: Exploatatii agricole individuale,Constanta,2016,Kilograme,3067.0
Porumb boabe,Sector privat,Dambovita,2016,Kilograme,2890.0
Porumb boabe,Sector privat,Suceava,2016,Kilograme,3153.0
Porumb boabe,Sector privat,Sibiu,2016,Kilograme,4084.0
Porumb boabe,din care: Exploatatii agricole individuale,Bistrita-Nasaud,2016,Kilograme,3000.0
Porumb boabe,din care: Exploatatii agricole individuale,Galati,2016,Kilograme,3054.0
Porumb boabe,Sector privat,Mehedinti,2016,Kilograme,3519.0
Porumb boabe,Sector privat,Maramures,2016,Kilograme,3527.0
Porumb boabe,Sector privat,Giurgiu,2016,Kilograme,3681.0
Porumb boabe,Sector privat,Bacau,2016,Kilograme,4185.0
Porumb boabe,din care: Exploatatii agricole individuale,Ilfov,2016,Kilograme,4219.0
Porumb boabe,din care: Exploatatii agricole individuale,Suceava,2016,Kilograme,3031.0
Porumb boabe,Sector privat,Tulcea,2016,Kilograme,3232.0
Porumb boabe,din care: Exploatatii agricole individuale,Olt,2016,Kilograme,2879.0
Porumb boabe,din care: Exploatatii agricole individuale,Cluj,2016,Kilograme,4316.0
Porumb boabe,din care: Exploatatii agricole individuale,Sibiu,2016,Kilograme,3821.0
Porumb boabe,Sector privat,Olt,2016,Kilograme,2905.0
Porumb boabe,din care: Exploatatii agricole individuale,Calarasi,2016,Kilograme,4757.0
Porumb boabe,din care: Exploatatii agricole individuale,Mures,2016,Kilograme,4410.0
Porumb boabe,Sector privat,Satu Mare,2016,Kilograme,4817.0
Porumb boabe,Sector privat,Ialomita,2016,Kilograme,5717.0
Porumb boabe,din care: Exploatatii agricole individuale,Giurgiu,2016,Kilograme,3563.0
Porumb boabe,din care: Exploatatii agricole individuale,Maramures,2016,Kilograme,3430.0
Porumb boabe,Sector privat,Botosani,2016,Kilograme,3126.0
Porumb boabe,din care: Exploatatii agricole individuale,Ialomita,2016,Kilograme,4920.0
Porumb boabe,din care: Exploatatii agricole individuale,Iasi,2016,Kilograme,3526.0
Porumb boabe,Sector privat,Valcea,2016,Kilograme,3716.0
Porumb boabe,din care: Exploatatii agricole individuale,Arges,2016,Kilograme,3273.0
Porumb boabe,Sector privat,Salaj,2016,Kilograme,3733.0
Porumb boabe,Sector privat,Prahova,2016,Kilograme,3852.0
Porumb boabe,din care: Exploatatii agricole individuale,Teleorman,2016,Kilograme,3687.0
Porumb boabe,Sector privat,Iasi,2016,Kilograme,3634.0
Porumb boabe,din care: Exploatatii agricole individuale,Vaslui,2016,Kilograme,2572.0
Porumb boabe,Sector privat,Ilfov,2016,Kilograme,4320.0
Porumb boabe,din care: Exploatatii agricole individuale,Vrancea,2016,Kilograme,3444.0
Porumb boabe,din care: Exploatatii agricole individuale,Covasna,2016,Kilograme,3716.0
Porumb boabe,Sector privat,Arad,2016,Kilograme,5403.0
Porumb boabe,Sector privat,Alba,2016,Kilograme,5935.0
Porumb boabe,din care: Exploatatii agricole individuale,Hunedoara,2016,Kilograme,2032.0
Porumb boabe,din care: Exploatatii agricole individuale,Dolj,2016,Kilograme,3681.0
Porumb boabe,Sector privat,Teleorman,2016,Kilograme,3631.0
Porumb boabe,din care: Exploatatii agricole individuale,Arad,2016,Kilograme,4889.0
Porumb boabe,Sector privat,Neamt,2016,Kilograme,5356.0
Porumb boabe,din care: Exploatatii agricole individuale,Tulcea,2016,Kilograme,2930.0
Porumb boabe,din care: Exploatatii agricole individuale,Salaj,2016,Kilograme,3591.0
Porumb boabe,din care: Exploatatii agricole individuale,Neamt,2016,Kilograme,5155.0
Porumb boabe,Sector privat,Caras-Severin,2016,Kilograme,4235.0
Porumb boabe,Sector privat,Brasov,2016,Kilograme,3839.0
Porumb boabe,Sector privat,Constanta,2016,Kilograme,3191.0
Porumb boabe,Sector privat,Vaslui,2016,Kilograme,2553.0
Porumb boabe,din care: Exploatatii agricole individuale,Satu Mare,2016,Kilograme,4542.0
Porumb boabe,din care: Exploatatii agricole individuale,Gorj,2016,Kilograme,3054.0
Porumb boabe,Sector privat,Mures,2016,Kilograme,4565.0
Porumb boabe,din care: Exploatatii agricole individuale,Mehedinti,2017,Kilograme,6601.0
Porumb boabe,din care: Exploatatii agricole individuale,Satu Mare,2017,Kilograme,6624.0
Porumb boabe,din care: Exploatatii agricole individuale,Gorj,2017,Kilograme,6186.0
Porumb boabe,Sector privat,Hunedoara,2017,Kilograme,4185.0
Porumb boabe,Sector privat,Covasna,2017,Kilograme,5604.0
Porumb boabe,Sector privat,Vrancea,2017,Kilograme,5616.0
Porumb boabe,Sector privat,Galati,2017,Kilograme,4672.0
Porumb boabe,Sector privat,Bihor,2017,Kilograme,6119.0
Porumb boabe,din care: Exploatatii agricole individuale,Vaslui,2017,Kilograme,5431.0
Porumb boabe,Sector privat,Municipiul Bucuresti,2017,Kilograme,5250.0
Porumb boabe,din care: Exploatatii agricole individuale,Brasov,2017,Kilograme,4652.0
Porumb boabe,din care: Exploatatii agricole individuale,Covasna,2017,Kilograme,5661.0
Porumb boabe,Sector privat,Buzau,2017,Kilograme,6064.0
Porumb boabe,Sector privat,Timis,2017,Kilograme,5200.0
Porumb boabe,Sector privat,Harghita,2017,Kilograme,4527.0
Porumb boabe,Sector privat,Arges,2017,Kilograme,5430.0
Porumb boabe,din care: Exploatatii agricole individuale,Timis,2017,Kilograme,5953.0
Porumb boabe,Sector privat,Dolj,2017,Kilograme,6862.0
Porumb boabe,din care: Exploatatii agricole individuale,Tulcea,2017,Kilograme,7084.0
Porumb boabe,Sector privat,Bistrita-Nasaud,2017,Kilograme,4537.0
Porumb boabe,din care: Exploatatii agricole individuale,Ilfov,2017,Kilograme,5861.0
Porumb boabe,Sector privat,Ilfov,2017,Kilograme,6179.0
Porumb boabe,din care: Exploatatii agricole individuale,Prahova,2017,Kilograme,5629.0
Porumb boabe,din care: Exploatatii agricole individuale,Botosani,2017,Kilograme,5281.0
Porumb boabe,din care: Exploatatii agricole individuale,Bihor,2017,Kilograme,6546.0
Porumb boabe,Sector privat,Calarasi,2017,Kilograme,7720.0
Porumb boabe,Sector privat,Mures,2017,Kilograme,5779.0
Porumb boabe,Sector privat,Gorj,2017,Kilograme,6158.0
Porumb boabe,din care: Exploatatii agricole individuale,Valcea,2017,Kilograme,6188.0
Porumb boabe,Sector privat,Cluj,2017,Kilograme,5102.0
Porumb boabe,Sector privat,Braila,2017,Kilograme,6889.0
Porumb boabe,din care: Exploatatii agricole individuale,Suceava,2017,Kilograme,5509.0
Porumb boabe,din care: Exploatatii agricole individuale,Dambovita,2017,Kilograme,4871.0
Porumb boabe,din care: Exploatatii agricole individuale,Municipiul Bucuresti,2017,Kilograme,5250.0
Porumb boabe,din care: Exploatatii agricole individuale,Constanta,2017,Kilograme,6213.0
Porumb boabe,Sector privat,Dambovita,2017,Kilograme,4817.0
Porumb boabe,Sector privat,Sibiu,2017,Kilograme,5789.0
Porumb boabe,Sector privat,Suceava,2017,Kilograme,5417.0
Porumb boabe,din care: Exploatatii agricole individuale,Galati,2017,Kilograme,4307.0
Porumb boabe,din care: Exploatatii agricole individuale,Bistrita-Nasaud,2017,Kilograme,4561.0
Porumb boabe,Sector privat,Mehedinti,2017,Kilograme,6498.0
Porumb boabe,din care: Exploatatii agricole individuale,Buzau,2017,Kilograme,5536.0
Porumb boabe,din care: Exploatatii agricole individuale,Harghita,2017,Kilograme,4496.0
Porumb boabe,Sector privat,Maramures,2017,Kilograme,6124.0
Porumb boabe,din care: Exploatatii agricole individuale,Neamt,2017,Kilograme,7792.0
Porumb boabe,Sector privat,Giurgiu,2017,Kilograme,6682.0
Porumb boabe,Sector privat,Bacau,2017,Kilograme,5339.0
Porumb boabe,din care: Exploatatii agricole individuale,Cluj,2017,Kilograme,5100.0
Porumb boabe,Sector privat,Tulcea,2017,Kilograme,6347.0
Porumb boabe,Sector privat,Olt,2017,Kilograme,6204.0
Porumb boabe,din care: Exploatatii agricole individuale,Mures,2017,Kilograme,5807.0
Porumb boabe,din care: Exploatatii agricole individuale,Olt,2017,Kilograme,6521.0
Porumb boabe,din care: Exploatatii agricole individuale,Giurgiu,2017,Kilograme,6757.0
Porumb boabe,Sector privat,Satu Mare,2017,Kilograme,6497.0
Porumb boabe,din care: Exploatatii agricole individuale,Sibiu,2017,Kilograme,5808.0
Porumb boabe,Sector privat,Ialomita,2017,Kilograme,8369.0
Porumb boabe,din care: Exploatatii agricole individuale,Maramures,2017,Kilograme,6131.0
Porumb boabe,Sector privat,Constanta,2017,Kilograme,5789.0
Porumb boabe,Sector privat,Botosani,2017,Kilograme,5201.0
Porumb boabe,Sector privat,Valcea,2017,Kilograme,6173.0
Porumb boabe,din care: Exploatatii agricole individuale,Iasi,2017,Kilograme,5540.0
Porumb boabe,Sector privat,Brasov,2017,Kilograme,5101.0
Porumb boabe,Sector privat,Salaj,2017,Kilograme,5617.0
Porumb boabe,din care: Exploatatii agricole individuale,Ialomita,2017,Kilograme,7846.0
Porumb boabe,din care: Exploatatii agricole individuale,Alba,2017,Kilograme,5800.0
Porumb boabe,Sector privat,Prahova,2017,Kilograme,5810.0
Porumb boabe,din care: Exploatatii agricole individuale,Calarasi,2017,Kilograme,5640.0
Porumb boabe,din care: Exploatatii agricole individuale,Bacau,2017,Kilograme,5343.0
Porumb boabe,Sector privat,Arad,2017,Kilograme,6034.0
Porumb boabe,Sector privat,Iasi,2017,Kilograme,5332.0
Porumb boabe,Sector privat,Alba,2017,Kilograme,5984.0
Porumb boabe,din care: Exploatatii agricole individuale,Braila,2017,Kilograme,6151.0
Porumb boabe,din care: Exploatatii agricole individuale,Hunedoara,2017,Kilograme,4233.0
Porumb boabe,din care: Exploatatii agricole individuale,Dolj,2017,Kilograme,7197.0
Porumb boabe,din care: Exploatatii agricole individuale,Vrancea,2017,Kilograme,5925.0
Porumb boabe,Sector privat,Teleorman,2017,Kilograme,6239.0
Porumb boabe,Sector privat,Neamt,2017,Kilograme,7859.0
Porumb boabe,din care: Exploatatii agricole individuale,Salaj,2017,Kilograme,5696.0
Porumb boabe,Sector privat,Caras-Severin,2017,Kilograme,3205.0
Porumb boabe,din care: Exploatatii agricole individuale,Arad,2017,Kilograme,6585.0
Porumb boabe,din care: Exploatatii agricole individuale,Caras-Severin,2017,Kilograme,3200.0
Porumb boabe,din care: Exploatatii agricole individuale,Arges,2017,Kilograme,5834.0
Porumb boabe,din care: Exploatatii agricole individuale,Teleorman,2017,Kilograme,6268.0
Porumb boabe,Sector privat,Vaslui,2017,Kilograme,5267.0
Porumb boabe,din care: Exploatatii agricole individuale,Mehedinti,2018,Kilograme,6903.0
Porumb boabe,Sector privat,Prahova,2018,Kilograme,6507.0
Porumb boabe,din care: Exploatatii agricole individuale,Alba,2018,Kilograme,6613.0
Porumb boabe,Sector privat,Ilfov,2018,Kilograme,7618.0
Porumb boabe,din care: Exploatatii agricole individuale,Gorj,2018,Kilograme,6871.0
Porumb boabe,Sector privat,Vrancea,2018,Kilograme,6782.0
Porumb boabe,Sector privat,Covasna,2018,Kilograme,6839.0
Porumb boabe,Sector privat,Hunedoara,2018,Kilograme,6812.0
Porumb boabe,Sector privat,Bihor,2018,Kilograme,7505.0
Porumb boabe,Sector privat,Galati,2018,Kilograme,6614.0
Porumb boabe,din care: Exploatatii agricole individuale,Vaslui,2018,Kilograme,5603.0
Porumb boabe,din care: Exploatatii agricole individuale,Brasov,2018,Kilograme,5036.0
Porumb boabe,Sector privat,Buzau,2018,Kilograme,8542.0
Porumb boabe,din care: Exploatatii agricole individuale,Covasna,2018,Kilograme,6505.0
Porumb boabe,din care: Exploatatii agricole individuale,Giurgiu,2018,Kilograme,7791.0
Porumb boabe,Sector privat,Arges,2018,Kilograme,7560.0
Porumb boabe,Sector privat,Harghita,2018,Kilograme,6694.0
Porumb boabe,Sector privat,Timis,2018,Kilograme,9425.0
Porumb boabe,Sector privat,Dolj,2018,Kilograme,7794.0
Porumb boabe,din care: Exploatatii agricole individuale,Timis,2018,Kilograme,8841.0
Porumb boabe,din care: Exploatatii agricole individuale,Teleorman,2018,Kilograme,6747.0
Porumb boabe,din care: Exploatatii agricole individuale,Tulcea,2018,Kilograme,7694.0
Porumb boabe,din care: Exploatatii agricole individuale,Ilfov,2018,Kilograme,5968.0
Porumb boabe,Sector privat,Vaslui,2018,Kilograme,6146.0
Porumb boabe,Sector privat,Calarasi,2018,Kilograme,9037.0
Porumb boabe,din care: Exploatatii agricole individuale,Prahova,2018,Kilograme,6485.0
Porumb boabe,Sector privat,Mures,2018,Kilograme,7283.0
Porumb boabe,din care: Exploatatii agricole individuale,Bihor,2018,Kilograme,6725.0
Porumb boabe,din care: Exploatatii agricole individuale,Botosani,2018,Kilograme,6861.0
Porumb boabe,Sector privat,Gorj,2018,Kilograme,6872.0
Porumb boabe,Sector privat,Cluj,2018,Kilograme,8040.0
Porumb boabe,din care: Exploatatii agricole individuale,Dambovita,2018,Kilograme,5260.0
Porumb boabe,din care: Exploatatii agricole individuale,Suceava,2018,Kilograme,7190.0
Porumb boabe,Sector privat,Dambovita,2018,Kilograme,5720.0
Porumb boabe,din care: Exploatatii agricole individuale,Constanta,2018,Kilograme,7489.0
Porumb boabe,Sector privat,Braila,2018,Kilograme,8978.0
Porumb boabe,Sector privat,Sibiu,2018,Kilograme,6257.0
Porumb boabe,Sector privat,Suceava,2018,Kilograme,7337.0
Porumb boabe,din care: Exploatatii agricole individuale,Galati,2018,Kilograme,5499.0
Porumb boabe,din care: Exploatatii agricole individuale,Bistrita-Nasaud,2018,Kilograme,5465.0
Porumb boabe,Sector privat,Mehedinti,2018,Kilograme,6961.0
Porumb boabe,din care: Exploatatii agricole individuale,Buzau,2018,Kilograme,7850.0
Porumb boabe,Sector privat,Maramures,2018,Kilograme,6181.0
Porumb boabe,din care: Exploatatii agricole individuale,Harghita,2018,Kilograme,6693.0
Porumb boabe,Sector privat,Giurgiu,2018,Kilograme,8429.0
Porumb boabe,din care: Exploatatii agricole individuale,Cluj,2018,Kilograme,7804.0
Porumb boabe,Sector privat,Bacau,2018,Kilograme,7313.0
Porumb boabe,Sector privat,Tulcea,2018,Kilograme,8822.0
Porumb boabe,Sector privat,Olt,2018,Kilograme,7694.0
Porumb boabe,din care: Exploatatii agricole individuale,Mures,2018,Kilograme,6996.0
Porumb boabe,din care: Exploatatii agricole individuale,Olt,2018,Kilograme,7482.0
Porumb boabe,Sector privat,Ialomita,2018,Kilograme,9256.0
Porumb boabe,Sector privat,Satu Mare,2018,Kilograme,7980.0
Porumb boabe,din care: Exploatatii agricole individuale,Valcea,2018,Kilograme,6854.0
Porumb boabe,din care: Exploatatii agricole individuale,Maramures,2018,Kilograme,6151.0
Porumb boabe,Sector privat,Valcea,2018,Kilograme,6860.0
Porumb boabe,Sector privat,Botosani,2018,Kilograme,7323.0
Porumb boabe,din care: Exploatatii agricole individuale,Iasi,2018,Kilograme,5633.0
Porumb boabe,din care: Exploatatii agricole individuale,Arges,2018,Kilograme,6936.0
Porumb boabe,Sector privat,Salaj,2018,Kilograme,6419.0
Porumb boabe,din care: Exploatatii agricole individuale,Sibiu,2018,Kilograme,5852.0
Porumb boabe,Sector privat,Brasov,2018,Kilograme,5946.0
Porumb boabe,din care: Exploatatii agricole individuale,Ialomita,2018,Kilograme,8053.0
Porumb boabe,din care: Exploatatii agricole individuale,Satu Mare,2018,Kilograme,7482.0
Porumb boabe,din care: Exploatatii agricole individuale,Bacau,2018,Kilograme,7017.0
Porumb boabe,din care: Exploatatii agricole individuale,Neamt,2018,Kilograme,7994.0
Porumb boabe,Sector privat,Iasi,2018,Kilograme,6504.0
Porumb boabe,din care: Exploatatii agricole individuale,Calarasi,2018,Kilograme,7065.0
Porumb boabe,Sector privat,Constanta,2018,Kilograme,8140.0
Porumb boabe,Sector privat,Arad,2018,Kilograme,7488.0
Porumb boabe,Sector privat,Alba,2018,Kilograme,7411.0
Porumb boabe,din care: Exploatatii agricole individuale,Braila,2018,Kilograme,7867.0
Porumb boabe,din care: Exploatatii agricole individuale,Hunedoara,2018,Kilograme,6280.0
Porumb boabe,din care: Exploatatii agricole individuale,Dolj,2018,Kilograme,7220.0
Porumb boabe,Sector privat,Teleorman,2018,Kilograme,7556.0
Porumb boabe,din care: Exploatatii agricole individuale,Vrancea,2018,Kilograme,5942.0
Porumb boabe,Sector privat,Neamt,2018,Kilograme,8630.0
Porumb boabe,Sector privat,Caras-Severin,2018,Kilograme,5868.0
Porumb boabe,din care: Exploatatii agricole individuale,Salaj,2018,Kilograme,6197.0
Porumb boabe,din care: Exploatatii agricole individuale,Arad,2018,Kilograme,6877.0
Porumb boabe,Sector privat,Bistrita-Nasaud,2018,Kilograme,5655.0
Porumb boabe,din care: Exploatatii agricole individuale,Caras-Severin,2018,Kilograme,5257.0
Porumb boabe,din care: Exploatatii agricole individuale,Alba,2019,Kilograme,5582.0
Porumb boabe,din care: Exploatatii agricole individuale,Arad,2019,Kilograme,5843.0
Porumb boabe,Sector privat,Covasna,2019,Kilograme,6256.0
Porumb boabe,din care: Exploatatii agricole individuale,Gorj,2019,Kilograme,4661.0
Porumb boabe,Sector privat,Hunedoara,2019,Kilograme,6041.0
Porumb boabe,din care: Exploatatii agricole individuale,Mures,2019,Kilograme,6993.0
Porumb boabe,Sector privat,Vrancea,2019,Kilograme,4609.0
Porumb boabe,din care: Exploatatii agricole individuale,Mehedinti,2019,Kilograme,5955.0
Porumb boabe,Sector privat,Suceava,2019,Kilograme,5652.0
Porumb boabe,Sector privat,Bihor,2019,Kilograme,7520.0
Porumb boabe,din care: Exploatatii agricole individuale,Vaslui,2019,Kilograme,4250.0
Porumb boabe,din care: Exploatatii agricole individuale,Brasov,2019,Kilograme,4826.0
Porumb boabe,Sector privat,Harghita,2019,Kilograme,5635.0
Porumb boabe,din care: Exploatatii agricole individuale,Giurgiu,2019,Kilograme,6068.0
Porumb boabe,Sector privat,Arges,2019,Kilograme,4898.0
Porumb boabe,Sector privat,Timis,2019,Kilograme,10441.0
Porumb boabe,din care: Exploatatii agricole individuale,Timis,2019,Kilograme,8877.0
Porumb boabe,Sector privat,Dolj,2019,Kilograme,6333.0
Porumb boabe,Sector privat,Galati,2019,Kilograme,4832.0
Porumb boabe,Sector privat,Bistrita-Nasaud,2019,Kilograme,5189.0
Porumb boabe,din care: Exploatatii agricole individuale,Ilfov,2019,Kilograme,5783.0
Porumb boabe,Sector privat,Prahova,2019,Kilograme,5472.0
Porumb boabe,Sector privat,Calarasi,2019,Kilograme,7862.0
Porumb boabe,Sector privat,Mures,2019,Kilograme,6981.0
Porumb boabe,din care: Exploatatii agricole individuale,Prahova,2019,Kilograme,4421.0
Porumb boabe,din care: Exploatatii agricole individuale,Botosani,2019,Kilograme,6036.0
Porumb boabe,Sector privat,Gorj,2019,Kilograme,4673.0
Porumb boabe,din care: Exploatatii agricole individuale,Bihor,2019,Kilograme,6291.0
Porumb boabe,din care: Exploatatii agricole individuale,Dambovita,2019,Kilograme,4400.0
Porumb boabe,Sector privat,Cluj,2019,Kilograme,6103.0
Porumb boabe,Sector privat,Dambovita,2019,Kilograme,4526.0
Porumb boabe,din care: Exploatatii agricole individuale,Constanta,2019,Kilograme,5982.0
Porumb boabe,Sector privat,Sibiu,2019,Kilograme,5452.0
Porumb boabe,Sector privat,Braila,2019,Kilograme,7616.0
Porumb boabe,din care: Exploatatii agricole individuale,Galati,2019,Kilograme,4784.0
Porumb boabe,Sector privat,Constanta,2019,Kilograme,5636.0
Porumb boabe,din care: Exploatatii agricole individuale,Bistrita-Nasaud,2019,Kilograme,5257.0
Porumb boabe,Sector privat,Mehedinti,2019,Kilograme,5961.0
Porumb boabe,din care: Exploatatii agricole individuale,Harghita,2019,Kilograme,5637.0
Porumb boabe,Sector privat,Maramures,2019,Kilograme,4751.0
Porumb boabe,din care: Exploatatii agricole individuale,Buzau,2019,Kilograme,6252.0
Porumb boabe,Sector privat,Giurgiu,2019,Kilograme,6896.0
Porumb boabe,Sector privat,Bacau,2019,Kilograme,5933.0
Porumb boabe,din care: Exploatatii agricole individuale,Cluj,2019,Kilograme,5985.0
Porumb boabe,Sector privat,Buzau,2019,Kilograme,7379.0
Porumb boabe,Sector privat,Olt,2019,Kilograme,5270.0
Porumb boabe,Sector privat,Tulcea,2019,Kilograme,3575.0
Porumb boabe,din care: Exploatatii agricole individuale,Tulcea,2019,Kilograme,3545.0
Porumb boabe,Sector privat,Ialomita,2019,Kilograme,7442.0
Porumb boabe,Sector privat,Satu Mare,2019,Kilograme,7273.0
Porumb boabe,din care: Exploatatii agricole individuale,Sibiu,2019,Kilograme,5397.0
Porumb boabe,Sector privat,Botosani,2019,Kilograme,6047.0
Porumb boabe,din care: Exploatatii agricole individuale,Olt,2019,Kilograme,5157.0
Porumb boabe,din care: Exploatatii agricole individuale,Suceava,2019,Kilograme,5841.0
Porumb boabe,din care: Exploatatii agricole individuale,Iasi,2019,Kilograme,5342.0
Porumb boabe,din care: Exploatatii agricole individuale,Maramures,2019,Kilograme,4726.0
Porumb boabe,Sector privat,Valcea,2019,Kilograme,6227.0
Porumb boabe,din care: Exploatatii agricole individuale,Arges,2019,Kilograme,4882.0
Porumb boabe,din care: Exploatatii agricole individuale,Covasna,2019,Kilograme,6416.0
Porumb boabe,Sector privat,Salaj,2019,Kilograme,5390.0
Porumb boabe,din care: Exploatatii agricole individuale,Ialomita,2019,Kilograme,7447.0
Porumb boabe,din care: Exploatatii agricole individuale,Satu Mare,2019,Kilograme,7401.0
Porumb boabe,din care: Exploatatii agricole individuale,Caras-Severin,2019,Kilograme,4959.0
Porumb boabe,Sector privat,Iasi,2019,Kilograme,5476.0
Porumb boabe,din care: Exploatatii agricole individuale,Bacau,2019,Kilograme,5930.0
Porumb boabe,din care: Exploatatii agricole individuale,Valcea,2019,Kilograme,6234.0
Porumb boabe,din care: Exploatatii agricole individuale,Calarasi,2019,Kilograme,6704.0
Porumb boabe,Sector privat,Arad,2019,Kilograme,7113.0
Porumb boabe,din care: Exploatatii agricole individuale,Braila,2019,Kilograme,7109.0
Porumb boabe,Sector privat,Alba,2019,Kilograme,5861.0
Porumb boabe,Sector privat,Vaslui,2019,Kilograme,4277.0
Porumb boabe,din care: Exploatatii agricole individuale,Neamt,2019,Kilograme,7393.0
Porumb boabe,din care: Exploatatii agricole individuale,Hunedoara,2019,Kilograme,6115.0
Porumb boabe,din care: Exploatatii agricole individuale,Dolj,2019,Kilograme,5683.0
Porumb boabe,Sector privat,Teleorman,2019,Kilograme,7623.0
Porumb boabe,Sector privat,Neamt,2019,Kilograme,7876.0
Porumb boabe,Sector privat,Caras-Severin,2019,Kilograme,5049.0
Porumb boabe,din care: Exploatatii agricole individuale,Salaj,2019,Kilograme,5461.0
Porumb boabe,din care: Exploatatii agricole individuale,Teleorman,2019,Kilograme,5859.0
Porumb boabe,Sector privat,Brasov,2019,Kilograme,5303.0
Porumb boabe,din care: Exploatatii agricole individuale,Vrancea,2019,Kilograme,4599.0
Porumb boabe,Sector privat,Ilfov,2019,Kilograme,6311.0
Porumb boabe,Sector privat,Bihor,2020,Kilograme,6580.0
Porumb boabe,Sector privat,Suceava,2020,Kilograme,5033.0
Porumb boabe,din care: Exploatatii agricole individuale,Ilfov,2020,Kilograme,2841.0
Porumb boabe,Sector privat,Bistrita-Nasaud,2020,Kilograme,4472.0
Porumb boabe,din care: Exploatatii agricole individuale,Bihor,2020,Kilograme,6175.0
Porumb boabe,din care: Exploatatii agricole individuale,Gorj,2020,Kilograme,4541.0
Porumb boabe,Sector privat,Calarasi,2020,Kilograme,3022.0
Porumb boabe,din care: Exploatatii agricole individuale,Bistrita-Nasaud,2020,Kilograme,4485.0
Porumb boabe,Sector privat,Cluj,2020,Kilograme,5570.0
Porumb boabe,din care: Exploatatii agricole individuale,Buzau,2020,Kilograme,1833.0
Porumb boabe,din care: Exploatatii agricole individuale,Prahova,2020,Kilograme,2106.0
Porumb boabe,Sector privat,Dambovita,2020,Kilograme,3537.0
Porumb boabe,Sector privat,Buzau,2020,Kilograme,1970.0
Porumb boabe,din care: Exploatatii agricole individuale,Cluj,2020,Kilograme,5311.0
Porumb boabe,Sector privat,Maramures,2020,Kilograme,4154.0
Porumb boabe,din care: Exploatatii agricole individuale,Dambovita,2020,Kilograme,3440.0
Porumb boabe,Sector privat,Giurgiu,2020,Kilograme,4177.0
Porumb boabe,Sector privat,Satu Mare,2020,Kilograme,6805.0
Porumb boabe,din care: Exploatatii agricole individuale,Maramures,2020,Kilograme,4084.0
Porumb boabe,din care: Exploatatii agricole individuale,Bacau,2020,Kilograme,4052.0
Porumb boabe,Sector privat,Ialomita,2020,Kilograme,2377.0
Porumb boabe,din care: Exploatatii agricole individuale,Hunedoara,2020,Kilograme,4041.0
Porumb boabe,din care: Exploatatii agricole individuale,Teleorman,2020,Kilograme,3549.0
Porumb boabe,din care: Exploatatii agricole individuale,Satu Mare,2020,Kilograme,6593.0
Porumb boabe,Sector privat,Salaj,2020,Kilograme,5454.0
Porumb boabe,din care: Exploatatii agricole individuale,Arges,2020,Kilograme,2802.0
Porumb boabe,Sector privat,Prahova,2020,Kilograme,3797.0
Porumb boabe,din care: Exploatatii agricole individuale,Salaj,2020,Kilograme,5137.0
Porumb boabe,Sector privat,Alba,2020,Kilograme,6458.0
Porumb boabe,Sector privat,Teleorman,2020,Kilograme,4069.0
Porumb boabe,din care: Exploatatii agricole individuale,Mures,2020,Kilograme,6989.0
Porumb boabe,Sector privat,Brasov,2020,Kilograme,4275.0
Porumb boabe,din care: Exploatatii agricole individuale,Tulcea,2020,Kilograme,658.0
Porumb boabe,din care: Exploatatii agricole individuale,Alba,2020,Kilograme,6131.0
Porumb boabe,Sector privat,Ilfov,2020,Kilograme,3680.0
Porumb boabe,Sector privat,Covasna,2020,Kilograme,4285.0
Porumb boabe,din care: Exploatatii agricole individuale,Brasov,2020,Kilograme,4148.0
Porumb boabe,din care: Exploatatii agricole individuale,Vaslui,2020,Kilograme,1782.0
Porumb boabe,Sector privat,Galati,2020,Kilograme,1201.0
Porumb boabe,Sector privat,Dolj,2020,Kilograme,4799.0
Porumb boabe,Sector privat,Harghita,2020,Kilograme,4811.0
Porumb boabe,din care: Exploatatii agricole individuale,Botosani,2020,Kilograme,4398.0
Porumb boabe,din care: Exploatatii agricole individuale,Giurgiu,2020,Kilograme,3611.0
Porumb boabe,Sector privat,Gorj,2020,Kilograme,4560.0
Porumb boabe,Sector privat,Mures,2020,Kilograme,6993.0
Porumb boabe,din care: Exploatatii agricole individuale,Caras-Severin,2020,Kilograme,5400.0
Porumb boabe,Sector privat,Tulcea,2020,Kilograme,1298.0
Porumb boabe,Sector privat,Mehedinti,2020,Kilograme,5519.0
Porumb boabe,Sector privat,Sibiu,2020,Kilograme,5273.0
Porumb boabe,din care: Exploatatii agricole individuale,Constanta,2020,Kilograme,1608.0
Porumb boabe,din care: Exploatatii agricole individuale,Iasi,2020,Kilograme,1220.0
Porumb boabe,din care: Exploatatii agricole individuale,Galati,2020,Kilograme,1111.0
Porumb boabe,Sector privat,Olt,2020,Kilograme,3437.0
Porumb boabe,Sector privat,Bacau,2020,Kilograme,4123.0
Porumb boabe,din care: Exploatatii agricole individuale,Covasna,2020,Kilograme,4192.0
Porumb boabe,Sector privat,Braila,2020,Kilograme,3803.0
Porumb boabe,Sector privat,Valcea,2020,Kilograme,4126.0
Porumb boabe,Sector privat,Constanta,2020,Kilograme,1456.0
Porumb boabe,din care: Exploatatii agricole individuale,Harghita,2020,Kilograme,4803.0
Porumb boabe,Sector privat,Botosani,2020,Kilograme,4334.0
Porumb boabe,din care: Exploatatii agricole individuale,Ialomita,2020,Kilograme,1391.0
Porumb boabe,Sector privat,Iasi,2020,Kilograme,2298.0
Porumb boabe,din care: Exploatatii agricole individuale,Arad,2020,Kilograme,5380.0
Porumb boabe,Sector privat,Arad,2020,Kilograme,5506.0
Porumb boabe,din care: Exploatatii agricole individuale,Calarasi,2020,Kilograme,3197.0
Porumb boabe,Sector privat,Vaslui,2020,Kilograme,1847.0
Porumb boabe,din care: Exploatatii agricole individuale,Sibiu,2020,Kilograme,5026.0
Porumb boabe,Sector privat,Caras-Severin,2020,Kilograme,5357.0
Porumb boabe,din care: Exploatatii agricole individuale,Olt,2020,Kilograme,3378.0
Porumb boabe,din care: Exploatatii agricole individuale,Neamt,2020,Kilograme,4338.0
Porumb boabe,din care: Exploatatii agricole individuale,Mehedinti,2020,Kilograme,5487.0
Porumb boabe,din care: Exploatatii agricole individuale,Braila,2020,Kilograme,2418.0
Porumb boabe,din care: Exploatatii agricole individuale,Dolj,2020,Kilograme,3423.0
Porumb boabe,Sector privat,Neamt,2020,Kilograme,4478.0
Porumb boabe,Sector privat,Hunedoara,2020,Kilograme,4194.0
Porumb boabe,din care: Exploatatii agricole individuale,Timis,2020,Kilograme,6259.0
Porumb boabe,Sector privat,Vrancea,2020,Kilograme,1373.0
Porumb boabe,Sector privat,Timis,2020,Kilograme,6635.0
Porumb boabe,din care: Exploatatii agricole individuale,Valcea,2020,Kilograme,4127.0
Porumb boabe,din care: Exploatatii agricole individuale,Vrancea,2020,Kilograme,1367.0
Porumb boabe,din care: Exploatatii agricole individuale,Suceava,2020,Kilograme,5010.0
Porumb boabe,Sector privat,Arges,2020,Kilograme,2827.0
Porumb boabe,Sector privat,Hunedoara,2021,Kilograme,4472.0
Porumb boabe,Sector privat,Valcea,2021,Kilograme,4129.0
Porumb boabe,Sector privat,Suceava,2021,Kilograme,5086.0
Porumb boabe,din care: Exploatatii agricole individuale,Ialomita,2021,Kilograme,7693.0
Porumb boabe,Sector privat,Timis,2021,Kilograme,5930.0
Porumb boabe,din care: Exploatatii agricole individuale,Ilfov,2021,Kilograme,4250.0
Porumb boabe,Sector privat,Arges,2021,Kilograme,3933.0
Porumb boabe,Sector privat,Bistrita-Nasaud,2021,Kilograme,5265.0
Porumb boabe,din care: Exploatatii agricole individuale,Bihor,2021,Kilograme,5699.0
Porumb boabe,din care: Exploatatii agricole individuale,Gorj,2021,Kilograme,3578.0
Porumb boabe,Sector privat,Calarasi,2021,Kilograme,7568.0
Porumb boabe,din care: Exploatatii agricole individuale,Buzau,2021,Kilograme,5549.0
Porumb boabe,Sector privat,Cluj,2021,Kilograme,5804.0
Porumb boabe,din care: Exploatatii agricole individuale,Bistrita-Nasaud,2021,Kilograme,5177.0
Porumb boabe,din care: Exploatatii agricole individuale,Prahova,2021,Kilograme,3724.0
Porumb boabe,Sector privat,Dambovita,2021,Kilograme,3680.0
Porumb boabe,din care: Exploatatii agricole individuale,Cluj,2021,Kilograme,5447.0
Porumb boabe,Sector privat,Maramures,2021,Kilograme,4732.0
Porumb boabe,Sector privat,Giurgiu,2021,Kilograme,4976.0
Porumb boabe,din care: Exploatatii agricole individuale,Dambovita,2021,Kilograme,3674.0
Porumb boabe,Sector privat,Satu Mare,2021,Kilograme,6623.0
Porumb boabe,din care: Exploatatii agricole individuale,Maramures,2021,Kilograme,4679.0
Porumb boabe,Sector privat,Buzau,2021,Kilograme,6011.0
Porumb boabe,Sector privat,Bihor,2021,Kilograme,6300.0
Porumb boabe,din care: Exploatatii agricole individuale,Arges,2021,Kilograme,3994.0
Porumb boabe,Sector privat,Ialomita,2021,Kilograme,8394.0
Porumb boabe,din care: Exploatatii agricole individuale,Teleorman,2021,Kilograme,3677.0
Porumb boabe,din care: Exploatatii agricole individuale,Olt,2021,Kilograme,3592.0
Porumb boabe,din care: Exploatatii agricole individuale,Satu Mare,2021,Kilograme,6598.0
Porumb boabe,Sector privat,Prahova,2021,Kilograme,4893.0
Porumb boabe,Sector privat,Salaj,2021,Kilograme,5344.0
Porumb boabe,Sector privat,Alba,2021,Kilograme,6262.0
Porumb boabe,din care: Exploatatii agricole individuale,Salaj,2021,Kilograme,5469.0
Porumb boabe,din care: Exploatatii agricole individuale,Mures,2021,Kilograme,6608.0
Porumb boabe,Sector privat,Teleorman,2021,Kilograme,4230.0
Porumb boabe,Sector privat,Brasov,2021,Kilograme,5926.0
Porumb boabe,din care: Exploatatii agricole individuale,Arad,2021,Kilograme,5135.0
Porumb boabe,din care: Exploatatii agricole individuale,Tulcea,2021,Kilograme,3342.0
Porumb boabe,din care: Exploatatii agricole individuale,Alba,2021,Kilograme,6032.0
Porumb boabe,Sector privat,Ilfov,2021,Kilograme,5678.0
Porumb boabe,Sector privat,Covasna,2021,Kilograme,4458.0
Porumb boabe,din care: Exploatatii agricole individuale,Vaslui,2021,Kilograme,4847.0
Porumb boabe,din care: Exploatatii agricole individuale,Brasov,2021,Kilograme,6133.0
Porumb boabe,Sector privat,Galati,2021,Kilograme,7160.0
Porumb boabe,Sector privat,Dolj,2021,Kilograme,4485.0
Porumb boabe,din care: Exploatatii agricole individuale,Neamt,2021,Kilograme,4799.0
Porumb boabe,Sector privat,Harghita,2021,Kilograme,4907.0
Porumb boabe,din care: Exploatatii agricole individuale,Giurgiu,2021,Kilograme,4524.0
Porumb boabe,din care: Exploatatii agricole individuale,Botosani,2021,Kilograme,6269.0
Porumb boabe,Sector privat,Gorj,2021,Kilograme,3593.0
Porumb boabe,din care: Exploatatii agricole individuale,Caras-Severin,2021,Kilograme,4265.0
Porumb boabe,Sector privat,Mures,2021,Kilograme,6703.0
Porumb boabe,Sector privat,Mehedinti,2021,Kilograme,3399.0
Porumb boabe,Sector privat,Tulcea,2021,Kilograme,4119.0
Porumb boabe,Sector privat,Sibiu,2021,Kilograme,5560.0
Porumb boabe,din care: Exploatatii agricole individuale,Constanta,2021,Kilograme,4140.0
Porumb boabe,Sector privat,Olt,2021,Kilograme,3967.0
Porumb boabe,din care: Exploatatii agricole individuale,Iasi,2021,Kilograme,5273.0
Porumb boabe,Sector privat,Bacau,2021,Kilograme,5261.0
Porumb boabe,din care: Exploatatii agricole individuale,Galati,2021,Kilograme,5900.0
Porumb boabe,din care: Exploatatii agricole individuale,Covasna,2021,Kilograme,4338.0
Porumb boabe,din care: Exploatatii agricole individuale,Harghita,2021,Kilograme,4899.0
Porumb boabe,Sector privat,Vrancea,2021,Kilograme,5030.0
Porumb boabe,Sector privat,Botosani,2021,Kilograme,6360.0
Porumb boabe,din care: Exploatatii agricole individuale,Vrancea,2021,Kilograme,4556.0
Porumb boabe,din care: Exploatatii agricole individuale,Valcea,2021,Kilograme,4089.0
Porumb boabe,din care: Exploatatii agricole individuale,Hunedoara,2021,Kilograme,4177.0
Porumb boabe,din care: Exploatatii agricole individuale,Sibiu,2021,Kilograme,5115.0
Porumb boabe,Sector privat,Arad,2021,Kilograme,5211.0
Porumb boabe,Sector privat,Iasi,2021,Kilograme,5930.0
Porumb boabe,din care: Exploatatii agricole individuale,Calarasi,2021,Kilograme,6880.0
Porumb boabe,Sector privat,Vaslui,2021,Kilograme,5107.0
Porumb boabe,din care: Exploatatii agricole individuale,Braila,2021,Kilograme,6921.0
Porumb boabe,din care: Exploatatii agricole individuale,Mehedinti,2021,Kilograme,3400.0
Porumb boabe,din care: Exploatatii agricole individuale,Suceava,2021,Kilograme,5112.0
Porumb boabe,Sector privat,Caras-Severin,2021,Kilograme,4374.0
Porumb boabe,din care: Exploatatii agricole individuale,Dolj,2021,Kilograme,3539.0
Porumb boabe,Sector privat,Neamt,2021,Kilograme,6244.0
Porumb boabe,Sector privat,Constanta,2021,Kilograme,5236.0
Porumb boabe,Sector privat,Braila,2021,Kilograme,7533.0
Porumb boabe,din care: Exploatatii agricole individuale,Timis,2021,Kilograme,6025.0
Porumb boabe,din care: Exploatatii agricole individuale,Bacau,2021,Kilograme,4985.0
Porumb boabe,Sector privat,Hunedoara,2022,Kilograme,3785.0
Porumb boabe,Sector privat,Olt,2022,Kilograme,3686.0
Porumb boabe,din care: Exploatatii agricole individuale,Valcea,2022,Kilograme,3674.0
Porumb boabe,Sector privat,Buzau,2022,Kilograme,250.0
Porumb boabe,Sector privat,Bihor,2022,Kilograme,2934.0
Porumb boabe,Sector privat,Valcea,2022,Kilograme,3694.0
Porumb boabe,Sector privat,Timis,2022,Kilograme,2298.0
Porumb boabe,Sector privat,Arges,2022,Kilograme,3568.0
Porumb boabe,din care: Exploatatii agricole individuale,Ilfov,2022,Kilograme,2782.0
Porumb boabe,Sector privat,Bistrita-Nasaud,2022,Kilograme,5027.0
Porumb boabe,din care: Exploatatii agricole individuale,Gorj,2022,Kilograme,4105.0
Porumb boabe,din care: Exploatatii agricole individuale,Bihor,2022,Kilograme,2833.0
Porumb boabe,Sector privat,Suceava,2022,Kilograme,5492.0
Porumb boabe,Sector privat,Calarasi,2022,Kilograme,3765.0
Porumb boabe,din care: Exploatatii agricole individuale,Buzau,2022,Kilograme,248.0
Porumb boabe,din care: Exploatatii agricole individuale,Prahova,2022,Kilograme,3367.0
Porumb boabe,din care: Exploatatii agricole individuale,Bistrita-Nasaud,2022,Kilograme,4931.0
Porumb boabe,Sector privat,Dambovita,2022,Kilograme,3347.0
Porumb boabe,Sector privat,Cluj,2022,Kilograme,4187.0
Porumb boabe,din care: Exploatatii agricole individuale,Suceava,2022,Kilograme,5565.0
Porumb boabe,Sector privat,Maramures,2022,Kilograme,3648.0
Porumb boabe,din care: Exploatatii agricole individuale,Covasna,2022,Kilograme,4120.0
Porumb boabe,Sector privat,Giurgiu,2022,Kilograme,4728.0
Porumb boabe,din care: Exploatatii agricole individuale,Arges,2022,Kilograme,3681.0
Porumb boabe,Sector privat,Satu Mare,2022,Kilograme,2751.0
Porumb boabe,din care: Exploatatii agricole individuale,Constanta,2022,Kilograme,3771.0
Porumb boabe,din care: Exploatatii agricole individuale,Maramures,2022,Kilograme,3470.0
Porumb boabe,din care: Exploatatii agricole individuale,Dambovita,2022,Kilograme,3327.0
Porumb boabe,Sector privat,Ialomita,2022,Kilograme,4585.0
Porumb boabe,din care: Exploatatii agricole individuale,Olt,2022,Kilograme,3471.0
Porumb boabe,din care: Exploatatii agricole individuale,Tulcea,2022,Kilograme,1525.0
Porumb boabe,din care: Exploatatii agricole individuale,Satu Mare,2022,Kilograme,2697.0
Porumb boabe,Sector privat,Prahova,2022,Kilograme,3717.0
Porumb boabe,Sector privat,Salaj,2022,Kilograme,3755.0
Porumb boabe,din care: Exploatatii agricole individuale,Teleorman,2022,Kilograme,2089.0
Porumb boabe,Sector privat,Alba,2022,Kilograme,3821.0
Porumb boabe,din care: Exploatatii agricole individuale,Salaj,2022,Kilograme,3800.0
Porumb boabe,Sector privat,Teleorman,2022,Kilograme,2669.0
Porumb boabe,Sector privat,Brasov,2022,Kilograme,5061.0
Porumb boabe,din care: Exploatatii agricole individuale,Arad,2022,Kilograme,2808.0
Porumb boabe,din care: Exploatatii agricole individuale,Bacau,2022,Kilograme,2881.0
Porumb boabe,din care: Exploatatii agricole individuale,Alba,2022,Kilograme,3500.0
Porumb boabe,Sector privat,Ilfov,2022,Kilograme,3235.0
Porumb boabe,Sector privat,Covasna,2022,Kilograme,4289.0
Porumb boabe,din care: Exploatatii agricole individuale,Vaslui,2022,Kilograme,1287.0
Porumb boabe,Sector privat,Galati,2022,Kilograme,2205.0
Porumb boabe,din care: Exploatatii agricole individuale,Brasov,2022,Kilograme,4341.0
Porumb boabe,Sector privat,Dolj,2022,Kilograme,3917.0
Porumb boabe,din care: Exploatatii agricole individuale,Neamt,2022,Kilograme,3386.0
Porumb boabe,Sector privat,Harghita,2022,Kilograme,4668.0
Porumb boabe,din care: Exploatatii agricole individuale,Botosani,2022,Kilograme,3020.0
Porumb boabe,din care: Exploatatii agricole individuale,Giurgiu,2022,Kilograme,4335.0
Porumb boabe,Sector privat,Gorj,2022,Kilograme,4111.0
Porumb boabe,din care: Exploatatii agricole individuale,Caras-Severin,2022,Kilograme,3596.0
Porumb boabe,Sector privat,Mures,2022,Kilograme,6355.0
Porumb boabe,Sector privat,Tulcea,2022,Kilograme,2778.0
Porumb boabe,Sector privat,Mehedinti,2022,Kilograme,3404.0
Porumb boabe,din care: Exploatatii agricole individuale,Harghita,2022,Kilograme,4687.0
Porumb boabe,Sector privat,Sibiu,2022,Kilograme,4577.0
Porumb boabe,din care: Exploatatii agricole individuale,Sibiu,2022,Kilograme,4400.0
Porumb boabe,din care: Exploatatii agricole individuale,Mures,2022,Kilograme,6370.0
Porumb boabe,din care: Exploatatii agricole individuale,Galati,2022,Kilograme,3240.0
Porumb boabe,din care: Exploatatii agricole individuale,Ialomita,2022,Kilograme,3323.0
Porumb boabe,Sector privat,Bacau,2022,Kilograme,3185.0
Porumb boabe,din care: Exploatatii agricole individuale,Braila,2022,Kilograme,3540.0
Porumb boabe,Sector privat,Botosani,2022,Kilograme,3112.0
Porumb boabe,din care: Exploatatii agricole individuale,Vrancea,2022,Kilograme,575.0
Porumb boabe,Sector privat,Braila,2022,Kilograme,4846.0
Porumb boabe,din care: Exploatatii agricole individuale,Hunedoara,2022,Kilograme,3886.0
Porumb boabe,din care: Exploatatii agricole individuale,Iasi,2022,Kilograme,1176.0
Porumb boabe,Sector privat,Arad,2022,Kilograme,2839.0
Porumb boabe,din care: Exploatatii agricole individuale,Calarasi,2022,Kilograme,2846.0
Porumb boabe,Sector privat,Iasi,2022,Kilograme,1613.0
Porumb boabe,Sector privat,Vaslui,2022,Kilograme,1611.0
Porumb boabe,Sector privat,Constanta,2022,Kilograme,3787.0
Porumb boabe,din care: Exploatatii agricole individuale,Mehedinti,2022,Kilograme,3400.0
Porumb boabe,Sector privat,Caras-Severin,2022,Kilograme,3494.0
Porumb boabe,Sector privat,Neamt,2022,Kilograme,3966.0
Porumb boabe,din care: Exploatatii agricole individuale,Dolj,2022,Kilograme,3334.0
Porumb boabe,din care: Exploatatii agricole individuale,Timis,2022,Kilograme,2079.0
Porumb boabe,Sector privat,Vrancea,2022,Kilograme,618.0
Porumb boabe,din care: Exploatatii agricole individuale,Cluj,2022,Kilograme,4000.0
Porumb boabe,din care: Exploatatii agricole individuale,Vrancea,2023,Kilograme,2046.0
Porumb boabe,din care: Exploatatii agricole individuale,Galati,2023,Kilograme,1143.0
Porumb boabe,Sector privat,Vrancea,2023,Kilograme,2658.0
Porumb boabe,Sector privat,Hunedoara,2023,Kilograme,3856.0
Porumb boabe,din care: Exploatatii agricole individuale,Arges,2023,Kilograme,3786.0
Porumb boabe,din care: Exploatatii agricole individuale,Mures,2023,Kilograme,6500.0
Porumb boabe,din care: Exploatatii agricole individuale,Constanta,2023,Kilograme,2069.0
Porumb boabe,Sector privat,Bihor,2023,Kilograme,5243.0
Porumb boabe,din care: Exploatatii agricole individuale,Ilfov,2023,Kilograme,2313.0
Porumb boabe,Sector privat,Arges,2023,Kilograme,4103.0
Porumb boabe,din care: Exploatatii agricole individuale,Bihor,2023,Kilograme,3609.0
Porumb boabe,Sector privat,Bistrita-Nasaud,2023,Kilograme,4548.0
Porumb boabe,din care: Exploatatii agricole individuale,Gorj,2023,Kilograme,3789.0
Porumb boabe,Sector privat,Suceava,2023,Kilograme,6001.0
Porumb boabe,Sector privat,Calarasi,2023,Kilograme,2603.0
Porumb boabe,din care: Exploatatii agricole individuale,Bistrita-Nasaud,2023,Kilograme,4340.0
Porumb boabe,din care: Exploatatii agricole individuale,Buzau,2023,Kilograme,3245.0
Porumb boabe,din care: Exploatatii agricole individuale,Prahova,2023,Kilograme,3143.0
Porumb boabe,Sector privat,Cluj,2023,Kilograme,4011.0
Porumb boabe,Sector privat,Dambovita,2023,Kilograme,3675.0
Porumb boabe,din care: Exploatatii agricole individuale,Suceava,2023,Kilograme,5882.0
Porumb boabe,din care: Exploatatii agricole individuale,Ialomita,2023,Kilograme,2750.0
Porumb boabe,Sector privat,Maramures,2023,Kilograme,3005.0
Porumb boabe,Sector privat,Vaslui,2023,Kilograme,2078.0
Porumb boabe,Sector privat,Giurgiu,2023,Kilograme,4665.0
Porumb boabe,Sector privat,Timis,2023,Kilograme,7038.0
Porumb boabe,din care: Exploatatii agricole individuale,Maramures,2023,Kilograme,2747.0
Porumb boabe,Sector privat,Satu Mare,2023,Kilograme,4671.0
Porumb boabe,Sector privat,Buzau,2023,Kilograme,2903.0
Porumb boabe,Sector privat,Ialomita,2023,Kilograme,3884.0
Porumb boabe,din care: Exploatatii agricole individuale,Dambovita,2023,Kilograme,3500.0
Porumb boabe,din care: Exploatatii agricole individuale,Olt,2023,Kilograme,4157.0
Porumb boabe,din care: Exploatatii agricole individuale,Satu Mare,2023,Kilograme,3447.0
Porumb boabe,Sector privat,Salaj,2023,Kilograme,3711.0
Porumb boabe,Sector privat,Prahova,2023,Kilograme,4646.0
Porumb boabe,din care: Exploatatii agricole individuale,Teleorman,2023,Kilograme,2071.0
Porumb boabe,din care: Exploatatii agricole individuale,Salaj,2023,Kilograme,3522.0
Porumb boabe,din care: Exploatatii agricole individuale,Tulcea,2023,Kilograme,1474.0
Porumb boabe,Sector privat,Alba,2023,Kilograme,4301.0
Porumb boabe,Sector privat,Teleorman,2023,Kilograme,2463.0
Porumb boabe,din care: Exploatatii agricole individuale,Alba,2023,Kilograme,3164.0
Porumb boabe,din care: Exploatatii agricole individuale,Arad,2023,Kilograme,2221.0
Porumb boabe,din care: Exploatatii agricole individuale,Bacau,2023,Kilograme,3827.0
Porumb boabe,Sector privat,Brasov,2023,Kilograme,5167.0
Porumb boabe,Sector privat,Ilfov,2023,Kilograme,2704.0
Porumb boabe,din care: Exploatatii agricole individuale,Brasov,2023,Kilograme,4107.0
Porumb boabe,Sector privat,Municipiul Bucuresti,2023,Kilograme,0.0
Porumb boabe,Sector privat,Covasna,2023,Kilograme,4044.0
Porumb boabe,din care: Exploatatii agricole individuale,Vaslui,2023,Kilograme,1866.0
Porumb boabe,Sector privat,Galati,2023,Kilograme,1750.0
Porumb boabe,din care: Exploatatii agricole individuale,Neamt,2023,Kilograme,3263.0
Porumb boabe,Sector privat,Dolj,2023,Kilograme,4471.0
Porumb boabe,din care: Exploatatii agricole individuale,Giurgiu,2023,Kilograme,3940.0
Porumb boabe,Sector privat,Harghita,2023,Kilograme,4608.0
Porumb boabe,din care: Exploatatii agricole individuale,Botosani,2023,Kilograme,2975.0
Porumb boabe,din care: Exploatatii agricole individuale,Municipiul Bucuresti,2023,Kilograme,0.0
Porumb boabe,Sector privat,Gorj,2023,Kilograme,3794.0
Porumb boabe,Sector privat,Mures,2023,Kilograme,6656.0
Porumb boabe,din care: Exploatatii agricole individuale,Caras-Severin,2023,Kilograme,3236.0
Porumb boabe,Sector privat,Tulcea,2023,Kilograme,2083.0
Porumb boabe,din care: Exploatatii agricole individuale,Harghita,2023,Kilograme,4539.0
Porumb boabe,Sector privat,Mehedinti,2023,Kilograme,3956.0
Porumb boabe,Sector privat,Sibiu,2023,Kilograme,4609.0
Porumb boabe,din care: Exploatatii agricole individuale,Covasna,2023,Kilograme,3890.0
Porumb boabe,din care: Exploatatii agricole individuale,Timis,2023,Kilograme,6462.0
Porumb boabe,din care: Exploatatii agricole individuale,Braila,2023,Kilograme,3017.0
Porumb boabe,Sector privat,Olt,2023,Kilograme,4345.0
Porumb boabe,Sector privat,Bacau,2023,Kilograme,4330.0
Porumb boabe,din care: Exploatatii agricole individuale,Valcea,2023,Kilograme,4974.0
Porumb boabe,Sector privat,Botosani,2023,Kilograme,3779.0
Porumb boabe,din care: Exploatatii agricole individuale,Sibiu,2023,Kilograme,3585.0
Porumb boabe,Sector privat,Valcea,2023,Kilograme,4943.0
Porumb boabe,Sector privat,Braila,2023,Kilograme,5316.0
Porumb boabe,din care: Exploatatii agricole individuale,Hunedoara,2023,Kilograme,3141.0
Porumb boabe,din care: Exploatatii agricole individuale,Iasi,2023,Kilograme,1568.0
Porumb boabe,din care: Exploatatii agricole individuale,Calarasi,2023,Kilograme,1351.0
Porumb boabe,Sector privat,Arad,2023,Kilograme,3934.0
Porumb boabe,Sector privat,Iasi,2023,Kilograme,2881.0
Porumb boabe,din care: Exploatatii agricole individuale,Mehedinti,2023,Kilograme,3688.0
Porumb boabe,Sector privat,Constanta,2023,Kilograme,1320.0
Porumb boabe,din care: Exploatatii agricole individuale,Dolj,2023,Kilograme,3296.0
Porumb boabe,Sector privat,Caras-Severin,2023,Kilograme,3372.0
Porumb boabe,Sector privat,Neamt,2023,Kilograme,4266.0
Porumb boabe,din care: Exploatatii agricole individuale,Cluj,2023,Kilograme,3750.0
Porumb boabe,Sector privat,Vrancea,2024,Kilograme,598.0
Porumb boabe,Sector privat,Olt,2024,Kilograme,1212.0
Porumb boabe,din care: Exploatatii agricole individuale,Arges,2024,Kilograme,1984.0
Porumb boabe,Sector privat,Bacau,2024,Kilograme,3406.0
Porumb boabe,din care: Exploatatii agricole individuale,Constanta,2024,Kilograme,1460.0
Porumb boabe,Sector privat,Timis,2024,Kilograme,4644.0
Porumb boabe,Sector privat,Bihor,2024,Kilograme,4573.0
Porumb boabe,Sector privat,Arges,2024,Kilograme,1831.0
Porumb boabe,din care: Exploatatii agricole individuale,Ilfov,2024,Kilograme,1583.0
Porumb boabe,din care: Exploatatii agricole individuale,Bihor,2024,Kilograme,3416.0
Porumb boabe,Sector privat,Calarasi,2024,Kilograme,2918.0
Porumb boabe,Sector privat,Bistrita-Nasaud,2024,Kilograme,4186.0
Porumb boabe,din care: Exploatatii agricole individuale,Gorj,2024,Kilograme,3100.0
Porumb boabe,din care: Exploatatii agricole individuale,Bistrita-Nasaud,2024,Kilograme,3898.0
Porumb boabe,din care: Exploatatii agricole individuale,Sibiu,2024,Kilograme,3220.0
Porumb boabe,Sector privat,Dambovita,2024,Kilograme,1105.0
Porumb boabe,Sector privat,Cluj,2024,Kilograme,3679.0
Porumb boabe,din care: Exploatatii agricole individuale,Prahova,2024,Kilograme,97.0
Porumb boabe,din care: Exploatatii agricole individuale,Suceava,2024,Kilograme,3658.0
Porumb boabe,din care: Exploatatii agricole individuale,Tulcea,2024,Kilograme,1315.0
Porumb boabe,din care: Exploatatii agricole individuale,Cluj,2024,Kilograme,3119.0
Porumb boabe,din care: Exploatatii agricole individuale,Ialomita,2024,Kilograme,1991.0
Porumb boabe,Sector privat,Giurgiu,2024,Kilograme,2330.0
Porumb boabe,din care: Exploatatii agricole individuale,Vrancea,2024,Kilograme,543.0
Porumb boabe,din care: Exploatatii agricole individuale,Maramures,2024,Kilograme,2115.0
Porumb boabe,Sector privat,Ialomita,2024,Kilograme,2864.0
Porumb boabe,Sector privat,Satu Mare,2024,Kilograme,4110.0
Porumb boabe,din care: Exploatatii agricole individuale,Dambovita,2024,Kilograme,1151.0
Porumb boabe,din care: Exploatatii agricole individuale,Satu Mare,2024,Kilograme,2772.0
Porumb boabe,Sector privat,Buzau,2024,Kilograme,693.0
Porumb boabe,Sector privat,Prahova,2024,Kilograme,280.0
Porumb boabe,Sector privat,Salaj,2024,Kilograme,3406.0
Porumb boabe,Sector privat,Vaslui,2024,Kilograme,1570.0
Porumb boabe,din care: Exploatatii agricole individuale,Teleorman,2024,Kilograme,1461.0
Porumb boabe,din care: Exploatatii agricole individuale,Salaj,2024,Kilograme,3067.0
Porumb boabe,Sector privat,Teleorman,2024,Kilograme,1185.0
Porumb boabe,Sector privat,Alba,2024,Kilograme,4017.0
Porumb boabe,Sector privat,Braila,2024,Kilograme,4982.0
Porumb boabe,Sector privat,Constanta,2024,Kilograme,1723.0
Porumb boabe,din care: Exploatatii agricole individuale,Alba,2024,Kilograme,3013.0
Porumb boabe,Sector privat,Ilfov,2024,Kilograme,1218.0
Porumb boabe,Sector privat,Brasov,2024,Kilograme,4806.0
Porumb boabe,din care: Exploatatii agricole individuale,Arad,2024,Kilograme,2112.0
Porumb boabe,din care: Exploatatii agricole individuale,Bacau,2024,Kilograme,2729.0
Porumb boabe,Sector privat,Municipiul Bucuresti,2024,Kilograme,0.0
Porumb boabe,din care: Exploatatii agricole individuale,Brasov,2024,Kilograme,3814.0
Porumb boabe,Sector privat,Covasna,2024,Kilograme,7097.0
Porumb boabe,Sector privat,Galati,2024,Kilograme,1049.0
Porumb boabe,Sector privat,Dolj,2024,Kilograme,2785.0
Porumb boabe,din care: Exploatatii agricole individuale,Neamt,2024,Kilograme,3008.0
Porumb boabe,din care: Exploatatii agricole individuale,Giurgiu,2024,Kilograme,1614.0
Porumb boabe,Sector privat,Harghita,2024,Kilograme,3938.0
Porumb boabe,din care: Exploatatii agricole individuale,Botosani,2024,Kilograme,2291.0
Porumb boabe,din care: Exploatatii agricole individuale,Buzau,2024,Kilograme,619.0
Porumb boabe,Sector privat,Gorj,2024,Kilograme,3110.0
Porumb boabe,din care: Exploatatii agricole individuale,Municipiul Bucuresti,2024,Kilograme,0.0
Porumb boabe,Sector privat,Mures,2024,Kilograme,5558.0
Porumb boabe,din care: Exploatatii agricole individuale,Caras-Severin,2024,Kilograme,3175.0
Porumb boabe,Sector privat,Mehedinti,2024,Kilograme,1132.0
Porumb boabe,din care: Exploatatii agricole individuale,Harghita,2024,Kilograme,3904.0
Porumb boabe,Sector privat,Tulcea,2024,Kilograme,1988.0
Porumb boabe,Sector privat,Sibiu,2024,Kilograme,4019.0
Porumb boabe,din care: Exploatatii agricole individuale,Covasna,2024,Kilograme,7500.0
Porumb boabe,din care: Exploatatii agricole individuale,Galati,2024,Kilograme,802.0
Porumb boabe,din care: Exploatatii agricole individuale,Timis,2024,Kilograme,4050.0
Porumb boabe,din care: Exploatatii agricole individuale,Valcea,2024,Kilograme,1729.0
Porumb boabe,Sector privat,Hunedoara,2024,Kilograme,3631.0
Porumb boabe,din care: Exploatatii agricole individuale,Vaslui,2024,Kilograme,1546.0
Porumb boabe,din care: Exploatatii agricole individuale,Mures,2024,Kilograme,5343.0
Porumb boabe,din care: Exploatatii agricole individuale,Braila,2024,Kilograme,2905.0
Porumb boabe,Sector privat,Valcea,2024,Kilograme,1787.0
Porumb boabe,Sector privat,Botosani,2024,Kilograme,2287.0
Porumb boabe,din care: Exploatatii agricole individuale,Hunedoara,2024,Kilograme,3024.0
Porumb boabe,Sector privat,Arad,2024,Kilograme,3224.0
Porumb boabe,din care: Exploatatii agricole individuale,Calarasi,2024,Kilograme,1258.0
Porumb boabe,din care: Exploatatii agricole individuale,Mehedinti,2024,Kilograme,953.0
Porumb boabe,Sector privat,Iasi,2024,Kilograme,1835.0
Porumb boabe,din care: Exploatatii agricole individuale,Iasi,2024,Kilograme,1265.0
Porumb boabe,Sector privat,Suceava,2024,Kilograme,3694.0
Porumb boabe,Sector privat,Caras-Severin,2024,Kilograme,3455.0
Porumb boabe,din care: Exploatatii agricole individuale,Dolj,2024,Kilograme,1846.0
Porumb boabe,Sector privat,Neamt,2024,Kilograme,3402.0
Porumb boabe,din care: Exploatatii agricole individuale,Olt,2024,Kilograme,1307.0
Porumb boabe,Sector privat,Maramures,2024,Kilograme,2405.0
