PRINCIPALELE_CULTURI,FORME_DE_PROPRIETATE,REF_AREA,TIME_PERIOD,UNIT_MEASURE,OBS_VALUE
Floarea soarelui,Sector privat,Bihor,1990,Kilograme,598.0
Floarea soarelui,Sector privat,Mehedinti,1990,Kilograme,1122.0
Floarea soarelui,Sector privat,Buzau,1990,Kilograme,1793.0
Floarea soarelui,din care: Exploatatii agricole individuale,Dambovita,1990,Kilograme,1281.0
Floarea soarelui,Sector privat,Giurgiu,1990,Kilograme,1500.0
Floarea soarelui,Sector privat,Bistrita-Nasaud,1990,Kilograme,1445.0
Floarea soarelui,din care: Exploatatii agricole individuale,Bacau,1990,Kilograme,791.0
Floarea soarelui,Sector privat,Olt,1990,Kilograme,1609.0
Floarea soarelui,din care: Exploatatii agricole individuale,Arad,1990,Kilograme,1212.0
Floarea soarelui,din care: Exploatatii agricole individuale,Giurgiu,1990,Kilograme,1500.0
Floarea soarelui,din care: Exploatatii agricole individuale,Constanta,1990,Kilograme,1000.0
Floarea soarelui,din care: Exploatatii agricole individuale,Botosani,1990,Kilograme,1089.0
Floarea soarelui,Sector privat,Constanta,1990,Kilograme,1000.0
Floarea soarelui,din care: Exploatatii agricole individuale,Maramures,1990,Kilograme,1224.0
Floarea soarelui,din care: Exploatatii agricole individuale,Bihor,1990,Kilograme,598.0
Floarea soarelui,Sector privat,Cluj,1990,Kilograme,100.0
Floarea soarelui,din care: Exploatatii agricole individuale,Prahova,1990,Kilograme,3000.0
Floarea soarelui,Sector privat,Ialomita,1990,Kilograme,3008.0
Floarea soarelui,din care: Exploatatii agricole individuale,Iasi,1990,Kilograme,804.0
Floarea soarelui,din care: Exploatatii agricole individuale,Satu Mare,1990,Kilograme,940.0
Floarea soarelui,Sector privat,Arad,1990,Kilograme,1212.0
Floarea soarelui,Sector privat,Maramures,1990,Kilograme,1224.0
Floarea soarelui,Sector privat,Galati,1990,Kilograme,856.0
Floarea soarelui,Sector privat,Botosani,1990,Kilograme,1089.0
Floarea soarelui,din care: Exploatatii agricole individuale,Buzau,1990,Kilograme,1793.0
Floarea soarelui,Sector privat,Prahova,1990,Kilograme,3000.0
Floarea soarelui,din care: Exploatatii agricole individuale,Salaj,1990,Kilograme,1027.0
Floarea soarelui,Sector privat,Satu Mare,1990,Kilograme,940.0
Floarea soarelui,Sector privat,Tulcea,1990,Kilograme,1168.0
Floarea soarelui,Sector privat,Iasi,1990,Kilograme,804.0
Floarea soarelui,din care: Exploatatii agricole individuale,Timis,1990,Kilograme,995.0
Floarea soarelui,Sector privat,Teleorman,1990,Kilograme,1500.0
Floarea soarelui,din care: Exploatatii agricole individuale,Alba,1990,Kilograme,714.0
Floarea soarelui,Sector privat,Salaj,1990,Kilograme,1027.0
Floarea soarelui,din care: Exploatatii agricole individuale,Teleorman,1990,Kilograme,1500.0
Floarea soarelui,Sector privat,Vrancea,1990,Kilograme,800.0
Floarea soarelui,din care: Exploatatii agricole individuale,Calarasi,1990,Kilograme,1579.0
Floarea soarelui,din care: Exploatatii agricole individuale,Mehedinti,1990,Kilograme,1122.0
Floarea soarelui,din care: Exploatatii agricole individuale,Ialomita,1990,Kilograme,3008.0
Floarea soarelui,din care: Exploatatii agricole individuale,Vaslui,1990,Kilograme,1378.0
Floarea soarelui,Sector privat,Timis,1990,Kilograme,995.0
Floarea soarelui,Sector privat,Alba,1990,Kilograme,714.0
Floarea soarelui,Sector privat,Dolj,1990,Kilograme,1691.0
Floarea soarelui,Sector privat,Bacau,1990,Kilograme,791.0
Floarea soarelui,Sector privat,Calarasi,1990,Kilograme,1579.0
Floarea soarelui,Sector privat,Vaslui,1990,Kilograme,1378.0
Floarea soarelui,din care: Exploatatii agricole individuale,Braila,1990,Kilograme,1179.0
Floarea soarelui,din care: Exploatatii agricole individuale,Tulcea,1990,Kilograme,1168.0
Floarea soarelui,din care: Exploatatii agricole individuale,Galati,1990,Kilograme,856.0
Floarea soarelui,din care: Exploatatii agricole individuale,Dolj,1990,Kilograme,1691.0
Floarea soarelui,din care: Exploatatii agricole individuale,Olt,1990,Kilograme,1609.0
Floarea soarelui,din care: Exploatatii agricole individuale,Vrancea,1990,Kilograme,800.0
Floarea soarelui,Sector privat,Braila,1990,Kilograme,1179.0
Floarea soarelui,Sector privat,Dambovita,1990,Kilograme,1281.0
Floarea soarelui,din care: Exploatatii agricole individuale,Bistrita-Nasaud,1990,Kilograme,1445.0
Floarea soarelui,din care: Exploatatii agricole individuale,Cluj,1990,Kilograme,100.0
Floarea soarelui,din care: Exploatatii agricole individuale,Constanta,1991,Kilograme,1265.0
Floarea soarelui,Sector privat,Satu Mare,1991,Kilograme,849.0
Floarea soarelui,Sector privat,Arges,1991,Kilograme,1036.0
Floarea soarelui,din care: Exploatatii agricole individuale,Brasov,1991,Kilograme,324.0
Floarea soarelui,Sector privat,Dolj,1991,Kilograme,1250.0
Floarea soarelui,din care: Exploatatii agricole individuale,Bistrita-Nasaud,1991,Kilograme,1154.0
Floarea soarelui,din care: Exploatatii agricole individuale,Mun. Bucuresti -incl. SAI,1991,Kilograme,1310.0
Floarea soarelui,Sector privat,Vaslui,1991,Kilograme,1101.0
Floarea soarelui,Sector privat,Brasov,1991,Kilograme,324.0
Floarea soarelui,din care: Exploatatii agricole individuale,Buzau,1991,Kilograme,1930.0
Floarea soarelui,din care: Exploatatii agricole individuale,Braila,1991,Kilograme,1750.0
Floarea soarelui,Sector privat,Calarasi,1991,Kilograme,1467.0
Floarea soarelui,Sector privat,Gorj,1991,Kilograme,809.0
Floarea soarelui,din care: Exploatatii agricole individuale,Mures,1991,Kilograme,570.0
Floarea soarelui,din care: Exploatatii agricole individuale,Vrancea,1991,Kilograme,1123.0
Floarea soarelui,din care: Exploatatii agricole individuale,Tulcea,1991,Kilograme,888.0
Floarea soarelui,Sector privat,Braila,1991,Kilograme,1132.0
Floarea soarelui,din care: Exploatatii agricole individuale,Galati,1991,Kilograme,1200.0
Floarea soarelui,Sector privat,Alba,1991,Kilograme,915.0
Floarea soarelui,din care: Exploatatii agricole individuale,Olt,1991,Kilograme,1662.0
Floarea soarelui,Sector privat,Dambovita,1991,Kilograme,727.0
Floarea soarelui,din care: Exploatatii agricole individuale,Prahova,1991,Kilograme,436.0
Floarea soarelui,Sector privat,Bihor,1991,Kilograme,829.0
Floarea soarelui,din care: Exploatatii agricole individuale,Bihor,1991,Kilograme,879.0
Floarea soarelui,Sector privat,Mures,1991,Kilograme,754.0
Floarea soarelui,Sector privat,Buzau,1991,Kilograme,1457.0
Floarea soarelui,Sector privat,Bistrita-Nasaud,1991,Kilograme,1154.0
Floarea soarelui,din care: Exploatatii agricole individuale,Dambovita,1991,Kilograme,771.0
Floarea soarelui,din care: Exploatatii agricole individuale,Bacau,1991,Kilograme,1207.0
Floarea soarelui,din care: Exploatatii agricole individuale,Cluj,1991,Kilograme,1075.0
Floarea soarelui,din care: Exploatatii agricole individuale,Arges,1991,Kilograme,806.0
Floarea soarelui,Sector privat,Giurgiu,1991,Kilograme,873.0
Floarea soarelui,Sector privat,Olt,1991,Kilograme,1672.0
Floarea soarelui,din care: Exploatatii agricole individuale,Giurgiu,1991,Kilograme,849.0
Floarea soarelui,din care: Exploatatii agricole individuale,Arad,1991,Kilograme,1009.0
Floarea soarelui,din care: Exploatatii agricole individuale,Botosani,1991,Kilograme,1199.0
Floarea soarelui,din care: Exploatatii agricole individuale,Maramures,1991,Kilograme,950.0
Floarea soarelui,Sector privat,Bacau,1991,Kilograme,1208.0
Floarea soarelui,Sector privat,Constanta,1991,Kilograme,1095.0
Floarea soarelui,Sector privat,Cluj,1991,Kilograme,1053.0
Floarea soarelui,Sector privat,Mehedinti,1991,Kilograme,1388.0
Floarea soarelui,din care: Exploatatii agricole individuale,Caras-Severin,1991,Kilograme,841.0
Floarea soarelui,din care: Exploatatii agricole individuale,Iasi,1991,Kilograme,3596.0
Floarea soarelui,Sector privat,Ialomita,1991,Kilograme,1421.0
Floarea soarelui,Sector privat,Botosani,1991,Kilograme,1146.0
Floarea soarelui,din care: Exploatatii agricole individuale,Gorj,1991,Kilograme,708.0
Floarea soarelui,Sector privat,Galati,1991,Kilograme,1180.0
Floarea soarelui,din care: Exploatatii agricole individuale,Satu Mare,1991,Kilograme,886.0
Floarea soarelui,Sector privat,Arad,1991,Kilograme,1208.0
Floarea soarelui,Sector privat,Maramures,1991,Kilograme,950.0
Floarea soarelui,Sector privat,Prahova,1991,Kilograme,1120.0
Floarea soarelui,din care: Exploatatii agricole individuale,Salaj,1991,Kilograme,1347.0
Floarea soarelui,Sector privat,Caras-Severin,1991,Kilograme,838.0
Floarea soarelui,Sector privat,Iasi,1991,Kilograme,1100.0
Floarea soarelui,Sector privat,Suceava,1991,Kilograme,781.0
Floarea soarelui,din care: Exploatatii agricole individuale,Timis,1991,Kilograme,827.0
Floarea soarelui,Sector privat,Tulcea,1991,Kilograme,869.0
Floarea soarelui,Sector privat,Teleorman,1991,Kilograme,1561.0
Floarea soarelui,din care: Exploatatii agricole individuale,Suceava,1991,Kilograme,781.0
Floarea soarelui,din care: Exploatatii agricole individuale,Alba,1991,Kilograme,879.0
Floarea soarelui,din care: Exploatatii agricole individuale,Teleorman,1991,Kilograme,1537.0
Floarea soarelui,din care: Exploatatii agricole individuale,Calarasi,1991,Kilograme,1502.0
Floarea soarelui,Sector privat,Neamt,1991,Kilograme,667.0
Floarea soarelui,Sector privat,Salaj,1991,Kilograme,1341.0
Floarea soarelui,Sector privat,Vrancea,1991,Kilograme,1116.0
Floarea soarelui,Sector privat,Mun. Bucuresti -incl. SAI,1991,Kilograme,674.0
Floarea soarelui,din care: Exploatatii agricole individuale,Ialomita,1991,Kilograme,1602.0
Floarea soarelui,din care: Exploatatii agricole individuale,Mehedinti,1991,Kilograme,1388.0
Floarea soarelui,Sector privat,Timis,1991,Kilograme,1136.0
Floarea soarelui,din care: Exploatatii agricole individuale,Vaslui,1991,Kilograme,1101.0
Floarea soarelui,din care: Exploatatii agricole individuale,Dolj,1991,Kilograme,1250.0
Floarea soarelui,Sector privat,Vrancea,1992,Kilograme,1073.0
Floarea soarelui,Sector privat,Maramures,1992,Kilograme,957.0
Floarea soarelui,din care: Exploatatii agricole individuale,Alba,1992,Kilograme,821.0
Floarea soarelui,Sector privat,Timis,1992,Kilograme,1032.0
Floarea soarelui,din care: Exploatatii agricole individuale,Vaslui,1992,Kilograme,967.0
Floarea soarelui,Sector privat,Suceava,1992,Kilograme,813.0
Floarea soarelui,din care: Exploatatii agricole individuale,Ialomita,1992,Kilograme,957.0
Floarea soarelui,Sector privat,Alba,1992,Kilograme,734.0
Floarea soarelui,din care: Exploatatii agricole individuale,Brasov,1992,Kilograme,1067.0
Floarea soarelui,Sector privat,Dolj,1992,Kilograme,1034.0
Floarea soarelui,din care: Exploatatii agricole individuale,Bistrita-Nasaud,1992,Kilograme,1222.0
Floarea soarelui,Sector privat,Arges,1992,Kilograme,1328.0
Floarea soarelui,din care: Exploatatii agricole individuale,Harghita,1992,Kilograme,1842.0
Floarea soarelui,din care: Exploatatii agricole individuale,Constanta,1992,Kilograme,1024.0
Floarea soarelui,din care: Exploatatii agricole individuale,Buzau,1992,Kilograme,1421.0
Floarea soarelui,din care: Exploatatii agricole individuale,Mun. Bucuresti -incl. SAI,1992,Kilograme,1321.0
Floarea soarelui,din care: Exploatatii agricole individuale,Braila,1992,Kilograme,1314.0
Floarea soarelui,Sector privat,Vaslui,1992,Kilograme,973.0
Floarea soarelui,din care: Exploatatii agricole individuale,Bihor,1992,Kilograme,779.0
Floarea soarelui,Sector privat,Brasov,1992,Kilograme,1063.0
Floarea soarelui,din care: Exploatatii agricole individuale,Mehedinti,1992,Kilograme,827.0
Floarea soarelui,Sector privat,Gorj,1992,Kilograme,727.0
Floarea soarelui,din care: Exploatatii agricole individuale,Mures,1992,Kilograme,1153.0
Floarea soarelui,din care: Exploatatii agricole individuale,Galati,1992,Kilograme,1461.0
Floarea soarelui,Sector privat,Braila,1992,Kilograme,1389.0
Floarea soarelui,din care: Exploatatii agricole individuale,Dolj,1992,Kilograme,1052.0
Floarea soarelui,din care: Exploatatii agricole individuale,Olt,1992,Kilograme,1485.0
Floarea soarelui,din care: Exploatatii agricole individuale,Tulcea,1992,Kilograme,642.0
Floarea soarelui,Sector privat,Bacau,1992,Kilograme,879.0
Floarea soarelui,din care: Exploatatii agricole individuale,Sibiu,1992,Kilograme,1035.0
Floarea soarelui,din care: Exploatatii agricole individuale,Covasna,1992,Kilograme,1026.0
Floarea soarelui,Sector privat,Mehedinti,1992,Kilograme,738.0
Floarea soarelui,Sector privat,Dambovita,1992,Kilograme,963.0
Floarea soarelui,Sector privat,Mures,1992,Kilograme,804.0
Floarea soarelui,Sector privat,Buzau,1992,Kilograme,1513.0
Floarea soarelui,din care: Exploatatii agricole individuale,Dambovita,1992,Kilograme,1085.0
Floarea soarelui,Sector privat,Bistrita-Nasaud,1992,Kilograme,1219.0
Floarea soarelui,din care: Exploatatii agricole individuale,Bacau,1992,Kilograme,884.0
Floarea soarelui,din care: Exploatatii agricole individuale,Arges,1992,Kilograme,1287.0
Floarea soarelui,din care: Exploatatii agricole individuale,Cluj,1992,Kilograme,752.0
Floarea soarelui,Sector privat,Giurgiu,1992,Kilograme,1035.0
Floarea soarelui,din care: Exploatatii agricole individuale,Giurgiu,1992,Kilograme,780.0
Floarea soarelui,Sector privat,Olt,1992,Kilograme,1215.0
Floarea soarelui,din care: Exploatatii agricole individuale,Arad,1992,Kilograme,1211.0
Floarea soarelui,din care: Exploatatii agricole individuale,Botosani,1992,Kilograme,1136.0
Floarea soarelui,din care: Exploatatii agricole individuale,Calarasi,1992,Kilograme,1545.0
Floarea soarelui,din care: Exploatatii agricole individuale,Prahova,1992,Kilograme,1098.0
Floarea soarelui,Sector privat,Cluj,1992,Kilograme,793.0
Floarea soarelui,Sector privat,Constanta,1992,Kilograme,1071.0
Floarea soarelui,Sector privat,Bihor,1992,Kilograme,861.0
Floarea soarelui,din care: Exploatatii agricole individuale,Maramures,1992,Kilograme,970.0
Floarea soarelui,Sector privat,Valcea,1992,Kilograme,1070.0
Floarea soarelui,din care: Exploatatii agricole individuale,Caras-Severin,1992,Kilograme,649.0
Floarea soarelui,Sector privat,Ialomita,1992,Kilograme,1758.0
Floarea soarelui,din care: Exploatatii agricole individuale,Iasi,1992,Kilograme,819.0
Floarea soarelui,din care: Exploatatii agricole individuale,Gorj,1992,Kilograme,95.0
Floarea soarelui,Sector privat,Botosani,1992,Kilograme,1133.0
Floarea soarelui,din care: Exploatatii agricole individuale,Satu Mare,1992,Kilograme,863.0
Floarea soarelui,Sector privat,Arad,1992,Kilograme,1184.0
Floarea soarelui,Sector privat,Mun. Bucuresti -incl. SAI,1992,Kilograme,1258.0
Floarea soarelui,din care: Exploatatii agricole individuale,Hunedoara,1992,Kilograme,1069.0
Floarea soarelui,Sector privat,Galati,1992,Kilograme,1078.0
Floarea soarelui,din care: Exploatatii agricole individuale,Neamt,1992,Kilograme,1678.0
Floarea soarelui,Sector privat,Prahova,1992,Kilograme,1753.0
Floarea soarelui,Sector privat,Caras-Severin,1992,Kilograme,597.0
Floarea soarelui,din care: Exploatatii agricole individuale,Vrancea,1992,Kilograme,1035.0
Floarea soarelui,Sector privat,Iasi,1992,Kilograme,921.0
Floarea soarelui,Sector privat,Satu Mare,1992,Kilograme,1364.0
Floarea soarelui,din care: Exploatatii agricole individuale,Salaj,1992,Kilograme,1227.0
Floarea soarelui,Sector privat,Teleorman,1992,Kilograme,1214.0
Floarea soarelui,din care: Exploatatii agricole individuale,Timis,1992,Kilograme,1035.0
Floarea soarelui,Sector privat,Tulcea,1992,Kilograme,715.0
Floarea soarelui,din care: Exploatatii agricole individuale,Suceava,1992,Kilograme,642.0
Floarea soarelui,Sector privat,Hunedoara,1992,Kilograme,446.0
Floarea soarelui,Sector privat,Neamt,1992,Kilograme,874.0
Floarea soarelui,Sector privat,Salaj,1992,Kilograme,1073.0
Floarea soarelui,din care: Exploatatii agricole individuale,Teleorman,1992,Kilograme,967.0
Floarea soarelui,Sector privat,Calarasi,1992,Kilograme,1558.0
Floarea soarelui,din care: Exploatatii agricole individuale,Suceava,1993,Kilograme,1496.0
Floarea soarelui,Sector privat,Ialomita,1993,Kilograme,1471.0
Floarea soarelui,Sector privat,Salaj,1993,Kilograme,1225.0
Floarea soarelui,din care: Exploatatii agricole individuale,Teleorman,1993,Kilograme,481.0
Floarea soarelui,Sector privat,Mun. Bucuresti -incl. SAI,1993,Kilograme,1629.0
Floarea soarelui,Sector privat,Vrancea,1993,Kilograme,1660.0
Floarea soarelui,din care: Exploatatii agricole individuale,Alba,1993,Kilograme,1043.0
Floarea soarelui,din care: Exploatatii agricole individuale,Mehedinti,1993,Kilograme,245.0
Floarea soarelui,Sector privat,Timis,1993,Kilograme,1134.0
Floarea soarelui,din care: Exploatatii agricole individuale,Ialomita,1993,Kilograme,1432.0
Floarea soarelui,din care: Exploatatii agricole individuale,Dolj,1993,Kilograme,300.0
Floarea soarelui,Sector privat,Suceava,1993,Kilograme,1539.0
Floarea soarelui,Sector privat,Dolj,1993,Kilograme,339.0
Floarea soarelui,Sector privat,Alba,1993,Kilograme,1081.0
Floarea soarelui,Sector privat,Arges,1993,Kilograme,972.0
Floarea soarelui,din care: Exploatatii agricole individuale,Harghita,1993,Kilograme,915.0
Floarea soarelui,din care: Exploatatii agricole individuale,Constanta,1993,Kilograme,1166.0
Floarea soarelui,din care: Exploatatii agricole individuale,Mun. Bucuresti -incl. SAI,1993,Kilograme,1994.0
Floarea soarelui,din care: Exploatatii agricole individuale,Buzau,1993,Kilograme,1621.0
Floarea soarelui,Sector privat,Vaslui,1993,Kilograme,1132.0
Floarea soarelui,Sector privat,Neamt,1993,Kilograme,1259.0
Floarea soarelui,Sector privat,Harghita,1993,Kilograme,917.0
Floarea soarelui,din care: Exploatatii agricole individuale,Bihor,1993,Kilograme,1116.0
Floarea soarelui,Sector privat,Gorj,1993,Kilograme,960.0
Floarea soarelui,Sector privat,Calarasi,1993,Kilograme,1407.0
Floarea soarelui,din care: Exploatatii agricole individuale,Tulcea,1993,Kilograme,1045.0
Floarea soarelui,din care: Exploatatii agricole individuale,Mures,1993,Kilograme,1334.0
Floarea soarelui,din care: Exploatatii agricole individuale,Galati,1993,Kilograme,1351.0
Floarea soarelui,din care: Exploatatii agricole individuale,Vrancea,1993,Kilograme,1718.0
Floarea soarelui,Sector privat,Braila,1993,Kilograme,1486.0
Floarea soarelui,din care: Exploatatii agricole individuale,Vaslui,1993,Kilograme,1165.0
Floarea soarelui,din care: Exploatatii agricole individuale,Sibiu,1993,Kilograme,800.0
Floarea soarelui,din care: Exploatatii agricole individuale,Bistrita-Nasaud,1993,Kilograme,987.0
Floarea soarelui,Sector privat,Mehedinti,1993,Kilograme,392.0
Floarea soarelui,Sector privat,Dambovita,1993,Kilograme,1053.0
Floarea soarelui,Sector privat,Mures,1993,Kilograme,1346.0
Floarea soarelui,Sector privat,Bihor,1993,Kilograme,1186.0
Floarea soarelui,Sector privat,Sibiu,1993,Kilograme,903.0
Floarea soarelui,din care: Exploatatii agricole individuale,Valcea,1993,Kilograme,1222.0
Floarea soarelui,din care: Exploatatii agricole individuale,Dambovita,1993,Kilograme,1164.0
Floarea soarelui,Sector privat,Buzau,1993,Kilograme,1615.0
Floarea soarelui,din care: Exploatatii agricole individuale,Bacau,1993,Kilograme,1403.0
Floarea soarelui,Sector privat,Bistrita-Nasaud,1993,Kilograme,994.0
Floarea soarelui,din care: Exploatatii agricole individuale,Cluj,1993,Kilograme,1203.0
Floarea soarelui,din care: Exploatatii agricole individuale,Arges,1993,Kilograme,831.0
Floarea soarelui,din care: Exploatatii agricole individuale,Arad,1993,Kilograme,1063.0
Floarea soarelui,Sector privat,Olt,1993,Kilograme,712.0
Floarea soarelui,Sector privat,Giurgiu,1993,Kilograme,1008.0
Floarea soarelui,din care: Exploatatii agricole individuale,Giurgiu,1993,Kilograme,1141.0
Floarea soarelui,din care: Exploatatii agricole individuale,Olt,1993,Kilograme,757.0
Floarea soarelui,Sector privat,Cluj,1993,Kilograme,1238.0
Floarea soarelui,din care: Exploatatii agricole individuale,Botosani,1993,Kilograme,1352.0
Floarea soarelui,din care: Exploatatii agricole individuale,Prahova,1993,Kilograme,2034.0
Floarea soarelui,din care: Exploatatii agricole individuale,Caras-Severin,1993,Kilograme,963.0
Floarea soarelui,din care: Exploatatii agricole individuale,Calarasi,1993,Kilograme,1439.0
Floarea soarelui,Sector privat,Constanta,1993,Kilograme,1187.0
Floarea soarelui,Sector privat,Bacau,1993,Kilograme,1363.0
Floarea soarelui,din care: Exploatatii agricole individuale,Maramures,1993,Kilograme,1161.0
Floarea soarelui,Sector privat,Valcea,1993,Kilograme,1053.0
Floarea soarelui,Sector privat,Hunedoara,1993,Kilograme,904.0
Floarea soarelui,din care: Exploatatii agricole individuale,Gorj,1993,Kilograme,960.0
Floarea soarelui,din care: Exploatatii agricole individuale,Iasi,1993,Kilograme,1303.0
Floarea soarelui,Sector privat,Botosani,1993,Kilograme,1344.0
Floarea soarelui,din care: Exploatatii agricole individuale,Hunedoara,1993,Kilograme,907.0
Floarea soarelui,Sector privat,Maramures,1993,Kilograme,1161.0
Floarea soarelui,din care: Exploatatii agricole individuale,Satu Mare,1993,Kilograme,1319.0
Floarea soarelui,Sector privat,Arad,1993,Kilograme,1195.0
Floarea soarelui,Sector privat,Galati,1993,Kilograme,1299.0
Floarea soarelui,Sector privat,Prahova,1993,Kilograme,1832.0
Floarea soarelui,din care: Exploatatii agricole individuale,Neamt,1993,Kilograme,1077.0
Floarea soarelui,Sector privat,Caras-Severin,1993,Kilograme,900.0
Floarea soarelui,din care: Exploatatii agricole individuale,Salaj,1993,Kilograme,1258.0
Floarea soarelui,Sector privat,Satu Mare,1993,Kilograme,1220.0
Floarea soarelui,din care: Exploatatii agricole individuale,Timis,1993,Kilograme,1125.0
Floarea soarelui,Sector privat,Iasi,1993,Kilograme,1349.0
Floarea soarelui,Sector privat,Teleorman,1993,Kilograme,575.0
Floarea soarelui,Sector privat,Tulcea,1993,Kilograme,1002.0
Floarea soarelui,din care: Exploatatii agricole individuale,Braila,1993,Kilograme,1475.0
Floarea soarelui,Sector privat,Neamt,1994,Kilograme,1300.0
Floarea soarelui,din care: Exploatatii agricole individuale,Hunedoara,1994,Kilograme,1316.0
Floarea soarelui,din care: Exploatatii agricole individuale,Tulcea,1994,Kilograme,458.0
Floarea soarelui,din care: Exploatatii agricole individuale,Alba,1994,Kilograme,1104.0
Floarea soarelui,Sector privat,Vrancea,1994,Kilograme,1489.0
Floarea soarelui,Sector privat,Mun. Bucuresti -incl. SAI,1994,Kilograme,1688.0
Floarea soarelui,din care: Exploatatii agricole individuale,Mehedinti,1994,Kilograme,1604.0
Floarea soarelui,din care: Exploatatii agricole individuale,Vaslui,1994,Kilograme,712.0
Floarea soarelui,Sector privat,Timis,1994,Kilograme,1311.0
Floarea soarelui,din care: Exploatatii agricole individuale,Dolj,1994,Kilograme,1485.0
Floarea soarelui,Sector privat,Dolj,1994,Kilograme,1480.0
Floarea soarelui,Sector privat,Suceava,1994,Kilograme,1309.0
Floarea soarelui,Sector privat,Arges,1994,Kilograme,1524.0
Floarea soarelui,Sector privat,Alba,1994,Kilograme,1140.0
Floarea soarelui,din care: Exploatatii agricole individuale,Harghita,1994,Kilograme,511.0
Floarea soarelui,din care: Exploatatii agricole individuale,Constanta,1994,Kilograme,1187.0
Floarea soarelui,din care: Exploatatii agricole individuale,Mun. Bucuresti -incl. SAI,1994,Kilograme,1879.0
Floarea soarelui,din care: Exploatatii agricole individuale,Buzau,1994,Kilograme,1353.0
Floarea soarelui,din care: Exploatatii agricole individuale,Braila,1994,Kilograme,1025.0
Floarea soarelui,Sector privat,Vaslui,1994,Kilograme,657.0
Floarea soarelui,Sector privat,Salaj,1994,Kilograme,1194.0
Floarea soarelui,Sector privat,Harghita,1994,Kilograme,521.0
Floarea soarelui,Sector privat,Calarasi,1994,Kilograme,1510.0
Floarea soarelui,din care: Exploatatii agricole individuale,Mures,1994,Kilograme,1475.0
Floarea soarelui,Sector privat,Gorj,1994,Kilograme,1386.0
Floarea soarelui,din care: Exploatatii agricole individuale,Giurgiu,1994,Kilograme,1494.0
Floarea soarelui,din care: Exploatatii agricole individuale,Galati,1994,Kilograme,866.0
Floarea soarelui,Sector privat,Cluj,1994,Kilograme,979.0
Floarea soarelui,din care: Exploatatii agricole individuale,Sibiu,1994,Kilograme,1468.0
Floarea soarelui,din care: Exploatatii agricole individuale,Ialomita,1994,Kilograme,1475.0
Floarea soarelui,din care: Exploatatii agricole individuale,Bistrita-Nasaud,1994,Kilograme,1000.0
Floarea soarelui,Sector privat,Braila,1994,Kilograme,997.0
Floarea soarelui,Sector privat,Dambovita,1994,Kilograme,1694.0
Floarea soarelui,Sector privat,Mehedinti,1994,Kilograme,1443.0
Floarea soarelui,Sector privat,Mures,1994,Kilograme,1445.0
Floarea soarelui,Sector privat,Bihor,1994,Kilograme,1113.0
Floarea soarelui,din care: Exploatatii agricole individuale,Bacau,1994,Kilograme,1350.0
Floarea soarelui,Sector privat,Sibiu,1994,Kilograme,1253.0
Floarea soarelui,Sector privat,Bistrita-Nasaud,1994,Kilograme,1000.0
Floarea soarelui,Sector privat,Buzau,1994,Kilograme,1338.0
Floarea soarelui,din care: Exploatatii agricole individuale,Cluj,1994,Kilograme,932.0
Floarea soarelui,din care: Exploatatii agricole individuale,Arges,1994,Kilograme,1588.0
Floarea soarelui,din care: Exploatatii agricole individuale,Dambovita,1994,Kilograme,1834.0
Floarea soarelui,Sector privat,Olt,1994,Kilograme,1440.0
Floarea soarelui,Sector privat,Giurgiu,1994,Kilograme,1379.0
Floarea soarelui,din care: Exploatatii agricole individuale,Arad,1994,Kilograme,1327.0
Floarea soarelui,din care: Exploatatii agricole individuale,Vrancea,1994,Kilograme,1424.0
Floarea soarelui,din care: Exploatatii agricole individuale,Botosani,1994,Kilograme,1128.0
Floarea soarelui,din care: Exploatatii agricole individuale,Olt,1994,Kilograme,1434.0
Floarea soarelui,din care: Exploatatii agricole individuale,Calarasi,1994,Kilograme,1589.0
Floarea soarelui,din care: Exploatatii agricole individuale,Maramures,1994,Kilograme,951.0
Floarea soarelui,Sector privat,Bacau,1994,Kilograme,1318.0
Floarea soarelui,Sector privat,Valcea,1994,Kilograme,1457.0
Floarea soarelui,Sector privat,Constanta,1994,Kilograme,1175.0
Floarea soarelui,din care: Exploatatii agricole individuale,Caras-Severin,1994,Kilograme,1086.0
Floarea soarelui,Sector privat,Ialomita,1994,Kilograme,1444.0
Floarea soarelui,din care: Exploatatii agricole individuale,Iasi,1994,Kilograme,1009.0
Floarea soarelui,din care: Exploatatii agricole individuale,Gorj,1994,Kilograme,1386.0
Floarea soarelui,Sector privat,Hunedoara,1994,Kilograme,1320.0
Floarea soarelui,Sector privat,Botosani,1994,Kilograme,1119.0
Floarea soarelui,din care: Exploatatii agricole individuale,Satu Mare,1994,Kilograme,1568.0
Floarea soarelui,Sector privat,Maramures,1994,Kilograme,951.0
Floarea soarelui,Sector privat,Arad,1994,Kilograme,1463.0
Floarea soarelui,Sector privat,Galati,1994,Kilograme,915.0
Floarea soarelui,din care: Exploatatii agricole individuale,Neamt,1994,Kilograme,1123.0
Floarea soarelui,Sector privat,Prahova,1994,Kilograme,1910.0
Floarea soarelui,din care: Exploatatii agricole individuale,Teleorman,1994,Kilograme,1196.0
Floarea soarelui,Sector privat,Caras-Severin,1994,Kilograme,981.0
Floarea soarelui,din care: Exploatatii agricole individuale,Prahova,1994,Kilograme,1718.0
Floarea soarelui,Sector privat,Satu Mare,1994,Kilograme,1450.0
Floarea soarelui,din care: Exploatatii agricole individuale,Salaj,1994,Kilograme,1224.0
Floarea soarelui,din care: Exploatatii agricole individuale,Timis,1994,Kilograme,1328.0
Floarea soarelui,Sector privat,Iasi,1994,Kilograme,1096.0
Floarea soarelui,Sector privat,Tulcea,1994,Kilograme,566.0
Floarea soarelui,Sector privat,Teleorman,1994,Kilograme,1248.0
Floarea soarelui,din care: Exploatatii agricole individuale,Suceava,1994,Kilograme,1295.0
Floarea soarelui,din care: Exploatatii agricole individuale,Bihor,1994,Kilograme,1024.0
Floarea soarelui,din care: Exploatatii agricole individuale,Sibiu,1995,Kilograme,1453.0
Floarea soarelui,din care: Exploatatii agricole individuale,Satu Mare,1995,Kilograme,1283.0
Floarea soarelui,Sector privat,Hunedoara,1995,Kilograme,1559.0
Floarea soarelui,din care: Exploatatii agricole individuale,Alba,1995,Kilograme,1111.0
Floarea soarelui,Sector privat,Vrancea,1995,Kilograme,1302.0
Floarea soarelui,Sector privat,Neamt,1995,Kilograme,1645.0
Floarea soarelui,Sector privat,Salaj,1995,Kilograme,1324.0
Floarea soarelui,din care: Exploatatii agricole individuale,Tulcea,1995,Kilograme,598.0
Floarea soarelui,Sector privat,Mun. Bucuresti -incl. SAI,1995,Kilograme,1349.0
Floarea soarelui,din care: Exploatatii agricole individuale,Mehedinti,1995,Kilograme,1372.0
Floarea soarelui,din care: Exploatatii agricole individuale,Dolj,1995,Kilograme,1431.0
Floarea soarelui,din care: Exploatatii agricole individuale,Ialomita,1995,Kilograme,1156.0
Floarea soarelui,Sector privat,Timis,1995,Kilograme,1296.0
Floarea soarelui,Sector privat,Suceava,1995,Kilograme,1022.0
Floarea soarelui,din care: Exploatatii agricole individuale,Harghita,1995,Kilograme,1168.0
Floarea soarelui,Sector privat,Dolj,1995,Kilograme,1248.0
Floarea soarelui,Sector privat,Alba,1995,Kilograme,1077.0
Floarea soarelui,Sector privat,Arges,1995,Kilograme,1316.0
Floarea soarelui,din care: Exploatatii agricole individuale,Mun. Bucuresti -incl. SAI,1995,Kilograme,1470.0
Floarea soarelui,din care: Exploatatii agricole individuale,Braila,1995,Kilograme,1131.0
Floarea soarelui,din care: Exploatatii agricole individuale,Suceava,1995,Kilograme,1064.0
Floarea soarelui,din care: Exploatatii agricole individuale,Mures,1995,Kilograme,1536.0
Floarea soarelui,din care: Exploatatii agricole individuale,Bihor,1995,Kilograme,1294.0
Floarea soarelui,Sector privat,Gorj,1995,Kilograme,1182.0
Floarea soarelui,Sector privat,Calarasi,1995,Kilograme,1471.0
Floarea soarelui,Sector privat,Harghita,1995,Kilograme,1211.0
Floarea soarelui,din care: Exploatatii agricole individuale,Buzau,1995,Kilograme,1734.0
Floarea soarelui,din care: Exploatatii agricole individuale,Galati,1995,Kilograme,882.0
Floarea soarelui,din care: Exploatatii agricole individuale,Maramures,1995,Kilograme,1089.0
Floarea soarelui,din care: Exploatatii agricole individuale,Vaslui,1995,Kilograme,760.0
Floarea soarelui,din care: Exploatatii agricole individuale,Olt,1995,Kilograme,1581.0
Floarea soarelui,Sector privat,Braila,1995,Kilograme,1111.0
Floarea soarelui,Sector privat,Dambovita,1995,Kilograme,1552.0
Floarea soarelui,Sector privat,Mehedinti,1995,Kilograme,1320.0
Floarea soarelui,Sector privat,Bihor,1995,Kilograme,1330.0
Floarea soarelui,Sector privat,Mures,1995,Kilograme,1529.0
Floarea soarelui,din care: Exploatatii agricole individuale,Constanta,1995,Kilograme,1309.0
Floarea soarelui,din care: Exploatatii agricole individuale,Bacau,1995,Kilograme,1302.0
Floarea soarelui,din care: Exploatatii agricole individuale,Cluj,1995,Kilograme,968.0
Floarea soarelui,Sector privat,Buzau,1995,Kilograme,1570.0
Floarea soarelui,Sector privat,Sibiu,1995,Kilograme,1398.0
Floarea soarelui,Sector privat,Bistrita-Nasaud,1995,Kilograme,1495.0
Floarea soarelui,din care: Exploatatii agricole individuale,Dambovita,1995,Kilograme,1712.0
Floarea soarelui,Sector privat,Olt,1995,Kilograme,1431.0
Floarea soarelui,Sector privat,Giurgiu,1995,Kilograme,1254.0
Floarea soarelui,din care: Exploatatii agricole individuale,Vrancea,1995,Kilograme,1266.0
Floarea soarelui,din care: Exploatatii agricole individuale,Arad,1995,Kilograme,1272.0
Floarea soarelui,din care: Exploatatii agricole individuale,Botosani,1995,Kilograme,1064.0
Floarea soarelui,din care: Exploatatii agricole individuale,Bistrita-Nasaud,1995,Kilograme,1494.0
Floarea soarelui,Sector privat,Cluj,1995,Kilograme,993.0
Floarea soarelui,Sector privat,Bacau,1995,Kilograme,1166.0
Floarea soarelui,Sector privat,Valcea,1995,Kilograme,2233.0
Floarea soarelui,din care: Exploatatii agricole individuale,Caras-Severin,1995,Kilograme,1257.0
Floarea soarelui,Sector privat,Constanta,1995,Kilograme,1317.0
Floarea soarelui,din care: Exploatatii agricole individuale,Calarasi,1995,Kilograme,1449.0
Floarea soarelui,Sector privat,Ialomita,1995,Kilograme,1324.0
Floarea soarelui,din care: Exploatatii agricole individuale,Iasi,1995,Kilograme,1176.0
Floarea soarelui,din care: Exploatatii agricole individuale,Gorj,1995,Kilograme,1182.0
Floarea soarelui,Sector privat,Tulcea,1995,Kilograme,653.0
Floarea soarelui,Sector privat,Maramures,1995,Kilograme,1089.0
Floarea soarelui,din care: Exploatatii agricole individuale,Hunedoara,1995,Kilograme,1632.0
Floarea soarelui,Sector privat,Arad,1995,Kilograme,1399.0
Floarea soarelui,din care: Exploatatii agricole individuale,Arges,1995,Kilograme,1446.0
Floarea soarelui,Sector privat,Botosani,1995,Kilograme,1016.0
Floarea soarelui,Sector privat,Prahova,1995,Kilograme,1698.0
Floarea soarelui,Sector privat,Galati,1995,Kilograme,940.0
Floarea soarelui,din care: Exploatatii agricole individuale,Teleorman,1995,Kilograme,1192.0
Floarea soarelui,din care: Exploatatii agricole individuale,Giurgiu,1995,Kilograme,1382.0
Floarea soarelui,din care: Exploatatii agricole individuale,Neamt,1995,Kilograme,1372.0
Floarea soarelui,din care: Exploatatii agricole individuale,Prahova,1995,Kilograme,1669.0
Floarea soarelui,Sector privat,Caras-Severin,1995,Kilograme,1188.0
Floarea soarelui,din care: Exploatatii agricole individuale,Salaj,1995,Kilograme,1342.0
Floarea soarelui,din care: Exploatatii agricole individuale,Timis,1995,Kilograme,1351.0
Floarea soarelui,Sector privat,Iasi,1995,Kilograme,1217.0
Floarea soarelui,Sector privat,Satu Mare,1995,Kilograme,1334.0
Floarea soarelui,Sector privat,Teleorman,1995,Kilograme,1231.0
Floarea soarelui,Sector privat,Vaslui,1995,Kilograme,734.0
Floarea soarelui,din care: Exploatatii agricole individuale,Sibiu,1996,Kilograme,1000.0
Floarea soarelui,Sector privat,Botosani,1996,Kilograme,808.0
Floarea soarelui,din care: Exploatatii agricole individuale,Tulcea,1996,Kilograme,665.0
Floarea soarelui,din care: Exploatatii agricole individuale,Alba,1996,Kilograme,1224.0
Floarea soarelui,Sector privat,Neamt,1996,Kilograme,1060.0
Floarea soarelui,Sector privat,Vrancea,1996,Kilograme,1038.0
Floarea soarelui,Sector privat,Mun. Bucuresti -incl. SAI,1996,Kilograme,1148.0
Floarea soarelui,Sector privat,Salaj,1996,Kilograme,1202.0
Floarea soarelui,din care: Exploatatii agricole individuale,Mehedinti,1996,Kilograme,746.0
Floarea soarelui,Sector privat,Timis,1996,Kilograme,1282.0
Floarea soarelui,din care: Exploatatii agricole individuale,Dolj,1996,Kilograme,1208.0
Floarea soarelui,din care: Exploatatii agricole individuale,Buzau,1996,Kilograme,1330.0
Floarea soarelui,din care: Exploatatii agricole individuale,Ialomita,1996,Kilograme,1237.0
Floarea soarelui,din care: Exploatatii agricole individuale,Vaslui,1996,Kilograme,948.0
Floarea soarelui,Sector privat,Suceava,1996,Kilograme,960.0
Floarea soarelui,Sector privat,Arges,1996,Kilograme,1532.0
Floarea soarelui,Sector privat,Dolj,1996,Kilograme,1057.0
Floarea soarelui,Sector privat,Alba,1996,Kilograme,1171.0
Floarea soarelui,din care: Exploatatii agricole individuale,Harghita,1996,Kilograme,1179.0
Floarea soarelui,din care: Exploatatii agricole individuale,Mun. Bucuresti -incl. SAI,1996,Kilograme,1193.0
Floarea soarelui,din care: Exploatatii agricole individuale,Suceava,1996,Kilograme,1017.0
Floarea soarelui,din care: Exploatatii agricole individuale,Braila,1996,Kilograme,1023.0
Floarea soarelui,din care: Exploatatii agricole individuale,Bihor,1996,Kilograme,1105.0
Floarea soarelui,din care: Exploatatii agricole individuale,Mures,1996,Kilograme,1372.0
Floarea soarelui,Sector privat,Vaslui,1996,Kilograme,876.0
Floarea soarelui,Sector privat,Gorj,1996,Kilograme,1203.0
Floarea soarelui,Sector privat,Calarasi,1996,Kilograme,1297.0
Floarea soarelui,Sector privat,Harghita,1996,Kilograme,1170.0
Floarea soarelui,Sector privat,Valcea,1996,Kilograme,2669.0
Floarea soarelui,din care: Exploatatii agricole individuale,Galati,1996,Kilograme,683.0
Floarea soarelui,din care: Exploatatii agricole individuale,Bistrita-Nasaud,1996,Kilograme,1307.0
Floarea soarelui,Sector privat,Braila,1996,Kilograme,1023.0
Floarea soarelui,Sector privat,Mehedinti,1996,Kilograme,710.0
Floarea soarelui,Sector privat,Dambovita,1996,Kilograme,1246.0
Floarea soarelui,Sector privat,Bihor,1996,Kilograme,1168.0
Floarea soarelui,Sector privat,Mures,1996,Kilograme,1392.0
Floarea soarelui,din care: Exploatatii agricole individuale,Constanta,1996,Kilograme,1081.0
Floarea soarelui,din care: Exploatatii agricole individuale,Bacau,1996,Kilograme,1765.0
Floarea soarelui,din care: Exploatatii agricole individuale,Cluj,1996,Kilograme,1148.0
Floarea soarelui,Sector privat,Sibiu,1996,Kilograme,1063.0
Floarea soarelui,Sector privat,Olt,1996,Kilograme,1147.0
Floarea soarelui,Sector privat,Bistrita-Nasaud,1996,Kilograme,1308.0
Floarea soarelui,Sector privat,Buzau,1996,Kilograme,1275.0
Floarea soarelui,Sector privat,Giurgiu,1996,Kilograme,960.0
Floarea soarelui,din care: Exploatatii agricole individuale,Dambovita,1996,Kilograme,1315.0
Floarea soarelui,din care: Exploatatii agricole individuale,Arad,1996,Kilograme,1235.0
Floarea soarelui,din care: Exploatatii agricole individuale,Botosani,1996,Kilograme,913.0
Floarea soarelui,din care: Exploatatii agricole individuale,Maramures,1996,Kilograme,1159.0
Floarea soarelui,din care: Exploatatii agricole individuale,Olt,1996,Kilograme,1302.0
Floarea soarelui,Sector privat,Cluj,1996,Kilograme,1315.0
Floarea soarelui,Sector privat,Bacau,1996,Kilograme,1331.0
Floarea soarelui,Sector privat,Constanta,1996,Kilograme,1069.0
Floarea soarelui,din care: Exploatatii agricole individuale,Calarasi,1996,Kilograme,1539.0
Floarea soarelui,Sector privat,Ialomita,1996,Kilograme,1253.0
Floarea soarelui,din care: Exploatatii agricole individuale,Caras-Severin,1996,Kilograme,1071.0
Floarea soarelui,din care: Exploatatii agricole individuale,Iasi,1996,Kilograme,1178.0
Floarea soarelui,din care: Exploatatii agricole individuale,Satu Mare,1996,Kilograme,1433.0
Floarea soarelui,Sector privat,Arad,1996,Kilograme,1264.0
Floarea soarelui,Sector privat,Hunedoara,1996,Kilograme,1467.0
Floarea soarelui,din care: Exploatatii agricole individuale,Hunedoara,1996,Kilograme,1553.0
Floarea soarelui,Sector privat,Maramures,1996,Kilograme,1176.0
Floarea soarelui,din care: Exploatatii agricole individuale,Arges,1996,Kilograme,1438.0
Floarea soarelui,Sector privat,Galati,1996,Kilograme,677.0
Floarea soarelui,Sector privat,Prahova,1996,Kilograme,1686.0
Floarea soarelui,din care: Exploatatii agricole individuale,Teleorman,1996,Kilograme,1157.0
Floarea soarelui,din care: Exploatatii agricole individuale,Neamt,1996,Kilograme,1208.0
Floarea soarelui,Sector privat,Caras-Severin,1996,Kilograme,980.0
Floarea soarelui,din care: Exploatatii agricole individuale,Giurgiu,1996,Kilograme,1051.0
Floarea soarelui,din care: Exploatatii agricole individuale,Prahova,1996,Kilograme,1614.0
Floarea soarelui,din care: Exploatatii agricole individuale,Salaj,1996,Kilograme,1221.0
Floarea soarelui,din care: Exploatatii agricole individuale,Timis,1996,Kilograme,1294.0
Floarea soarelui,Sector privat,Satu Mare,1996,Kilograme,1476.0
Floarea soarelui,din care: Exploatatii agricole individuale,Gorj,1996,Kilograme,1203.0
Floarea soarelui,Sector privat,Teleorman,1996,Kilograme,1104.0
Floarea soarelui,Sector privat,Tulcea,1996,Kilograme,650.0
Floarea soarelui,Sector privat,Iasi,1996,Kilograme,1114.0
Floarea soarelui,din care: Exploatatii agricole individuale,Vrancea,1996,Kilograme,1035.0
Floarea soarelui,din care: Exploatatii agricole individuale,Dolj,1997,Kilograme,1000.0
Floarea soarelui,din care: Exploatatii agricole individuale,Satu Mare,1997,Kilograme,1080.0
Floarea soarelui,din care: Exploatatii agricole individuale,Tulcea,1997,Kilograme,876.0
Floarea soarelui,Sector privat,Hunedoara,1997,Kilograme,875.0
Floarea soarelui,din care: Exploatatii agricole individuale,Alba,1997,Kilograme,1576.0
Floarea soarelui,Sector privat,Neamt,1997,Kilograme,1393.0
Floarea soarelui,Sector privat,Mun. Bucuresti -incl. SAI,1997,Kilograme,1129.0
Floarea soarelui,Sector privat,Vrancea,1997,Kilograme,1604.0
Floarea soarelui,Sector privat,Salaj,1997,Kilograme,1082.0
Floarea soarelui,din care: Exploatatii agricole individuale,Mehedinti,1997,Kilograme,1832.0
Floarea soarelui,din care: Exploatatii agricole individuale,Ialomita,1997,Kilograme,1251.0
Floarea soarelui,din care: Exploatatii agricole individuale,Teleorman,1997,Kilograme,958.0
Floarea soarelui,Sector privat,Timis,1997,Kilograme,824.0
Floarea soarelui,din care: Exploatatii agricole individuale,Galati,1997,Kilograme,1317.0
Floarea soarelui,din care: Exploatatii agricole individuale,Buzau,1997,Kilograme,1245.0
Floarea soarelui,Sector privat,Dolj,1997,Kilograme,932.0
Floarea soarelui,Sector privat,Arges,1997,Kilograme,796.0
Floarea soarelui,Sector privat,Suceava,1997,Kilograme,1306.0
Floarea soarelui,Sector privat,Alba,1997,Kilograme,1440.0
Floarea soarelui,din care: Exploatatii agricole individuale,Harghita,1997,Kilograme,1169.0
Floarea soarelui,din care: Exploatatii agricole individuale,Suceava,1997,Kilograme,1350.0
Floarea soarelui,din care: Exploatatii agricole individuale,Braila,1997,Kilograme,1131.0
Floarea soarelui,din care: Exploatatii agricole individuale,Vrancea,1997,Kilograme,1635.0
Floarea soarelui,din care: Exploatatii agricole individuale,Bihor,1997,Kilograme,786.0
Floarea soarelui,Sector privat,Gorj,1997,Kilograme,688.0
Floarea soarelui,Sector privat,Vaslui,1997,Kilograme,1193.0
Floarea soarelui,Sector privat,Calarasi,1997,Kilograme,1352.0
Floarea soarelui,Sector privat,Harghita,1997,Kilograme,1149.0
Floarea soarelui,din care: Exploatatii agricole individuale,Mures,1997,Kilograme,1390.0
Floarea soarelui,din care: Exploatatii agricole individuale,Botosani,1997,Kilograme,1285.0
Floarea soarelui,din care: Exploatatii agricole individuale,Vaslui,1997,Kilograme,1202.0
Floarea soarelui,din care: Exploatatii agricole individuale,Bistrita-Nasaud,1997,Kilograme,1756.0
Floarea soarelui,din care: Exploatatii agricole individuale,Olt,1997,Kilograme,1045.0
Floarea soarelui,Sector privat,Dambovita,1997,Kilograme,929.0
Floarea soarelui,Sector privat,Braila,1997,Kilograme,1110.0
Floarea soarelui,Sector privat,Mehedinti,1997,Kilograme,1673.0
Floarea soarelui,Sector privat,Bihor,1997,Kilograme,766.0
Floarea soarelui,Sector privat,Mures,1997,Kilograme,1271.0
Floarea soarelui,din care: Exploatatii agricole individuale,Constanta,1997,Kilograme,1310.0
Floarea soarelui,din care: Exploatatii agricole individuale,Valcea,1997,Kilograme,2789.0
Floarea soarelui,din care: Exploatatii agricole individuale,Bacau,1997,Kilograme,1759.0
Floarea soarelui,din care: Exploatatii agricole individuale,Cluj,1997,Kilograme,1448.0
Floarea soarelui,Sector privat,Olt,1997,Kilograme,899.0
Floarea soarelui,Sector privat,Giurgiu,1997,Kilograme,901.0
Floarea soarelui,Sector privat,Buzau,1997,Kilograme,1208.0
Floarea soarelui,Sector privat,Sibiu,1997,Kilograme,915.0
Floarea soarelui,Sector privat,Bistrita-Nasaud,1997,Kilograme,1749.0
Floarea soarelui,din care: Exploatatii agricole individuale,Dambovita,1997,Kilograme,1028.0
Floarea soarelui,din care: Exploatatii agricole individuale,Arad,1997,Kilograme,728.0
Floarea soarelui,din care: Exploatatii agricole individuale,Sibiu,1997,Kilograme,1160.0
Floarea soarelui,din care: Exploatatii agricole individuale,Maramures,1997,Kilograme,1125.0
Floarea soarelui,Sector privat,Valcea,1997,Kilograme,1661.0
Floarea soarelui,Sector privat,Cluj,1997,Kilograme,1433.0
Floarea soarelui,Sector privat,Ialomita,1997,Kilograme,1289.0
Floarea soarelui,Sector privat,Constanta,1997,Kilograme,1315.0
Floarea soarelui,Sector privat,Bacau,1997,Kilograme,1405.0
Floarea soarelui,din care: Exploatatii agricole individuale,Calarasi,1997,Kilograme,1357.0
Floarea soarelui,din care: Exploatatii agricole individuale,Caras-Severin,1997,Kilograme,1033.0
Floarea soarelui,din care: Exploatatii agricole individuale,Iasi,1997,Kilograme,1388.0
Floarea soarelui,din care: Exploatatii agricole individuale,Timis,1997,Kilograme,828.0
Floarea soarelui,Sector privat,Arad,1997,Kilograme,759.0
Floarea soarelui,Sector privat,Maramures,1997,Kilograme,1101.0
Floarea soarelui,din care: Exploatatii agricole individuale,Arges,1997,Kilograme,677.0
Floarea soarelui,Sector privat,Prahova,1997,Kilograme,1210.0
Floarea soarelui,Sector privat,Galati,1997,Kilograme,1203.0
Floarea soarelui,Sector privat,Botosani,1997,Kilograme,1117.0
Floarea soarelui,din care: Exploatatii agricole individuale,Hunedoara,1997,Kilograme,927.0
Floarea soarelui,din care: Exploatatii agricole individuale,Neamt,1997,Kilograme,1466.0
Floarea soarelui,Sector privat,Caras-Severin,1997,Kilograme,996.0
Floarea soarelui,din care: Exploatatii agricole individuale,Prahova,1997,Kilograme,1138.0
Floarea soarelui,din care: Exploatatii agricole individuale,Salaj,1997,Kilograme,1104.0
Floarea soarelui,din care: Exploatatii agricole individuale,Giurgiu,1997,Kilograme,968.0
Floarea soarelui,Sector privat,Teleorman,1997,Kilograme,949.0
Floarea soarelui,Sector privat,Satu Mare,1997,Kilograme,860.0
Floarea soarelui,Sector privat,Tulcea,1997,Kilograme,893.0
Floarea soarelui,Sector privat,Iasi,1997,Kilograme,1320.0
Floarea soarelui,din care: Exploatatii agricole individuale,Gorj,1997,Kilograme,688.0
Floarea soarelui,din care: Exploatatii agricole individuale,Mun. Bucuresti -incl. SAI,1997,Kilograme,1456.0
Floarea soarelui,din care: Exploatatii agricole individuale,Teleorman,1998,Kilograme,950.0
Floarea soarelui,din care: Exploatatii agricole individuale,Caras-Severin,1998,Kilograme,1271.0
Floarea soarelui,din care: Exploatatii agricole individuale,Suceava,1998,Kilograme,1279.0
Floarea soarelui,Sector privat,Hunedoara,1998,Kilograme,729.0
Floarea soarelui,din care: Exploatatii agricole individuale,Alba,1998,Kilograme,1176.0
Floarea soarelui,din care: Exploatatii agricole individuale,Tulcea,1998,Kilograme,765.0
Floarea soarelui,Sector privat,Vrancea,1998,Kilograme,1289.0
Floarea soarelui,Sector privat,Neamt,1998,Kilograme,1100.0
Floarea soarelui,Sector privat,Mun. Bucuresti -incl. SAI,1998,Kilograme,1195.0
Floarea soarelui,Sector privat,Salaj,1998,Kilograme,1495.0
Floarea soarelui,din care: Exploatatii agricole individuale,Mehedinti,1998,Kilograme,1316.0
Floarea soarelui,din care: Exploatatii agricole individuale,Mures,1998,Kilograme,1112.0
Floarea soarelui,din care: Exploatatii agricole individuale,Vaslui,1998,Kilograme,1162.0
Floarea soarelui,Sector privat,Timis,1998,Kilograme,1087.0
Floarea soarelui,Sector privat,Arges,1998,Kilograme,993.0
Floarea soarelui,Sector privat,Dolj,1998,Kilograme,830.0
Floarea soarelui,Sector privat,Suceava,1998,Kilograme,1236.0
Floarea soarelui,din care: Exploatatii agricole individuale,Buzau,1998,Kilograme,1144.0
Floarea soarelui,Sector privat,Alba,1998,Kilograme,921.0
Floarea soarelui,din care: Exploatatii agricole individuale,Harghita,1998,Kilograme,985.0
Floarea soarelui,din care: Exploatatii agricole individuale,Timis,1998,Kilograme,1150.0
Floarea soarelui,din care: Exploatatii agricole individuale,Mun. Bucuresti -incl. SAI,1998,Kilograme,1318.0
Floarea soarelui,din care: Exploatatii agricole individuale,Braila,1998,Kilograme,1197.0
Floarea soarelui,din care: Exploatatii agricole individuale,Bihor,1998,Kilograme,989.0
Floarea soarelui,Sector privat,Gorj,1998,Kilograme,1250.0
Floarea soarelui,Sector privat,Calarasi,1998,Kilograme,1348.0
Floarea soarelui,Sector privat,Vaslui,1998,Kilograme,1122.0
Floarea soarelui,Sector privat,Harghita,1998,Kilograme,985.0
Floarea soarelui,din care: Exploatatii agricole individuale,Vrancea,1998,Kilograme,1257.0
Floarea soarelui,din care: Exploatatii agricole individuale,Botosani,1998,Kilograme,1276.0
Floarea soarelui,din care: Exploatatii agricole individuale,Ialomita,1998,Kilograme,1250.0
Floarea soarelui,din care: Exploatatii agricole individuale,Bistrita-Nasaud,1998,Kilograme,1091.0
Floarea soarelui,Sector privat,Braila,1998,Kilograme,1185.0
Floarea soarelui,din care: Exploatatii agricole individuale,Sibiu,1998,Kilograme,783.0
Floarea soarelui,Sector privat,Dambovita,1998,Kilograme,1103.0
Floarea soarelui,Sector privat,Mehedinti,1998,Kilograme,1107.0
Floarea soarelui,Sector privat,Bihor,1998,Kilograme,974.0
Floarea soarelui,din care: Exploatatii agricole individuale,Olt,1998,Kilograme,979.0
Floarea soarelui,Sector privat,Mures,1998,Kilograme,1013.0
Floarea soarelui,din care: Exploatatii agricole individuale,Constanta,1998,Kilograme,1150.0
Floarea soarelui,din care: Exploatatii agricole individuale,Valcea,1998,Kilograme,2131.0
Floarea soarelui,din care: Exploatatii agricole individuale,Bacau,1998,Kilograme,1210.0
Floarea soarelui,din care: Exploatatii agricole individuale,Cluj,1998,Kilograme,1047.0
Floarea soarelui,Sector privat,Buzau,1998,Kilograme,1192.0
Floarea soarelui,Sector privat,Giurgiu,1998,Kilograme,965.0
Floarea soarelui,Sector privat,Sibiu,1998,Kilograme,466.0
Floarea soarelui,Sector privat,Bistrita-Nasaud,1998,Kilograme,1082.0
Floarea soarelui,Sector privat,Olt,1998,Kilograme,947.0
Floarea soarelui,din care: Exploatatii agricole individuale,Arad,1998,Kilograme,978.0
Floarea soarelui,din care: Exploatatii agricole individuale,Dolj,1998,Kilograme,909.0
Floarea soarelui,din care: Exploatatii agricole individuale,Dambovita,1998,Kilograme,1244.0
Floarea soarelui,din care: Exploatatii agricole individuale,Maramures,1998,Kilograme,921.0
Floarea soarelui,Sector privat,Valcea,1998,Kilograme,1318.0
Floarea soarelui,Sector privat,Constanta,1998,Kilograme,1159.0
Floarea soarelui,Sector privat,Cluj,1998,Kilograme,1046.0
Floarea soarelui,Sector privat,Bacau,1998,Kilograme,1116.0
Floarea soarelui,din care: Exploatatii agricole individuale,Calarasi,1998,Kilograme,1344.0
Floarea soarelui,din care: Exploatatii agricole individuale,Galati,1998,Kilograme,883.0
Floarea soarelui,Sector privat,Ialomita,1998,Kilograme,1290.0
Floarea soarelui,din care: Exploatatii agricole individuale,Prahova,1998,Kilograme,1053.0
Floarea soarelui,din care: Exploatatii agricole individuale,Iasi,1998,Kilograme,1268.0
Floarea soarelui,din care: Exploatatii agricole individuale,Satu Mare,1998,Kilograme,821.0
Floarea soarelui,Sector privat,Arad,1998,Kilograme,893.0
Floarea soarelui,Sector privat,Galati,1998,Kilograme,902.0
Floarea soarelui,Sector privat,Maramures,1998,Kilograme,868.0
Floarea soarelui,Sector privat,Botosani,1998,Kilograme,988.0
Floarea soarelui,Sector privat,Prahova,1998,Kilograme,1077.0
Floarea soarelui,din care: Exploatatii agricole individuale,Hunedoara,1998,Kilograme,821.0
Floarea soarelui,din care: Exploatatii agricole individuale,Arges,1998,Kilograme,1009.0
Floarea soarelui,din care: Exploatatii agricole individuale,Neamt,1998,Kilograme,1065.0
Floarea soarelui,Sector privat,Caras-Severin,1998,Kilograme,1251.0
Floarea soarelui,din care: Exploatatii agricole individuale,Salaj,1998,Kilograme,1550.0
Floarea soarelui,Sector privat,Teleorman,1998,Kilograme,954.0
Floarea soarelui,Sector privat,Tulcea,1998,Kilograme,758.0
Floarea soarelui,Sector privat,Satu Mare,1998,Kilograme,917.0
Floarea soarelui,Sector privat,Iasi,1998,Kilograme,1271.0
Floarea soarelui,din care: Exploatatii agricole individuale,Gorj,1998,Kilograme,1250.0
Floarea soarelui,din care: Exploatatii agricole individuale,Giurgiu,1998,Kilograme,1100.0
Floarea soarelui,Sector privat,Harghita,1999,Kilograme,1114.0
Floarea soarelui,Sector privat,Galati,1999,Kilograme,1309.0
Floarea soarelui,Sector privat,Vrancea,1999,Kilograme,1480.0
Floarea soarelui,din care: Exploatatii agricole individuale,Alba,1999,Kilograme,1160.0
Floarea soarelui,din care: Exploatatii agricole individuale,Mures,1999,Kilograme,1234.0
Floarea soarelui,Sector privat,Mun. Bucuresti -incl. SAI,1999,Kilograme,1217.0
Floarea soarelui,din care: Exploatatii agricole individuale,Mehedinti,1999,Kilograme,1448.0
Floarea soarelui,din care: Exploatatii agricole individuale,Ialomita,1999,Kilograme,1720.0
Floarea soarelui,din care: Exploatatii agricole individuale,Vaslui,1999,Kilograme,1213.0
Floarea soarelui,Sector privat,Timis,1999,Kilograme,996.0
Floarea soarelui,Sector privat,Arges,1999,Kilograme,856.0
Floarea soarelui,Sector privat,Suceava,1999,Kilograme,1505.0
Floarea soarelui,Sector privat,Dolj,1999,Kilograme,1063.0
Floarea soarelui,din care: Exploatatii agricole individuale,Buzau,1999,Kilograme,1702.0
Floarea soarelui,Sector privat,Alba,1999,Kilograme,1067.0
Floarea soarelui,din care: Exploatatii agricole individuale,Harghita,1999,Kilograme,1114.0
Floarea soarelui,din care: Exploatatii agricole individuale,Mun. Bucuresti -incl. SAI,1999,Kilograme,1221.0
Floarea soarelui,din care: Exploatatii agricole individuale,Braila,1999,Kilograme,1519.0
Floarea soarelui,Sector privat,Vaslui,1999,Kilograme,1191.0
Floarea soarelui,din care: Exploatatii agricole individuale,Bihor,1999,Kilograme,1166.0
Floarea soarelui,din care: Exploatatii agricole individuale,Tulcea,1999,Kilograme,1005.0
Floarea soarelui,Sector privat,Calarasi,1999,Kilograme,1372.0
Floarea soarelui,Sector privat,Olt,1999,Kilograme,1208.0
Floarea soarelui,Sector privat,Salaj,1999,Kilograme,1105.0
Floarea soarelui,din care: Exploatatii agricole individuale,Bistrita-Nasaud,1999,Kilograme,1123.0
Floarea soarelui,din care: Exploatatii agricole individuale,Sibiu,1999,Kilograme,1092.0
Floarea soarelui,din care: Exploatatii agricole individuale,Teleorman,1999,Kilograme,1155.0
Floarea soarelui,Sector privat,Braila,1999,Kilograme,1490.0
Floarea soarelui,Sector privat,Dambovita,1999,Kilograme,936.0
Floarea soarelui,Sector privat,Mehedinti,1999,Kilograme,1306.0
Floarea soarelui,Sector privat,Mures,1999,Kilograme,1203.0
Floarea soarelui,Sector privat,Bihor,1999,Kilograme,1126.0
Floarea soarelui,din care: Exploatatii agricole individuale,Constanta,1999,Kilograme,1303.0
Floarea soarelui,din care: Exploatatii agricole individuale,Olt,1999,Kilograme,1304.0
Floarea soarelui,din care: Exploatatii agricole individuale,Valcea,1999,Kilograme,986.0
Floarea soarelui,din care: Exploatatii agricole individuale,Calarasi,1999,Kilograme,1378.0
Floarea soarelui,din care: Exploatatii agricole individuale,Bacau,1999,Kilograme,1589.0
Floarea soarelui,din care: Exploatatii agricole individuale,Cluj,1999,Kilograme,1116.0
Floarea soarelui,Sector privat,Buzau,1999,Kilograme,1573.0
Floarea soarelui,Sector privat,Sibiu,1999,Kilograme,765.0
Floarea soarelui,din care: Exploatatii agricole individuale,Giurgiu,1999,Kilograme,1188.0
Floarea soarelui,Sector privat,Bistrita-Nasaud,1999,Kilograme,1122.0
Floarea soarelui,din care: Exploatatii agricole individuale,Dolj,1999,Kilograme,1225.0
Floarea soarelui,Sector privat,Giurgiu,1999,Kilograme,1032.0
Floarea soarelui,din care: Exploatatii agricole individuale,Arad,1999,Kilograme,1221.0
Floarea soarelui,din care: Exploatatii agricole individuale,Botosani,1999,Kilograme,1715.0
Floarea soarelui,din care: Exploatatii agricole individuale,Dambovita,1999,Kilograme,1200.0
Floarea soarelui,din care: Exploatatii agricole individuale,Maramures,1999,Kilograme,1152.0
Floarea soarelui,Sector privat,Valcea,1999,Kilograme,900.0
Floarea soarelui,Sector privat,Constanta,1999,Kilograme,1324.0
Floarea soarelui,Sector privat,Bacau,1999,Kilograme,1513.0
Floarea soarelui,Sector privat,Cluj,1999,Kilograme,1124.0
Floarea soarelui,din care: Exploatatii agricole individuale,Caras-Severin,1999,Kilograme,1347.0
Floarea soarelui,din care: Exploatatii agricole individuale,Galati,1999,Kilograme,1360.0
Floarea soarelui,Sector privat,Ialomita,1999,Kilograme,1516.0
Floarea soarelui,din care: Exploatatii agricole individuale,Iasi,1999,Kilograme,1626.0
Floarea soarelui,din care: Exploatatii agricole individuale,Vrancea,1999,Kilograme,1534.0
Floarea soarelui,din care: Exploatatii agricole individuale,Satu Mare,1999,Kilograme,1225.0
Floarea soarelui,Sector privat,Arad,1999,Kilograme,1085.0
Floarea soarelui,Sector privat,Neamt,1999,Kilograme,1377.0
Floarea soarelui,Sector privat,Botosani,1999,Kilograme,1516.0
Floarea soarelui,Sector privat,Maramures,1999,Kilograme,1095.0
Floarea soarelui,din care: Exploatatii agricole individuale,Hunedoara,1999,Kilograme,706.0
Floarea soarelui,din care: Exploatatii agricole individuale,Arges,1999,Kilograme,898.0
Floarea soarelui,Sector privat,Prahova,1999,Kilograme,1201.0
Floarea soarelui,din care: Exploatatii agricole individuale,Neamt,1999,Kilograme,1403.0
Floarea soarelui,Sector privat,Caras-Severin,1999,Kilograme,1329.0
Floarea soarelui,din care: Exploatatii agricole individuale,Salaj,1999,Kilograme,1115.0
Floarea soarelui,Sector privat,Teleorman,1999,Kilograme,1141.0
Floarea soarelui,Sector privat,Tulcea,1999,Kilograme,1140.0
Floarea soarelui,Sector privat,Iasi,1999,Kilograme,1545.0
Floarea soarelui,Sector privat,Satu Mare,1999,Kilograme,1241.0
Floarea soarelui,din care: Exploatatii agricole individuale,Gorj,1999,Kilograme,1083.0
Floarea soarelui,din care: Exploatatii agricole individuale,Prahova,1999,Kilograme,1240.0
Floarea soarelui,din care: Exploatatii agricole individuale,Timis,1999,Kilograme,1020.0
Floarea soarelui,din care: Exploatatii agricole individuale,Suceava,1999,Kilograme,1508.0
Floarea soarelui,Sector privat,Hunedoara,1999,Kilograme,611.0
Floarea soarelui,Sector privat,Gorj,1999,Kilograme,1083.0
Floarea soarelui,Sector privat,Constanta,2000,Kilograme,1042.0
Floarea soarelui,din care: Exploatatii agricole individuale,Ilfov,2000,Kilograme,629.0
Floarea soarelui,Sector privat,Alba,2000,Kilograme,920.0
Floarea soarelui,Sector privat,Suceava,2000,Kilograme,1108.0
Floarea soarelui,Sector privat,Teleorman,2000,Kilograme,428.0
Floarea soarelui,din care: Exploatatii agricole individuale,Satu Mare,2000,Kilograme,1181.0
Floarea soarelui,din care: Exploatatii agricole individuale,Hunedoara,2000,Kilograme,756.0
Floarea soarelui,din care: Exploatatii agricole individuale,Calarasi,2000,Kilograme,796.0
Floarea soarelui,din care: Exploatatii agricole individuale,Bacau,2000,Kilograme,936.0
Floarea soarelui,din care: Exploatatii agricole individuale,Giurgiu,2000,Kilograme,480.0
Floarea soarelui,Sector privat,Galati,2000,Kilograme,816.0
Floarea soarelui,din care: Exploatatii agricole individuale,Dambovita,2000,Kilograme,524.0
Floarea soarelui,Sector privat,Vaslui,2000,Kilograme,635.0
Floarea soarelui,din care: Exploatatii agricole individuale,Iasi,2000,Kilograme,1136.0
Floarea soarelui,din care: Exploatatii agricole individuale,Botosani,2000,Kilograme,989.0
Floarea soarelui,Sector privat,Calarasi,2000,Kilograme,823.0
Floarea soarelui,Sector privat,Bihor,2000,Kilograme,687.0
Floarea soarelui,din care: Exploatatii agricole individuale,Vaslui,2000,Kilograme,636.0
Floarea soarelui,Sector privat,Harghita,2000,Kilograme,1500.0
Floarea soarelui,din care: Exploatatii agricole individuale,Caras-Severin,2000,Kilograme,924.0
Floarea soarelui,Sector privat,Arad,2000,Kilograme,872.0
Floarea soarelui,Sector privat,Tulcea,2000,Kilograme,646.0
Floarea soarelui,din care: Exploatatii agricole individuale,Galati,2000,Kilograme,791.0
Floarea soarelui,din care: Exploatatii agricole individuale,Vrancea,2000,Kilograme,1090.0
Floarea soarelui,din care: Exploatatii agricole individuale,Arges,2000,Kilograme,696.0
Floarea soarelui,din care: Exploatatii agricole individuale,Timis,2000,Kilograme,995.0
Floarea soarelui,din care: Exploatatii agricole individuale,Salaj,2000,Kilograme,904.0
Floarea soarelui,din care: Exploatatii agricole individuale,Teleorman,2000,Kilograme,359.0
Floarea soarelui,din care: Exploatatii agricole individuale,Gorj,2000,Kilograme,370.0
Floarea soarelui,din care: Exploatatii agricole individuale,Prahova,2000,Kilograme,834.0
Floarea soarelui,Sector privat,Ilfov,2000,Kilograme,679.0
Floarea soarelui,Sector privat,Hunedoara,2000,Kilograme,986.0
Floarea soarelui,Sector privat,Braila,2000,Kilograme,1093.0
Floarea soarelui,Sector privat,Bistrita-Nasaud,2000,Kilograme,1109.0
Floarea soarelui,din care: Exploatatii agricole individuale,Alba,2000,Kilograme,844.0
Floarea soarelui,Sector privat,Municipiul Bucuresti,2000,Kilograme,563.0
Floarea soarelui,din care: Exploatatii agricole individuale,Arad,2000,Kilograme,813.0
Floarea soarelui,Sector privat,Sibiu,2000,Kilograme,642.0
Floarea soarelui,Sector privat,Dolj,2000,Kilograme,394.0
Floarea soarelui,din care: Exploatatii agricole individuale,Olt,2000,Kilograme,400.0
Floarea soarelui,Sector privat,Timis,2000,Kilograme,1021.0
Floarea soarelui,din care: Exploatatii agricole individuale,Valcea,2000,Kilograme,432.0
Floarea soarelui,din care: Exploatatii agricole individuale,Neamt,2000,Kilograme,1320.0
Floarea soarelui,din care: Exploatatii agricole individuale,Harghita,2000,Kilograme,1500.0
Floarea soarelui,din care: Exploatatii agricole individuale,Mures,2000,Kilograme,1214.0
Floarea soarelui,Sector privat,Vrancea,2000,Kilograme,1082.0
Floarea soarelui,din care: Exploatatii agricole individuale,Tulcea,2000,Kilograme,669.0
Floarea soarelui,Sector privat,Dambovita,2000,Kilograme,452.0
Floarea soarelui,Sector privat,Bacau,2000,Kilograme,978.0
Floarea soarelui,Sector privat,Cluj,2000,Kilograme,989.0
Floarea soarelui,Sector privat,Gorj,2000,Kilograme,361.0
Floarea soarelui,din care: Exploatatii agricole individuale,Bihor,2000,Kilograme,731.0
Floarea soarelui,din care: Exploatatii agricole individuale,Ialomita,2000,Kilograme,1012.0
Floarea soarelui,Sector privat,Mehedinti,2000,Kilograme,504.0
Floarea soarelui,Sector privat,Botosani,2000,Kilograme,971.0
Floarea soarelui,Sector privat,Maramures,2000,Kilograme,1147.0
Floarea soarelui,din care: Exploatatii agricole individuale,Mehedinti,2000,Kilograme,543.0
Floarea soarelui,din care: Exploatatii agricole individuale,Bistrita-Nasaud,2000,Kilograme,1109.0
Floarea soarelui,din care: Exploatatii agricole individuale,Buzau,2000,Kilograme,1164.0
Floarea soarelui,din care: Exploatatii agricole individuale,Municipiul Bucuresti,2000,Kilograme,900.0
Floarea soarelui,Sector privat,Giurgiu,2000,Kilograme,471.0
Floarea soarelui,din care: Exploatatii agricole individuale,Sibiu,2000,Kilograme,903.0
Floarea soarelui,Sector privat,Olt,2000,Kilograme,369.0
Floarea soarelui,Sector privat,Satu Mare,2000,Kilograme,1197.0
Floarea soarelui,Sector privat,Iasi,2000,Kilograme,1141.0
Floarea soarelui,din care: Exploatatii agricole individuale,Suceava,2000,Kilograme,1108.0
Floarea soarelui,din care: Exploatatii agricole individuale,Cluj,2000,Kilograme,981.0
Floarea soarelui,Sector privat,Arges,2000,Kilograme,500.0
Floarea soarelui,Sector privat,Ialomita,2000,Kilograme,1091.0
Floarea soarelui,Sector privat,Buzau,2000,Kilograme,1171.0
Floarea soarelui,Sector privat,Valcea,2000,Kilograme,333.0
Floarea soarelui,Sector privat,Neamt,2000,Kilograme,1313.0
Floarea soarelui,din care: Exploatatii agricole individuale,Braila,2000,Kilograme,1123.0
Floarea soarelui,Sector privat,Salaj,2000,Kilograme,903.0
Floarea soarelui,din care: Exploatatii agricole individuale,Constanta,2000,Kilograme,1009.0
Floarea soarelui,din care: Exploatatii agricole individuale,Dolj,2000,Kilograme,380.0
Floarea soarelui,Sector privat,Prahova,2000,Kilograme,729.0
Floarea soarelui,Sector privat,Caras-Severin,2000,Kilograme,915.0
Floarea soarelui,din care: Exploatatii agricole individuale,Maramures,2000,Kilograme,1165.0
Floarea soarelui,Sector privat,Mures,2000,Kilograme,1211.0
Floarea soarelui,din care: Exploatatii agricole individuale,Suceava,2001,Kilograme,1104.0
Floarea soarelui,din care: Exploatatii agricole individuale,Ilfov,2001,Kilograme,1260.0
Floarea soarelui,Sector privat,Caras-Severin,2001,Kilograme,1507.0
Floarea soarelui,Sector privat,Bihor,2001,Kilograme,1149.0
Floarea soarelui,Sector privat,Tulcea,2001,Kilograme,498.0
Floarea soarelui,din care: Exploatatii agricole individuale,Arad,2001,Kilograme,1327.0
Floarea soarelui,din care: Exploatatii agricole individuale,Valcea,2001,Kilograme,737.0
Floarea soarelui,Sector privat,Teleorman,2001,Kilograme,1404.0
Floarea soarelui,din care: Exploatatii agricole individuale,Botosani,2001,Kilograme,1341.0
Floarea soarelui,din care: Exploatatii agricole individuale,Calarasi,2001,Kilograme,1283.0
Floarea soarelui,din care: Exploatatii agricole individuale,Satu Mare,2001,Kilograme,1221.0
Floarea soarelui,din care: Exploatatii agricole individuale,Hunedoara,2001,Kilograme,1103.0
Floarea soarelui,din care: Exploatatii agricole individuale,Giurgiu,2001,Kilograme,1148.0
Floarea soarelui,Sector privat,Brasov,2001,Kilograme,2000.0
Floarea soarelui,Sector privat,Galati,2001,Kilograme,757.0
Floarea soarelui,din care: Exploatatii agricole individuale,Teleorman,2001,Kilograme,1459.0
Floarea soarelui,Sector privat,Mures,2001,Kilograme,1353.0
Floarea soarelui,din care: Exploatatii agricole individuale,Vrancea,2001,Kilograme,1011.0
Floarea soarelui,din care: Exploatatii agricole individuale,Constanta,2001,Kilograme,423.0
Floarea soarelui,din care: Exploatatii agricole individuale,Arges,2001,Kilograme,1033.0
Floarea soarelui,Sector privat,Vaslui,2001,Kilograme,902.0
Floarea soarelui,din care: Exploatatii agricole individuale,Timis,2001,Kilograme,1398.0
Floarea soarelui,din care: Exploatatii agricole individuale,Gorj,2001,Kilograme,977.0
Floarea soarelui,din care: Exploatatii agricole individuale,Prahova,2001,Kilograme,1332.0
Floarea soarelui,Sector privat,Ilfov,2001,Kilograme,1173.0
Floarea soarelui,Sector privat,Hunedoara,2001,Kilograme,890.0
Floarea soarelui,Sector privat,Bistrita-Nasaud,2001,Kilograme,1332.0
Floarea soarelui,Sector privat,Braila,2001,Kilograme,1032.0
Floarea soarelui,din care: Exploatatii agricole individuale,Iasi,2001,Kilograme,1562.0
Floarea soarelui,din care: Exploatatii agricole individuale,Alba,2001,Kilograme,1236.0
Floarea soarelui,din care: Exploatatii agricole individuale,Caras-Severin,2001,Kilograme,1508.0
Floarea soarelui,Sector privat,Calarasi,2001,Kilograme,1320.0
Floarea soarelui,Sector privat,Sibiu,2001,Kilograme,953.0
Floarea soarelui,Sector privat,Dolj,2001,Kilograme,772.0
Floarea soarelui,Sector privat,Timis,2001,Kilograme,1300.0
Floarea soarelui,din care: Exploatatii agricole individuale,Olt,2001,Kilograme,1404.0
Floarea soarelui,din care: Exploatatii agricole individuale,Neamt,2001,Kilograme,1487.0
Floarea soarelui,din care: Exploatatii agricole individuale,Mures,2001,Kilograme,1354.0
Floarea soarelui,Sector privat,Dambovita,2001,Kilograme,1082.0
Floarea soarelui,Sector privat,Cluj,2001,Kilograme,1433.0
Floarea soarelui,Sector privat,Vrancea,2001,Kilograme,1128.0
Floarea soarelui,din care: Exploatatii agricole individuale,Tulcea,2001,Kilograme,480.0
Floarea soarelui,Sector privat,Bacau,2001,Kilograme,1279.0
Floarea soarelui,Sector privat,Gorj,2001,Kilograme,977.0
Floarea soarelui,din care: Exploatatii agricole individuale,Bacau,2001,Kilograme,1279.0
Floarea soarelui,din care: Exploatatii agricole individuale,Bihor,2001,Kilograme,1246.0
Floarea soarelui,din care: Exploatatii agricole individuale,Vaslui,2001,Kilograme,910.0
Floarea soarelui,din care: Exploatatii agricole individuale,Ialomita,2001,Kilograme,1090.0
Floarea soarelui,din care: Exploatatii agricole individuale,Sibiu,2001,Kilograme,1039.0
Floarea soarelui,Sector privat,Maramures,2001,Kilograme,1116.0
Floarea soarelui,Sector privat,Botosani,2001,Kilograme,1210.0
Floarea soarelui,din care: Exploatatii agricole individuale,Mehedinti,2001,Kilograme,1280.0
Floarea soarelui,din care: Exploatatii agricole individuale,Buzau,2001,Kilograme,1090.0
Floarea soarelui,Sector privat,Mehedinti,2001,Kilograme,1205.0
Floarea soarelui,din care: Exploatatii agricole individuale,Bistrita-Nasaud,2001,Kilograme,1331.0
Floarea soarelui,Sector privat,Giurgiu,2001,Kilograme,1154.0
Floarea soarelui,Sector privat,Olt,2001,Kilograme,1344.0
Floarea soarelui,Sector privat,Satu Mare,2001,Kilograme,1203.0
Floarea soarelui,Sector privat,Alba,2001,Kilograme,1358.0
Floarea soarelui,Sector privat,Iasi,2001,Kilograme,1539.0
Floarea soarelui,din care: Exploatatii agricole individuale,Cluj,2001,Kilograme,1436.0
Floarea soarelui,Sector privat,Arges,2001,Kilograme,1010.0
Floarea soarelui,Sector privat,Buzau,2001,Kilograme,1055.0
Floarea soarelui,Sector privat,Ialomita,2001,Kilograme,1132.0
Floarea soarelui,Sector privat,Valcea,2001,Kilograme,749.0
Floarea soarelui,Sector privat,Neamt,2001,Kilograme,1378.0
Floarea soarelui,Sector privat,Salaj,2001,Kilograme,1080.0
Floarea soarelui,din care: Exploatatii agricole individuale,Braila,2001,Kilograme,1027.0
Floarea soarelui,din care: Exploatatii agricole individuale,Dambovita,2001,Kilograme,1669.0
Floarea soarelui,din care: Exploatatii agricole individuale,Galati,2001,Kilograme,757.0
Floarea soarelui,din care: Exploatatii agricole individuale,Dolj,2001,Kilograme,824.0
Floarea soarelui,Sector privat,Prahova,2001,Kilograme,1232.0
Floarea soarelui,din care: Exploatatii agricole individuale,Maramures,2001,Kilograme,1143.0
Floarea soarelui,Sector privat,Arad,2001,Kilograme,1332.0
Floarea soarelui,Sector privat,Constanta,2001,Kilograme,448.0
Floarea soarelui,Sector privat,Suceava,2001,Kilograme,1089.0
Floarea soarelui,din care: Exploatatii agricole individuale,Salaj,2001,Kilograme,1097.0
Floarea soarelui,Sector privat,Galati,2002,Kilograme,1169.0
Floarea soarelui,Sector privat,Neamt,2002,Kilograme,1477.0
Floarea soarelui,din care: Exploatatii agricole individuale,Dambovita,2002,Kilograme,1279.0
Floarea soarelui,Sector privat,Vaslui,2002,Kilograme,1647.0
Floarea soarelui,Sector privat,Mures,2002,Kilograme,1443.0
Floarea soarelui,Sector privat,Bihor,2002,Kilograme,1428.0
Floarea soarelui,din care: Exploatatii agricole individuale,Caras-Severin,2002,Kilograme,1397.0
Floarea soarelui,din care: Exploatatii agricole individuale,Constanta,2002,Kilograme,879.0
Floarea soarelui,din care: Exploatatii agricole individuale,Vrancea,2002,Kilograme,1059.0
Floarea soarelui,din care: Exploatatii agricole individuale,Arges,2002,Kilograme,968.0
Floarea soarelui,Sector privat,Caras-Severin,2002,Kilograme,1396.0
Floarea soarelui,din care: Exploatatii agricole individuale,Timis,2002,Kilograme,1883.0
Floarea soarelui,din care: Exploatatii agricole individuale,Salaj,2002,Kilograme,1347.0
Floarea soarelui,din care: Exploatatii agricole individuale,Gorj,2002,Kilograme,453.0
Floarea soarelui,Sector privat,Ilfov,2002,Kilograme,1354.0
Floarea soarelui,Sector privat,Hunedoara,2002,Kilograme,582.0
Floarea soarelui,din care: Exploatatii agricole individuale,Iasi,2002,Kilograme,1474.0
Floarea soarelui,Sector privat,Municipiul Bucuresti,2002,Kilograme,524.0
Floarea soarelui,Sector privat,Braila,2002,Kilograme,1537.0
Floarea soarelui,din care: Exploatatii agricole individuale,Giurgiu,2002,Kilograme,1064.0
Floarea soarelui,din care: Exploatatii agricole individuale,Suceava,2002,Kilograme,1446.0
Floarea soarelui,Sector privat,Bistrita-Nasaud,2002,Kilograme,1443.0
Floarea soarelui,Sector privat,Sibiu,2002,Kilograme,724.0
Floarea soarelui,Sector privat,Calarasi,2002,Kilograme,1133.0
Floarea soarelui,Sector privat,Dolj,2002,Kilograme,114.0
Floarea soarelui,din care: Exploatatii agricole individuale,Valcea,2002,Kilograme,1965.0
Floarea soarelui,din care: Exploatatii agricole individuale,Olt,2002,Kilograme,809.0
Floarea soarelui,Sector privat,Timis,2002,Kilograme,1696.0
Floarea soarelui,din care: Exploatatii agricole individuale,Neamt,2002,Kilograme,1552.0
Floarea soarelui,din care: Exploatatii agricole individuale,Prahova,2002,Kilograme,654.0
Floarea soarelui,din care: Exploatatii agricole individuale,Arad,2002,Kilograme,1871.0
Floarea soarelui,din care: Exploatatii agricole individuale,Mures,2002,Kilograme,1460.0
Floarea soarelui,din care: Exploatatii agricole individuale,Botosani,2002,Kilograme,2059.0
Floarea soarelui,Sector privat,Cluj,2002,Kilograme,1923.0
Floarea soarelui,Sector privat,Vrancea,2002,Kilograme,1021.0
Floarea soarelui,Sector privat,Dambovita,2002,Kilograme,932.0
Floarea soarelui,Sector privat,Bacau,2002,Kilograme,1457.0
Floarea soarelui,din care: Exploatatii agricole individuale,Tulcea,2002,Kilograme,1824.0
Floarea soarelui,din care: Exploatatii agricole individuale,Bacau,2002,Kilograme,1605.0
Floarea soarelui,din care: Exploatatii agricole individuale,Bihor,2002,Kilograme,1524.0
Floarea soarelui,Sector privat,Gorj,2002,Kilograme,453.0
Floarea soarelui,Sector privat,Maramures,2002,Kilograme,1294.0
Floarea soarelui,din care: Exploatatii agricole individuale,Calarasi,2002,Kilograme,988.0
Floarea soarelui,Sector privat,Botosani,2002,Kilograme,1805.0
Floarea soarelui,din care: Exploatatii agricole individuale,Municipiul Bucuresti,2002,Kilograme,226.0
Floarea soarelui,Sector privat,Mehedinti,2002,Kilograme,322.0
Floarea soarelui,din care: Exploatatii agricole individuale,Buzau,2002,Kilograme,487.0
Floarea soarelui,din care: Exploatatii agricole individuale,Bistrita-Nasaud,2002,Kilograme,1448.0
Floarea soarelui,Sector privat,Giurgiu,2002,Kilograme,907.0
Floarea soarelui,din care: Exploatatii agricole individuale,Ialomita,2002,Kilograme,1024.0
Floarea soarelui,Sector privat,Satu Mare,2002,Kilograme,1387.0
Floarea soarelui,Sector privat,Olt,2002,Kilograme,672.0
Floarea soarelui,Sector privat,Iasi,2002,Kilograme,1502.0
Floarea soarelui,din care: Exploatatii agricole individuale,Cluj,2002,Kilograme,1937.0
Floarea soarelui,Sector privat,Ialomita,2002,Kilograme,879.0
Floarea soarelui,Sector privat,Arges,2002,Kilograme,978.0
Floarea soarelui,Sector privat,Valcea,2002,Kilograme,1190.0
Floarea soarelui,din care: Exploatatii agricole individuale,Braila,2002,Kilograme,1771.0
Floarea soarelui,Sector privat,Salaj,2002,Kilograme,1316.0
Floarea soarelui,Sector privat,Constanta,2002,Kilograme,854.0
Floarea soarelui,Sector privat,Tulcea,2002,Kilograme,1276.0
Floarea soarelui,din care: Exploatatii agricole individuale,Galati,2002,Kilograme,1231.0
Floarea soarelui,din care: Exploatatii agricole individuale,Vaslui,2002,Kilograme,1687.0
Floarea soarelui,din care: Exploatatii agricole individuale,Ilfov,2002,Kilograme,2127.0
Floarea soarelui,din care: Exploatatii agricole individuale,Dolj,2002,Kilograme,79.0
Floarea soarelui,Sector privat,Prahova,2002,Kilograme,716.0
Floarea soarelui,din care: Exploatatii agricole individuale,Maramures,2002,Kilograme,1323.0
Floarea soarelui,Sector privat,Arad,2002,Kilograme,1645.0
Floarea soarelui,Sector privat,Buzau,2002,Kilograme,516.0
Floarea soarelui,Sector privat,Suceava,2002,Kilograme,1443.0
Floarea soarelui,Sector privat,Alba,2002,Kilograme,1400.0
Floarea soarelui,din care: Exploatatii agricole individuale,Mehedinti,2002,Kilograme,340.0
Floarea soarelui,Sector privat,Teleorman,2002,Kilograme,1078.0
Floarea soarelui,din care: Exploatatii agricole individuale,Satu Mare,2002,Kilograme,1398.0
Floarea soarelui,din care: Exploatatii agricole individuale,Sibiu,2002,Kilograme,1264.0
Floarea soarelui,din care: Exploatatii agricole individuale,Hunedoara,2002,Kilograme,1000.0
Floarea soarelui,Sector privat,Brasov,2002,Kilograme,1333.0
Floarea soarelui,din care: Exploatatii agricole individuale,Teleorman,2002,Kilograme,1194.0
Floarea soarelui,din care: Exploatatii agricole individuale,Alba,2002,Kilograme,1613.0
Floarea soarelui,din care: Exploatatii agricole individuale,Hunedoara,2003,Kilograme,700.0
Floarea soarelui,Sector privat,Arad,2003,Kilograme,1555.0
Floarea soarelui,din care: Exploatatii agricole individuale,Timis,2003,Kilograme,2614.0
Floarea soarelui,din care: Exploatatii agricole individuale,Salaj,2003,Kilograme,1531.0
Floarea soarelui,din care: Exploatatii agricole individuale,Gorj,2003,Kilograme,1086.0
Floarea soarelui,din care: Exploatatii agricole individuale,Sibiu,2003,Kilograme,1178.0
Floarea soarelui,din care: Exploatatii agricole individuale,Giurgiu,2003,Kilograme,1195.0
Floarea soarelui,Sector privat,Ilfov,2003,Kilograme,956.0
Floarea soarelui,Sector privat,Bihor,2003,Kilograme,1571.0
Floarea soarelui,Sector privat,Braila,2003,Kilograme,1538.0
Floarea soarelui,Sector privat,Buzau,2003,Kilograme,1675.0
Floarea soarelui,din care: Exploatatii agricole individuale,Alba,2003,Kilograme,1151.0
Floarea soarelui,Sector privat,Bistrita-Nasaud,2003,Kilograme,1842.0
Floarea soarelui,Sector privat,Calarasi,2003,Kilograme,1337.0
Floarea soarelui,Sector privat,Sibiu,2003,Kilograme,734.0
Floarea soarelui,din care: Exploatatii agricole individuale,Olt,2003,Kilograme,999.0
Floarea soarelui,din care: Exploatatii agricole individuale,Neamt,2003,Kilograme,1517.0
Floarea soarelui,Sector privat,Timis,2003,Kilograme,2085.0
Floarea soarelui,din care: Exploatatii agricole individuale,Arad,2003,Kilograme,1583.0
Floarea soarelui,Sector privat,Caras-Severin,2003,Kilograme,1724.0
Floarea soarelui,din care: Exploatatii agricole individuale,Mures,2003,Kilograme,1539.0
Floarea soarelui,Sector privat,Dolj,2003,Kilograme,866.0
Floarea soarelui,Sector privat,Vrancea,2003,Kilograme,1291.0
Floarea soarelui,Sector privat,Cluj,2003,Kilograme,1969.0
Floarea soarelui,din care: Exploatatii agricole individuale,Botosani,2003,Kilograme,1770.0
Floarea soarelui,Sector privat,Dambovita,2003,Kilograme,1161.0
Floarea soarelui,Sector privat,Bacau,2003,Kilograme,1443.0
Floarea soarelui,din care: Exploatatii agricole individuale,Bacau,2003,Kilograme,1536.0
Floarea soarelui,din care: Exploatatii agricole individuale,Tulcea,2003,Kilograme,1363.0
Floarea soarelui,Sector privat,Gorj,2003,Kilograme,1086.0
Floarea soarelui,din care: Exploatatii agricole individuale,Bihor,2003,Kilograme,1518.0
Floarea soarelui,din care: Exploatatii agricole individuale,Vaslui,2003,Kilograme,1315.0
Floarea soarelui,Sector privat,Maramures,2003,Kilograme,1206.0
Floarea soarelui,Sector privat,Constanta,2003,Kilograme,1057.0
Floarea soarelui,din care: Exploatatii agricole individuale,Calarasi,2003,Kilograme,1386.0
Floarea soarelui,din care: Exploatatii agricole individuale,Valcea,2003,Kilograme,1450.0
Floarea soarelui,Sector privat,Mehedinti,2003,Kilograme,1364.0
Floarea soarelui,Sector privat,Botosani,2003,Kilograme,1558.0
Floarea soarelui,din care: Exploatatii agricole individuale,Buzau,2003,Kilograme,1719.0
Floarea soarelui,din care: Exploatatii agricole individuale,Bistrita-Nasaud,2003,Kilograme,1843.0
Floarea soarelui,Sector privat,Giurgiu,2003,Kilograme,1004.0
Floarea soarelui,Sector privat,Olt,2003,Kilograme,946.0
Floarea soarelui,Sector privat,Satu Mare,2003,Kilograme,1603.0
Floarea soarelui,din care: Exploatatii agricole individuale,Ialomita,2003,Kilograme,1210.0
Floarea soarelui,din care: Exploatatii agricole individuale,Cluj,2003,Kilograme,1953.0
Floarea soarelui,Sector privat,Iasi,2003,Kilograme,1333.0
Floarea soarelui,Sector privat,Arges,2003,Kilograme,1176.0
Floarea soarelui,din care: Exploatatii agricole individuale,Satu Mare,2003,Kilograme,1500.0
Floarea soarelui,din care: Exploatatii agricole individuale,Braila,2003,Kilograme,1642.0
Floarea soarelui,din care: Exploatatii agricole individuale,Suceava,2003,Kilograme,1432.0
Floarea soarelui,Sector privat,Salaj,2003,Kilograme,1503.0
Floarea soarelui,Sector privat,Neamt,2003,Kilograme,1707.0
Floarea soarelui,din care: Exploatatii agricole individuale,Galati,2003,Kilograme,1637.0
Floarea soarelui,Sector privat,Valcea,2003,Kilograme,1272.0
Floarea soarelui,din care: Exploatatii agricole individuale,Dolj,2003,Kilograme,912.0
Floarea soarelui,din care: Exploatatii agricole individuale,Ilfov,2003,Kilograme,1255.0
Floarea soarelui,din care: Exploatatii agricole individuale,Maramures,2003,Kilograme,1236.0
Floarea soarelui,Sector privat,Prahova,2003,Kilograme,1039.0
Floarea soarelui,din care: Exploatatii agricole individuale,Teleorman,2003,Kilograme,878.0
Floarea soarelui,Sector privat,Suceava,2003,Kilograme,1460.0
Floarea soarelui,Sector privat,Alba,2003,Kilograme,1226.0
Floarea soarelui,din care: Exploatatii agricole individuale,Iasi,2003,Kilograme,1344.0
Floarea soarelui,Sector privat,Teleorman,2003,Kilograme,1002.0
Floarea soarelui,din care: Exploatatii agricole individuale,Mehedinti,2003,Kilograme,1467.0
Floarea soarelui,Sector privat,Hunedoara,2003,Kilograme,1083.0
Floarea soarelui,Sector privat,Ialomita,2003,Kilograme,1249.0
Floarea soarelui,din care: Exploatatii agricole individuale,Dambovita,2003,Kilograme,1665.0
Floarea soarelui,Sector privat,Galati,2003,Kilograme,1324.0
Floarea soarelui,din care: Exploatatii agricole individuale,Vrancea,2003,Kilograme,1284.0
Floarea soarelui,din care: Exploatatii agricole individuale,Constanta,2003,Kilograme,1035.0
Floarea soarelui,Sector privat,Tulcea,2003,Kilograme,1087.0
Floarea soarelui,din care: Exploatatii agricole individuale,Caras-Severin,2003,Kilograme,1724.0
Floarea soarelui,Sector privat,Vaslui,2003,Kilograme,1313.0
Floarea soarelui,din care: Exploatatii agricole individuale,Arges,2003,Kilograme,1749.0
Floarea soarelui,Sector privat,Mures,2003,Kilograme,1553.0
Floarea soarelui,din care: Exploatatii agricole individuale,Prahova,2003,Kilograme,1407.0
Floarea soarelui,din care: Exploatatii agricole individuale,Giurgiu,2004,Kilograme,1629.0
Floarea soarelui,Sector privat,Suceava,2004,Kilograme,1480.0
Floarea soarelui,din care: Exploatatii agricole individuale,Timis,2004,Kilograme,1511.0
Floarea soarelui,Sector privat,Hunedoara,2004,Kilograme,1314.0
Floarea soarelui,din care: Exploatatii agricole individuale,Dambovita,2004,Kilograme,2313.0
Floarea soarelui,Sector privat,Municipiul Bucuresti,2004,Kilograme,1000.0
Floarea soarelui,Sector privat,Buzau,2004,Kilograme,1646.0
Floarea soarelui,din care: Exploatatii agricole individuale,Alba,2004,Kilograme,1933.0
Floarea soarelui,din care: Exploatatii agricole individuale,Arges,2004,Kilograme,1837.0
Floarea soarelui,Sector privat,Calarasi,2004,Kilograme,1889.0
Floarea soarelui,Sector privat,Sibiu,2004,Kilograme,1000.0
Floarea soarelui,din care: Exploatatii agricole individuale,Gorj,2004,Kilograme,1431.0
Floarea soarelui,din care: Exploatatii agricole individuale,Neamt,2004,Kilograme,1718.0
Floarea soarelui,Sector privat,Timis,2004,Kilograme,1571.0
Floarea soarelui,din care: Exploatatii agricole individuale,Prahova,2004,Kilograme,1756.0
Floarea soarelui,din care: Exploatatii agricole individuale,Olt,2004,Kilograme,1797.0
Floarea soarelui,din care: Exploatatii agricole individuale,Arad,2004,Kilograme,1305.0
Floarea soarelui,Sector privat,Dolj,2004,Kilograme,1708.0
Floarea soarelui,Sector privat,Vrancea,2004,Kilograme,1911.0
Floarea soarelui,Sector privat,Ilfov,2004,Kilograme,1638.0
Floarea soarelui,Sector privat,Bacau,2004,Kilograme,1405.0
Floarea soarelui,Sector privat,Dambovita,2004,Kilograme,1980.0
Floarea soarelui,din care: Exploatatii agricole individuale,Tulcea,2004,Kilograme,1330.0
Floarea soarelui,din care: Exploatatii agricole individuale,Bihor,2004,Kilograme,2022.0
Floarea soarelui,Sector privat,Gorj,2004,Kilograme,1346.0
Floarea soarelui,din care: Exploatatii agricole individuale,Bacau,2004,Kilograme,1390.0
Floarea soarelui,Sector privat,Braila,2004,Kilograme,1538.0
Floarea soarelui,din care: Exploatatii agricole individuale,Calarasi,2004,Kilograme,1881.0
Floarea soarelui,din care: Exploatatii agricole individuale,Vaslui,2004,Kilograme,1267.0
Floarea soarelui,Sector privat,Maramures,2004,Kilograme,1488.0
Floarea soarelui,din care: Exploatatii agricole individuale,Municipiul Bucuresti,2004,Kilograme,1000.0
Floarea soarelui,Sector privat,Mehedinti,2004,Kilograme,1710.0
Floarea soarelui,din care: Exploatatii agricole individuale,Buzau,2004,Kilograme,1573.0
Floarea soarelui,Sector privat,Botosani,2004,Kilograme,936.0
Floarea soarelui,din care: Exploatatii agricole individuale,Bistrita-Nasaud,2004,Kilograme,1708.0
Floarea soarelui,din care: Exploatatii agricole individuale,Galati,2004,Kilograme,1648.0
Floarea soarelui,Sector privat,Giurgiu,2004,Kilograme,1551.0
Floarea soarelui,Sector privat,Constanta,2004,Kilograme,1534.0
Floarea soarelui,din care: Exploatatii agricole individuale,Vrancea,2004,Kilograme,2264.0
Floarea soarelui,Sector privat,Satu Mare,2004,Kilograme,1798.0
Floarea soarelui,din care: Exploatatii agricole individuale,Ialomita,2004,Kilograme,2086.0
Floarea soarelui,Sector privat,Olt,2004,Kilograme,1483.0
Floarea soarelui,Sector privat,Iasi,2004,Kilograme,1463.0
Floarea soarelui,din care: Exploatatii agricole individuale,Cluj,2004,Kilograme,1834.0
Floarea soarelui,Sector privat,Ialomita,2004,Kilograme,1842.0
Floarea soarelui,Sector privat,Arges,2004,Kilograme,1738.0
Floarea soarelui,din care: Exploatatii agricole individuale,Satu Mare,2004,Kilograme,1703.0
Floarea soarelui,din care: Exploatatii agricole individuale,Suceava,2004,Kilograme,1475.0
Floarea soarelui,Sector privat,Neamt,2004,Kilograme,1692.0
Floarea soarelui,din care: Exploatatii agricole individuale,Iasi,2004,Kilograme,1538.0
Floarea soarelui,Sector privat,Salaj,2004,Kilograme,1426.0
Floarea soarelui,Sector privat,Valcea,2004,Kilograme,2393.0
Floarea soarelui,din care: Exploatatii agricole individuale,Ilfov,2004,Kilograme,1842.0
Floarea soarelui,din care: Exploatatii agricole individuale,Dolj,2004,Kilograme,1917.0
Floarea soarelui,din care: Exploatatii agricole individuale,Maramures,2004,Kilograme,1501.0
Floarea soarelui,Sector privat,Prahova,2004,Kilograme,1494.0
Floarea soarelui,Sector privat,Arad,2004,Kilograme,1555.0
Floarea soarelui,Sector privat,Mures,2004,Kilograme,1616.0
Floarea soarelui,Sector privat,Alba,2004,Kilograme,1773.0
Floarea soarelui,din care: Exploatatii agricole individuale,Mehedinti,2004,Kilograme,1759.0
Floarea soarelui,Sector privat,Teleorman,2004,Kilograme,1592.0
Floarea soarelui,din care: Exploatatii agricole individuale,Botosani,2004,Kilograme,895.0
Floarea soarelui,din care: Exploatatii agricole individuale,Mures,2004,Kilograme,1585.0
Floarea soarelui,Sector privat,Bistrita-Nasaud,2004,Kilograme,1710.0
Floarea soarelui,din care: Exploatatii agricole individuale,Braila,2004,Kilograme,1532.0
Floarea soarelui,din care: Exploatatii agricole individuale,Constanta,2004,Kilograme,1516.0
Floarea soarelui,Sector privat,Bihor,2004,Kilograme,1922.0
Floarea soarelui,din care: Exploatatii agricole individuale,Caras-Severin,2004,Kilograme,2177.0
Floarea soarelui,Sector privat,Tulcea,2004,Kilograme,1307.0
Floarea soarelui,din care: Exploatatii agricole individuale,Teleorman,2004,Kilograme,1545.0
Floarea soarelui,Sector privat,Galati,2004,Kilograme,1638.0
Floarea soarelui,din care: Exploatatii agricole individuale,Salaj,2004,Kilograme,1442.0
Floarea soarelui,Sector privat,Caras-Severin,2004,Kilograme,1857.0
Floarea soarelui,Sector privat,Vaslui,2004,Kilograme,1268.0
Floarea soarelui,Sector privat,Cluj,2004,Kilograme,1878.0
Floarea soarelui,Sector privat,Dolj,2005,Kilograme,1727.0
Floarea soarelui,Sector privat,Alba,2005,Kilograme,376.0
Floarea soarelui,Sector privat,Vaslui,2005,Kilograme,1343.0
Floarea soarelui,Sector privat,Mures,2005,Kilograme,1203.0
Floarea soarelui,Sector privat,Bihor,2005,Kilograme,1650.0
Floarea soarelui,din care: Exploatatii agricole individuale,Constanta,2005,Kilograme,1617.0
Floarea soarelui,Sector privat,Ilfov,2005,Kilograme,916.0
Floarea soarelui,din care: Exploatatii agricole individuale,Giurgiu,2005,Kilograme,993.0
Floarea soarelui,din care: Exploatatii agricole individuale,Timis,2005,Kilograme,1549.0
Floarea soarelui,din care: Exploatatii agricole individuale,Dambovita,2005,Kilograme,1006.0
Floarea soarelui,Sector privat,Hunedoara,2005,Kilograme,1199.0
Floarea soarelui,Sector privat,Municipiul Bucuresti,2005,Kilograme,1375.0
Floarea soarelui,din care: Exploatatii agricole individuale,Alba,2005,Kilograme,902.0
Floarea soarelui,Sector privat,Buzau,2005,Kilograme,1348.0
Floarea soarelui,din care: Exploatatii agricole individuale,Teleorman,2005,Kilograme,1218.0
Floarea soarelui,Sector privat,Sibiu,2005,Kilograme,957.0
Floarea soarelui,Sector privat,Bistrita-Nasaud,2005,Kilograme,1405.0
Floarea soarelui,din care: Exploatatii agricole individuale,Gorj,2005,Kilograme,1000.0
Floarea soarelui,din care: Exploatatii agricole individuale,Neamt,2005,Kilograme,1149.0
Floarea soarelui,Sector privat,Galati,2005,Kilograme,1508.0
Floarea soarelui,Sector privat,Timis,2005,Kilograme,1687.0
Floarea soarelui,din care: Exploatatii agricole individuale,Arad,2005,Kilograme,1560.0
Floarea soarelui,Sector privat,Bacau,2005,Kilograme,1116.0
Floarea soarelui,Sector privat,Dambovita,2005,Kilograme,939.0
Floarea soarelui,din care: Exploatatii agricole individuale,Bihor,2005,Kilograme,1732.0
Floarea soarelui,din care: Exploatatii agricole individuale,Bacau,2005,Kilograme,1179.0
Floarea soarelui,Sector privat,Gorj,2005,Kilograme,1000.0
Floarea soarelui,din care: Exploatatii agricole individuale,Botosani,2005,Kilograme,1203.0
Floarea soarelui,Sector privat,Braila,2005,Kilograme,1614.0
Floarea soarelui,din care: Exploatatii agricole individuale,Calarasi,2005,Kilograme,1410.0
Floarea soarelui,Sector privat,Maramures,2005,Kilograme,1420.0
Floarea soarelui,Sector privat,Botosani,2005,Kilograme,1158.0
Floarea soarelui,din care: Exploatatii agricole individuale,Buzau,2005,Kilograme,1631.0
Floarea soarelui,din care: Exploatatii agricole individuale,Galati,2005,Kilograme,1600.0
Floarea soarelui,din care: Exploatatii agricole individuale,Bistrita-Nasaud,2005,Kilograme,1423.0
Floarea soarelui,Sector privat,Mehedinti,2005,Kilograme,1308.0
Floarea soarelui,Sector privat,Giurgiu,2005,Kilograme,977.0
Floarea soarelui,Sector privat,Constanta,2005,Kilograme,1661.0
Floarea soarelui,Sector privat,Tulcea,2005,Kilograme,1201.0
Floarea soarelui,din care: Exploatatii agricole individuale,Vrancea,2005,Kilograme,1441.0
Floarea soarelui,din care: Exploatatii agricole individuale,Ialomita,2005,Kilograme,1220.0
Floarea soarelui,Sector privat,Olt,2005,Kilograme,1493.0
Floarea soarelui,Sector privat,Iasi,2005,Kilograme,1361.0
Floarea soarelui,Sector privat,Satu Mare,2005,Kilograme,1452.0
Floarea soarelui,din care: Exploatatii agricole individuale,Cluj,2005,Kilograme,1824.0
Floarea soarelui,Sector privat,Ialomita,2005,Kilograme,1144.0
Floarea soarelui,din care: Exploatatii agricole individuale,Suceava,2005,Kilograme,1470.0
Floarea soarelui,din care: Exploatatii agricole individuale,Satu Mare,2005,Kilograme,1430.0
Floarea soarelui,Sector privat,Salaj,2005,Kilograme,1245.0
Floarea soarelui,din care: Exploatatii agricole individuale,Dolj,2005,Kilograme,1271.0
Floarea soarelui,Sector privat,Valcea,2005,Kilograme,712.0
Floarea soarelui,Sector privat,Arges,2005,Kilograme,1052.0
Floarea soarelui,din care: Exploatatii agricole individuale,Ilfov,2005,Kilograme,1218.0
Floarea soarelui,Sector privat,Prahova,2005,Kilograme,1068.0
Floarea soarelui,din care: Exploatatii agricole individuale,Maramures,2005,Kilograme,1526.0
Floarea soarelui,din care: Exploatatii agricole individuale,Braila,2005,Kilograme,1713.0
Floarea soarelui,Sector privat,Arad,2005,Kilograme,1345.0
Floarea soarelui,Sector privat,Suceava,2005,Kilograme,1457.0
Floarea soarelui,Sector privat,Caras-Severin,2005,Kilograme,1278.0
Floarea soarelui,din care: Exploatatii agricole individuale,Vaslui,2005,Kilograme,1367.0
Floarea soarelui,Sector privat,Teleorman,2005,Kilograme,1350.0
Floarea soarelui,din care: Exploatatii agricole individuale,Mehedinti,2005,Kilograme,1402.0
Floarea soarelui,din care: Exploatatii agricole individuale,Iasi,2005,Kilograme,1295.0
Floarea soarelui,din care: Exploatatii agricole individuale,Mures,2005,Kilograme,1179.0
Floarea soarelui,Sector privat,Calarasi,2005,Kilograme,1345.0
Floarea soarelui,din care: Exploatatii agricole individuale,Olt,2005,Kilograme,1162.0
Floarea soarelui,Sector privat,Vrancea,2005,Kilograme,1447.0
Floarea soarelui,Sector privat,Cluj,2005,Kilograme,1804.0
Floarea soarelui,din care: Exploatatii agricole individuale,Arges,2005,Kilograme,1003.0
Floarea soarelui,din care: Exploatatii agricole individuale,Tulcea,2005,Kilograme,1200.0
Floarea soarelui,din care: Exploatatii agricole individuale,Hunedoara,2005,Kilograme,1196.0
Floarea soarelui,Sector privat,Neamt,2005,Kilograme,1164.0
Floarea soarelui,din care: Exploatatii agricole individuale,Caras-Severin,2005,Kilograme,1487.0
Floarea soarelui,din care: Exploatatii agricole individuale,Salaj,2005,Kilograme,1291.0
Floarea soarelui,din care: Exploatatii agricole individuale,Sibiu,2005,Kilograme,1000.0
Floarea soarelui,din care: Exploatatii agricole individuale,Prahova,2005,Kilograme,1148.0
Floarea soarelui,din care: Exploatatii agricole individuale,Constanta,2006,Kilograme,1764.0
Floarea soarelui,Sector privat,Neamt,2006,Kilograme,1711.0
Floarea soarelui,Sector privat,Vaslui,2006,Kilograme,1270.0
Floarea soarelui,Sector privat,Ilfov,2006,Kilograme,1174.0
Floarea soarelui,Sector privat,Mures,2006,Kilograme,1632.0
Floarea soarelui,din care: Exploatatii agricole individuale,Sibiu,2006,Kilograme,1328.0
Floarea soarelui,din care: Exploatatii agricole individuale,Timis,2006,Kilograme,1429.0
Floarea soarelui,din care: Exploatatii agricole individuale,Giurgiu,2006,Kilograme,1367.0
Floarea soarelui,Sector privat,Hunedoara,2006,Kilograme,1684.0
Floarea soarelui,din care: Exploatatii agricole individuale,Dambovita,2006,Kilograme,1019.0
Floarea soarelui,din care: Exploatatii agricole individuale,Mures,2006,Kilograme,1617.0
Floarea soarelui,Sector privat,Municipiul Bucuresti,2006,Kilograme,1043.0
Floarea soarelui,Sector privat,Buzau,2006,Kilograme,1490.0
Floarea soarelui,din care: Exploatatii agricole individuale,Hunedoara,2006,Kilograme,2000.0
Floarea soarelui,din care: Exploatatii agricole individuale,Alba,2006,Kilograme,1703.0
Floarea soarelui,Sector privat,Timis,2006,Kilograme,1424.0
Floarea soarelui,din care: Exploatatii agricole individuale,Prahova,2006,Kilograme,780.0
Floarea soarelui,Sector privat,Calarasi,2006,Kilograme,1571.0
Floarea soarelui,Sector privat,Sibiu,2006,Kilograme,1426.0
Floarea soarelui,Sector privat,Bihor,2006,Kilograme,1585.0
Floarea soarelui,Sector privat,Bistrita-Nasaud,2006,Kilograme,1471.0
Floarea soarelui,din care: Exploatatii agricole individuale,Arad,2006,Kilograme,1468.0
Floarea soarelui,din care: Exploatatii agricole individuale,Olt,2006,Kilograme,1391.0
Floarea soarelui,Sector privat,Vrancea,2006,Kilograme,1733.0
Floarea soarelui,din care: Exploatatii agricole individuale,Arges,2006,Kilograme,1335.0
Floarea soarelui,Sector privat,Cluj,2006,Kilograme,1883.0
Floarea soarelui,din care: Exploatatii agricole individuale,Bihor,2006,Kilograme,1502.0
Floarea soarelui,Sector privat,Dambovita,2006,Kilograme,1032.0
Floarea soarelui,Sector privat,Bacau,2006,Kilograme,1513.0
Floarea soarelui,Sector privat,Braila,2006,Kilograme,1760.0
Floarea soarelui,din care: Exploatatii agricole individuale,Calarasi,2006,Kilograme,1386.0
Floarea soarelui,din care: Exploatatii agricole individuale,Buzau,2006,Kilograme,1482.0
Floarea soarelui,din care: Exploatatii agricole individuale,Neamt,2006,Kilograme,1691.0
Floarea soarelui,din care: Exploatatii agricole individuale,Bistrita-Nasaud,2006,Kilograme,1476.0
Floarea soarelui,Sector privat,Maramures,2006,Kilograme,1259.0
Floarea soarelui,Sector privat,Mehedinti,2006,Kilograme,1865.0
Floarea soarelui,din care: Exploatatii agricole individuale,Galati,2006,Kilograme,1489.0
Floarea soarelui,Sector privat,Botosani,2006,Kilograme,1276.0
Floarea soarelui,Sector privat,Giurgiu,2006,Kilograme,1298.0
Floarea soarelui,din care: Exploatatii agricole individuale,Bacau,2006,Kilograme,1478.0
Floarea soarelui,din care: Exploatatii agricole individuale,Valcea,2006,Kilograme,1573.0
Floarea soarelui,din care: Exploatatii agricole individuale,Vaslui,2006,Kilograme,1332.0
Floarea soarelui,din care: Exploatatii agricole individuale,Botosani,2006,Kilograme,1258.0
Floarea soarelui,din care: Exploatatii agricole individuale,Ialomita,2006,Kilograme,1395.0
Floarea soarelui,din care: Exploatatii agricole individuale,Vrancea,2006,Kilograme,1755.0
Floarea soarelui,Sector privat,Olt,2006,Kilograme,1421.0
Floarea soarelui,Sector privat,Iasi,2006,Kilograme,1744.0
Floarea soarelui,din care: Exploatatii agricole individuale,Cluj,2006,Kilograme,1892.0
Floarea soarelui,Sector privat,Satu Mare,2006,Kilograme,1620.0
Floarea soarelui,Sector privat,Tulcea,2006,Kilograme,1263.0
Floarea soarelui,Sector privat,Ialomita,2006,Kilograme,1670.0
Floarea soarelui,din care: Exploatatii agricole individuale,Satu Mare,2006,Kilograme,1551.0
Floarea soarelui,Sector privat,Salaj,2006,Kilograme,1399.0
Floarea soarelui,Sector privat,Constanta,2006,Kilograme,1792.0
Floarea soarelui,din care: Exploatatii agricole individuale,Dolj,2006,Kilograme,1605.0
Floarea soarelui,Sector privat,Valcea,2006,Kilograme,1517.0
Floarea soarelui,din care: Exploatatii agricole individuale,Ilfov,2006,Kilograme,1088.0
Floarea soarelui,Sector privat,Galati,2006,Kilograme,1516.0
Floarea soarelui,din care: Exploatatii agricole individuale,Maramures,2006,Kilograme,1291.0
Floarea soarelui,din care: Exploatatii agricole individuale,Iasi,2006,Kilograme,1762.0
Floarea soarelui,Sector privat,Prahova,2006,Kilograme,1064.0
Floarea soarelui,Sector privat,Arges,2006,Kilograme,1428.0
Floarea soarelui,din care: Exploatatii agricole individuale,Braila,2006,Kilograme,1769.0
Floarea soarelui,din care: Exploatatii agricole individuale,Tulcea,2006,Kilograme,1003.0
Floarea soarelui,Sector privat,Alba,2006,Kilograme,1545.0
Floarea soarelui,Sector privat,Arad,2006,Kilograme,1487.0
Floarea soarelui,Sector privat,Suceava,2006,Kilograme,1512.0
Floarea soarelui,Sector privat,Teleorman,2006,Kilograme,1539.0
Floarea soarelui,din care: Exploatatii agricole individuale,Mehedinti,2006,Kilograme,1888.0
Floarea soarelui,din care: Exploatatii agricole individuale,Teleorman,2006,Kilograme,1411.0
Floarea soarelui,din care: Exploatatii agricole individuale,Suceava,2006,Kilograme,1516.0
Floarea soarelui,din care: Exploatatii agricole individuale,Salaj,2006,Kilograme,1517.0
Floarea soarelui,Sector privat,Caras-Severin,2006,Kilograme,1589.0
Floarea soarelui,din care: Exploatatii agricole individuale,Caras-Severin,2006,Kilograme,1600.0
Floarea soarelui,Sector privat,Dolj,2006,Kilograme,1562.0
Floarea soarelui,din care: Exploatatii agricole individuale,Vaslui,2007,Kilograme,264.0
Floarea soarelui,din care: Exploatatii agricole individuale,Iasi,2007,Kilograme,500.0
Floarea soarelui,Sector privat,Caras-Severin,2007,Kilograme,1362.0
Floarea soarelui,din care: Exploatatii agricole individuale,Salaj,2007,Kilograme,765.0
Floarea soarelui,din care: Exploatatii agricole individuale,Constanta,2007,Kilograme,220.0
Floarea soarelui,Sector privat,Ilfov,2007,Kilograme,408.0
Floarea soarelui,Sector privat,Vaslui,2007,Kilograme,340.0
Floarea soarelui,Sector privat,Mures,2007,Kilograme,1318.0
Floarea soarelui,Sector privat,Bihor,2007,Kilograme,1111.0
Floarea soarelui,Sector privat,Galati,2007,Kilograme,529.0
Floarea soarelui,din care: Exploatatii agricole individuale,Giurgiu,2007,Kilograme,128.0
Floarea soarelui,din care: Exploatatii agricole individuale,Timis,2007,Kilograme,1201.0
Floarea soarelui,Sector privat,Hunedoara,2007,Kilograme,233.0
Floarea soarelui,din care: Exploatatii agricole individuale,Mures,2007,Kilograme,1284.0
Floarea soarelui,din care: Exploatatii agricole individuale,Dambovita,2007,Kilograme,983.0
Floarea soarelui,din care: Exploatatii agricole individuale,Mehedinti,2007,Kilograme,176.0
Floarea soarelui,Sector privat,Buzau,2007,Kilograme,529.0
Floarea soarelui,din care: Exploatatii agricole individuale,Bacau,2007,Kilograme,690.0
Floarea soarelui,din care: Exploatatii agricole individuale,Satu Mare,2007,Kilograme,906.0
Floarea soarelui,Sector privat,Dolj,2007,Kilograme,427.0
Floarea soarelui,Sector privat,Calarasi,2007,Kilograme,362.0
Floarea soarelui,Sector privat,Sibiu,2007,Kilograme,904.0
Floarea soarelui,Sector privat,Bistrita-Nasaud,2007,Kilograme,1099.0
Floarea soarelui,din care: Exploatatii agricole individuale,Arad,2007,Kilograme,1104.0
Floarea soarelui,din care: Exploatatii agricole individuale,Prahova,2007,Kilograme,615.0
Floarea soarelui,Sector privat,Vrancea,2007,Kilograme,746.0
Floarea soarelui,din care: Exploatatii agricole individuale,Arges,2007,Kilograme,438.0
Floarea soarelui,Sector privat,Cluj,2007,Kilograme,1205.0
Floarea soarelui,din care: Exploatatii agricole individuale,Bihor,2007,Kilograme,855.0
Floarea soarelui,Sector privat,Bacau,2007,Kilograme,724.0
Floarea soarelui,Sector privat,Dambovita,2007,Kilograme,620.0
Floarea soarelui,Sector privat,Braila,2007,Kilograme,923.0
Floarea soarelui,din care: Exploatatii agricole individuale,Buzau,2007,Kilograme,462.0
Floarea soarelui,din care: Exploatatii agricole individuale,Neamt,2007,Kilograme,729.0
Floarea soarelui,din care: Exploatatii agricole individuale,Calarasi,2007,Kilograme,124.0
Floarea soarelui,din care: Exploatatii agricole individuale,Bistrita-Nasaud,2007,Kilograme,1097.0
Floarea soarelui,Sector privat,Mehedinti,2007,Kilograme,181.0
Floarea soarelui,Sector privat,Maramures,2007,Kilograme,850.0
Floarea soarelui,Sector privat,Botosani,2007,Kilograme,896.0
Floarea soarelui,din care: Exploatatii agricole individuale,Olt,2007,Kilograme,273.0
Floarea soarelui,Sector privat,Giurgiu,2007,Kilograme,212.0
Floarea soarelui,din care: Exploatatii agricole individuale,Valcea,2007,Kilograme,383.0
Floarea soarelui,Sector privat,Olt,2007,Kilograme,409.0
Floarea soarelui,din care: Exploatatii agricole individuale,Botosani,2007,Kilograme,858.0
Floarea soarelui,din care: Exploatatii agricole individuale,Vrancea,2007,Kilograme,640.0
Floarea soarelui,din care: Exploatatii agricole individuale,Ialomita,2007,Kilograme,331.0
Floarea soarelui,Sector privat,Iasi,2007,Kilograme,613.0
Floarea soarelui,Sector privat,Satu Mare,2007,Kilograme,1088.0
Floarea soarelui,din care: Exploatatii agricole individuale,Cluj,2007,Kilograme,1141.0
Floarea soarelui,din care: Exploatatii agricole individuale,Galati,2007,Kilograme,395.0
Floarea soarelui,Sector privat,Ialomita,2007,Kilograme,425.0
Floarea soarelui,Sector privat,Tulcea,2007,Kilograme,325.0
Floarea soarelui,din care: Exploatatii agricole individuale,Suceava,2007,Kilograme,1340.0
Floarea soarelui,Sector privat,Teleorman,2007,Kilograme,455.0
Floarea soarelui,din care: Exploatatii agricole individuale,Teleorman,2007,Kilograme,370.0
Floarea soarelui,Sector privat,Valcea,2007,Kilograme,459.0
Floarea soarelui,Sector privat,Salaj,2007,Kilograme,765.0
Floarea soarelui,din care: Exploatatii agricole individuale,Dolj,2007,Kilograme,349.0
Floarea soarelui,Sector privat,Constanta,2007,Kilograme,962.0
Floarea soarelui,din care: Exploatatii agricole individuale,Ilfov,2007,Kilograme,337.0
Floarea soarelui,Sector privat,Prahova,2007,Kilograme,651.0
Floarea soarelui,Sector privat,Neamt,2007,Kilograme,1022.0
Floarea soarelui,Sector privat,Arges,2007,Kilograme,621.0
Floarea soarelui,din care: Exploatatii agricole individuale,Maramures,2007,Kilograme,850.0
Floarea soarelui,Sector privat,Arad,2007,Kilograme,1189.0
Floarea soarelui,Sector privat,Alba,2007,Kilograme,1134.0
Floarea soarelui,din care: Exploatatii agricole individuale,Tulcea,2007,Kilograme,293.0
Floarea soarelui,Sector privat,Suceava,2007,Kilograme,1340.0
Floarea soarelui,din care: Exploatatii agricole individuale,Braila,2007,Kilograme,785.0
Floarea soarelui,din care: Exploatatii agricole individuale,Alba,2007,Kilograme,1000.0
Floarea soarelui,Sector privat,Timis,2007,Kilograme,1134.0
Floarea soarelui,Sector privat,Teleorman,2008,Kilograme,1173.0
Floarea soarelui,din care: Exploatatii agricole individuale,Braila,2008,Kilograme,1476.0
Floarea soarelui,din care: Exploatatii agricole individuale,Mures,2008,Kilograme,1668.0
Floarea soarelui,din care: Exploatatii agricole individuale,Teleorman,2008,Kilograme,1062.0
Floarea soarelui,din care: Exploatatii agricole individuale,Bacau,2008,Kilograme,1378.0
Floarea soarelui,din care: Exploatatii agricole individuale,Satu Mare,2008,Kilograme,1576.0
Floarea soarelui,Sector privat,Caras-Severin,2008,Kilograme,1206.0
Floarea soarelui,din care: Exploatatii agricole individuale,Salaj,2008,Kilograme,1818.0
Floarea soarelui,Sector privat,Vaslui,2008,Kilograme,1288.0
Floarea soarelui,Sector privat,Ilfov,2008,Kilograme,1127.0
Floarea soarelui,Sector privat,Bihor,2008,Kilograme,2407.0
Floarea soarelui,Sector privat,Mures,2008,Kilograme,1666.0
Floarea soarelui,Sector privat,Municipiul Bucuresti,2008,Kilograme,1000.0
Floarea soarelui,din care: Exploatatii agricole individuale,Timis,2008,Kilograme,1880.0
Floarea soarelui,Sector privat,Hunedoara,2008,Kilograme,1363.0
Floarea soarelui,din care: Exploatatii agricole individuale,Dambovita,2008,Kilograme,1363.0
Floarea soarelui,din care: Exploatatii agricole individuale,Mehedinti,2008,Kilograme,1201.0
Floarea soarelui,din care: Exploatatii agricole individuale,Alba,2008,Kilograme,6143.0
Floarea soarelui,Sector privat,Timis,2008,Kilograme,1901.0
Floarea soarelui,din care: Exploatatii agricole individuale,Cluj,2008,Kilograme,1764.0
Floarea soarelui,Sector privat,Dolj,2008,Kilograme,1496.0
Floarea soarelui,Sector privat,Sibiu,2008,Kilograme,1191.0
Floarea soarelui,Sector privat,Bistrita-Nasaud,2008,Kilograme,1522.0
Floarea soarelui,Sector privat,Galati,2008,Kilograme,1335.0
Floarea soarelui,din care: Exploatatii agricole individuale,Prahova,2008,Kilograme,1299.0
Floarea soarelui,din care: Exploatatii agricole individuale,Constanta,2008,Kilograme,1500.0
Floarea soarelui,Sector privat,Vrancea,2008,Kilograme,1162.0
Floarea soarelui,din care: Exploatatii agricole individuale,Arges,2008,Kilograme,994.0
Floarea soarelui,din care: Exploatatii agricole individuale,Bihor,2008,Kilograme,2535.0
Floarea soarelui,din care: Exploatatii agricole individuale,Arad,2008,Kilograme,1392.0
Floarea soarelui,Sector privat,Dambovita,2008,Kilograme,1266.0
Floarea soarelui,Sector privat,Bacau,2008,Kilograme,1548.0
Floarea soarelui,Sector privat,Cluj,2008,Kilograme,1842.0
Floarea soarelui,Sector privat,Buzau,2008,Kilograme,1017.0
Floarea soarelui,din care: Exploatatii agricole individuale,Vaslui,2008,Kilograme,1143.0
Floarea soarelui,din care: Exploatatii agricole individuale,Caras-Severin,2008,Kilograme,1078.0
Floarea soarelui,din care: Exploatatii agricole individuale,Buzau,2008,Kilograme,989.0
Floarea soarelui,din care: Exploatatii agricole individuale,Neamt,2008,Kilograme,1793.0
Floarea soarelui,Sector privat,Mehedinti,2008,Kilograme,1220.0
Floarea soarelui,din care: Exploatatii agricole individuale,Bistrita-Nasaud,2008,Kilograme,1524.0
Floarea soarelui,Sector privat,Maramures,2008,Kilograme,1117.0
Floarea soarelui,Sector privat,Botosani,2008,Kilograme,1413.0
Floarea soarelui,Sector privat,Braila,2008,Kilograme,1648.0
Floarea soarelui,Sector privat,Giurgiu,2008,Kilograme,1092.0
Floarea soarelui,din care: Exploatatii agricole individuale,Olt,2008,Kilograme,1307.0
Floarea soarelui,din care: Exploatatii agricole individuale,Botosani,2008,Kilograme,1453.0
Floarea soarelui,din care: Exploatatii agricole individuale,Vrancea,2008,Kilograme,1106.0
Floarea soarelui,din care: Exploatatii agricole individuale,Giurgiu,2008,Kilograme,1075.0
Floarea soarelui,din care: Exploatatii agricole individuale,Ialomita,2008,Kilograme,1254.0
Floarea soarelui,Sector privat,Olt,2008,Kilograme,1386.0
Floarea soarelui,din care: Exploatatii agricole individuale,Calarasi,2008,Kilograme,1604.0
Floarea soarelui,Sector privat,Iasi,2008,Kilograme,1552.0
Floarea soarelui,Sector privat,Ialomita,2008,Kilograme,1459.0
Floarea soarelui,Sector privat,Satu Mare,2008,Kilograme,1720.0
Floarea soarelui,din care: Exploatatii agricole individuale,Galati,2008,Kilograme,1143.0
Floarea soarelui,Sector privat,Calarasi,2008,Kilograme,1595.0
Floarea soarelui,Sector privat,Tulcea,2008,Kilograme,1024.0
Floarea soarelui,din care: Exploatatii agricole individuale,Suceava,2008,Kilograme,1353.0
Floarea soarelui,Sector privat,Valcea,2008,Kilograme,939.0
Floarea soarelui,Sector privat,Prahova,2008,Kilograme,1090.0
Floarea soarelui,Sector privat,Salaj,2008,Kilograme,1685.0
Floarea soarelui,Sector privat,Neamt,2008,Kilograme,1827.0
Floarea soarelui,din care: Exploatatii agricole individuale,Iasi,2008,Kilograme,1599.0
Floarea soarelui,Sector privat,Constanta,2008,Kilograme,1515.0
Floarea soarelui,din care: Exploatatii agricole individuale,Dolj,2008,Kilograme,1354.0
Floarea soarelui,Sector privat,Arges,2008,Kilograme,1197.0
Floarea soarelui,din care: Exploatatii agricole individuale,Ilfov,2008,Kilograme,1146.0
Floarea soarelui,din care: Exploatatii agricole individuale,Maramures,2008,Kilograme,1111.0
Floarea soarelui,din care: Exploatatii agricole individuale,Tulcea,2008,Kilograme,1105.0
Floarea soarelui,Sector privat,Arad,2008,Kilograme,1610.0
Floarea soarelui,Sector privat,Alba,2008,Kilograme,1625.0
Floarea soarelui,Sector privat,Suceava,2008,Kilograme,1355.0
Floarea soarelui,Sector privat,Brasov,2008,Kilograme,1500.0
Floarea soarelui,din care: Exploatatii agricole individuale,Tulcea,2009,Kilograme,786.0
Floarea soarelui,Sector privat,Valcea,2009,Kilograme,835.0
Floarea soarelui,Sector privat,Alba,2009,Kilograme,1481.0
Floarea soarelui,Sector privat,Arad,2009,Kilograme,1725.0
Floarea soarelui,din care: Exploatatii agricole individuale,Mehedinti,2009,Kilograme,1460.0
Floarea soarelui,Sector privat,Vaslui,2009,Kilograme,1036.0
Floarea soarelui,Sector privat,Ilfov,2009,Kilograme,1579.0
Floarea soarelui,Sector privat,Mures,2009,Kilograme,1408.0
Floarea soarelui,Sector privat,Bihor,2009,Kilograme,1143.0
Floarea soarelui,din care: Exploatatii agricole individuale,Sibiu,2009,Kilograme,1333.0
Floarea soarelui,din care: Exploatatii agricole individuale,Timis,2009,Kilograme,1946.0
Floarea soarelui,Sector privat,Hunedoara,2009,Kilograme,722.0
Floarea soarelui,din care: Exploatatii agricole individuale,Dambovita,2009,Kilograme,1939.0
Floarea soarelui,din care: Exploatatii agricole individuale,Alba,2009,Kilograme,1491.0
Floarea soarelui,Sector privat,Calarasi,2009,Kilograme,1488.0
Floarea soarelui,Sector privat,Sibiu,2009,Kilograme,977.0
Floarea soarelui,Sector privat,Dolj,2009,Kilograme,1679.0
Floarea soarelui,din care: Exploatatii agricole individuale,Teleorman,2009,Kilograme,1420.0
Floarea soarelui,Sector privat,Suceava,2009,Kilograme,1971.0
Floarea soarelui,Sector privat,Timis,2009,Kilograme,1985.0
Floarea soarelui,Sector privat,Braila,2009,Kilograme,1498.0
Floarea soarelui,Sector privat,Galati,2009,Kilograme,1263.0
Floarea soarelui,din care: Exploatatii agricole individuale,Prahova,2009,Kilograme,1716.0
Floarea soarelui,din care: Exploatatii agricole individuale,Constanta,2009,Kilograme,955.0
Floarea soarelui,Sector privat,Vrancea,2009,Kilograme,1546.0
Floarea soarelui,din care: Exploatatii agricole individuale,Vrancea,2009,Kilograme,1571.0
Floarea soarelui,Sector privat,Bacau,2009,Kilograme,1532.0
Floarea soarelui,din care: Exploatatii agricole individuale,Arges,2009,Kilograme,1556.0
Floarea soarelui,Sector privat,Cluj,2009,Kilograme,1747.0
Floarea soarelui,din care: Exploatatii agricole individuale,Bihor,2009,Kilograme,894.0
Floarea soarelui,din care: Exploatatii agricole individuale,Mures,2009,Kilograme,1298.0
Floarea soarelui,din care: Exploatatii agricole individuale,Calarasi,2009,Kilograme,1266.0
Floarea soarelui,Sector privat,Dambovita,2009,Kilograme,1711.0
Floarea soarelui,din care: Exploatatii agricole individuale,Buzau,2009,Kilograme,1771.0
Floarea soarelui,din care: Exploatatii agricole individuale,Caras-Severin,2009,Kilograme,1525.0
Floarea soarelui,Sector privat,Mehedinti,2009,Kilograme,1479.0
Floarea soarelui,din care: Exploatatii agricole individuale,Vaslui,2009,Kilograme,838.0
Floarea soarelui,Sector privat,Botosani,2009,Kilograme,1419.0
Floarea soarelui,Sector privat,Maramures,2009,Kilograme,1294.0
Floarea soarelui,din care: Exploatatii agricole individuale,Neamt,2009,Kilograme,2374.0
Floarea soarelui,din care: Exploatatii agricole individuale,Bistrita-Nasaud,2009,Kilograme,1411.0
Floarea soarelui,Sector privat,Giurgiu,2009,Kilograme,1661.0
Floarea soarelui,din care: Exploatatii agricole individuale,Olt,2009,Kilograme,1567.0
Floarea soarelui,din care: Exploatatii agricole individuale,Ialomita,2009,Kilograme,1267.0
Floarea soarelui,Sector privat,Olt,2009,Kilograme,1594.0
Floarea soarelui,Sector privat,Iasi,2009,Kilograme,1348.0
Floarea soarelui,Sector privat,Ialomita,2009,Kilograme,1416.0
Floarea soarelui,din care: Exploatatii agricole individuale,Arad,2009,Kilograme,1737.0
Floarea soarelui,Sector privat,Satu Mare,2009,Kilograme,2144.0
Floarea soarelui,din care: Exploatatii agricole individuale,Iasi,2009,Kilograme,1312.0
Floarea soarelui,din care: Exploatatii agricole individuale,Giurgiu,2009,Kilograme,1533.0
Floarea soarelui,din care: Exploatatii agricole individuale,Galati,2009,Kilograme,1092.0
Floarea soarelui,din care: Exploatatii agricole individuale,Botosani,2009,Kilograme,1326.0
Floarea soarelui,din care: Exploatatii agricole individuale,Cluj,2009,Kilograme,1645.0
Floarea soarelui,din care: Exploatatii agricole individuale,Braila,2009,Kilograme,1169.0
Floarea soarelui,din care: Exploatatii agricole individuale,Salaj,2009,Kilograme,1063.0
Floarea soarelui,Sector privat,Prahova,2009,Kilograme,1798.0
Floarea soarelui,Sector privat,Neamt,2009,Kilograme,1877.0
Floarea soarelui,Sector privat,Salaj,2009,Kilograme,1056.0
Floarea soarelui,Sector privat,Constanta,2009,Kilograme,1066.0
Floarea soarelui,din care: Exploatatii agricole individuale,Dolj,2009,Kilograme,1548.0
Floarea soarelui,Sector privat,Arges,2009,Kilograme,1640.0
Floarea soarelui,din care: Exploatatii agricole individuale,Ilfov,2009,Kilograme,1450.0
Floarea soarelui,din care: Exploatatii agricole individuale,Maramures,2009,Kilograme,1299.0
Floarea soarelui,Sector privat,Buzau,2009,Kilograme,1667.0
Floarea soarelui,Sector privat,Tulcea,2009,Kilograme,924.0
Floarea soarelui,Sector privat,Teleorman,2009,Kilograme,1668.0
Floarea soarelui,din care: Exploatatii agricole individuale,Suceava,2009,Kilograme,1975.0
Floarea soarelui,din care: Exploatatii agricole individuale,Bacau,2009,Kilograme,1342.0
Floarea soarelui,din care: Exploatatii agricole individuale,Satu Mare,2009,Kilograme,2024.0
Floarea soarelui,Sector privat,Caras-Severin,2009,Kilograme,1426.0
Floarea soarelui,Sector privat,Bistrita-Nasaud,2009,Kilograme,1412.0
Floarea soarelui,Sector privat,Vaslui,2010,Kilograme,1490.0
Floarea soarelui,din care: Exploatatii agricole individuale,Tulcea,2010,Kilograme,896.0
Floarea soarelui,din care: Exploatatii agricole individuale,Olt,2010,Kilograme,1708.0
Floarea soarelui,din care: Exploatatii agricole individuale,Braila,2010,Kilograme,1672.0
Floarea soarelui,din care: Exploatatii agricole individuale,Alba,2010,Kilograme,2409.0
Floarea soarelui,Sector privat,Constanta,2010,Kilograme,1535.0
Floarea soarelui,din care: Exploatatii agricole individuale,Dambovita,2010,Kilograme,1512.0
Floarea soarelui,din care: Exploatatii agricole individuale,Neamt,2010,Kilograme,1437.0
Floarea soarelui,Sector privat,Bihor,2010,Kilograme,1119.0
Floarea soarelui,din care: Exploatatii agricole individuale,Bacau,2010,Kilograme,1413.0
Floarea soarelui,Sector privat,Timis,2010,Kilograme,1580.0
Floarea soarelui,Sector privat,Mures,2010,Kilograme,1818.0
Floarea soarelui,din care: Exploatatii agricole individuale,Gorj,2010,Kilograme,1036.0
Floarea soarelui,Sector privat,Calarasi,2010,Kilograme,1670.0
Floarea soarelui,Sector privat,Bistrita-Nasaud,2010,Kilograme,1259.0
Floarea soarelui,Sector privat,Gorj,2010,Kilograme,1036.0
Floarea soarelui,Sector privat,Braila,2010,Kilograme,1832.0
Floarea soarelui,din care: Exploatatii agricole individuale,Sibiu,2010,Kilograme,1310.0
Floarea soarelui,Sector privat,Sibiu,2010,Kilograme,1397.0
Floarea soarelui,din care: Exploatatii agricole individuale,Timis,2010,Kilograme,1662.0
Floarea soarelui,din care: Exploatatii agricole individuale,Bihor,2010,Kilograme,1078.0
Floarea soarelui,din care: Exploatatii agricole individuale,Mehedinti,2010,Kilograme,1848.0
Floarea soarelui,din care: Exploatatii agricole individuale,Mures,2010,Kilograme,1838.0
Floarea soarelui,din care: Exploatatii agricole individuale,Prahova,2010,Kilograme,958.0
Floarea soarelui,Sector privat,Cluj,2010,Kilograme,1726.0
Floarea soarelui,Sector privat,Mehedinti,2010,Kilograme,1794.0
Floarea soarelui,Sector privat,Dambovita,2010,Kilograme,1116.0
Floarea soarelui,Sector privat,Vrancea,2010,Kilograme,1769.0
Floarea soarelui,Sector privat,Bacau,2010,Kilograme,1400.0
Floarea soarelui,din care: Exploatatii agricole individuale,Bistrita-Nasaud,2010,Kilograme,1180.0
Floarea soarelui,din care: Exploatatii agricole individuale,Calarasi,2010,Kilograme,1639.0
Floarea soarelui,Sector privat,Maramures,2010,Kilograme,1172.0
Floarea soarelui,Sector privat,Giurgiu,2010,Kilograme,1509.0
Floarea soarelui,din care: Exploatatii agricole individuale,Suceava,2010,Kilograme,1549.0
Floarea soarelui,din care: Exploatatii agricole individuale,Caras-Severin,2010,Kilograme,1346.0
Floarea soarelui,Sector privat,Arges,2010,Kilograme,1501.0
Floarea soarelui,din care: Exploatatii agricole individuale,Botosani,2010,Kilograme,1416.0
Floarea soarelui,Sector privat,Olt,2010,Kilograme,1691.0
Floarea soarelui,din care: Exploatatii agricole individuale,Arges,2010,Kilograme,1537.0
Floarea soarelui,Sector privat,Botosani,2010,Kilograme,1433.0
Floarea soarelui,din care: Exploatatii agricole individuale,Arad,2010,Kilograme,1435.0
Floarea soarelui,Sector privat,Buzau,2010,Kilograme,1658.0
Floarea soarelui,Sector privat,Ialomita,2010,Kilograme,1738.0
Floarea soarelui,Sector privat,Galati,2010,Kilograme,1586.0
Floarea soarelui,din care: Exploatatii agricole individuale,Buzau,2010,Kilograme,1690.0
Floarea soarelui,Sector privat,Satu Mare,2010,Kilograme,1595.0
Floarea soarelui,din care: Exploatatii agricole individuale,Cluj,2010,Kilograme,1682.0
Floarea soarelui,din care: Exploatatii agricole individuale,Galati,2010,Kilograme,1518.0
Floarea soarelui,din care: Exploatatii agricole individuale,Ialomita,2010,Kilograme,1617.0
Floarea soarelui,Sector privat,Valcea,2010,Kilograme,726.0
Floarea soarelui,Sector privat,Iasi,2010,Kilograme,1633.0
Floarea soarelui,Sector privat,Salaj,2010,Kilograme,1028.0
Floarea soarelui,din care: Exploatatii agricole individuale,Maramures,2010,Kilograme,1176.0
Floarea soarelui,din care: Exploatatii agricole individuale,Constanta,2010,Kilograme,1500.0
Floarea soarelui,Sector privat,Prahova,2010,Kilograme,1271.0
Floarea soarelui,din care: Exploatatii agricole individuale,Giurgiu,2010,Kilograme,1381.0
Floarea soarelui,Sector privat,Ilfov,2010,Kilograme,1477.0
Floarea soarelui,Sector privat,Arad,2010,Kilograme,1547.0
Floarea soarelui,din care: Exploatatii agricole individuale,Satu Mare,2010,Kilograme,1720.0
Floarea soarelui,din care: Exploatatii agricole individuale,Dolj,2010,Kilograme,1599.0
Floarea soarelui,Sector privat,Neamt,2010,Kilograme,1401.0
Floarea soarelui,din care: Exploatatii agricole individuale,Ilfov,2010,Kilograme,1292.0
Floarea soarelui,Sector privat,Teleorman,2010,Kilograme,1793.0
Floarea soarelui,Sector privat,Alba,2010,Kilograme,1808.0
Floarea soarelui,Sector privat,Dolj,2010,Kilograme,1796.0
Floarea soarelui,Sector privat,Tulcea,2010,Kilograme,1091.0
Floarea soarelui,Sector privat,Caras-Severin,2010,Kilograme,1347.0
Floarea soarelui,din care: Exploatatii agricole individuale,Salaj,2010,Kilograme,1109.0
Floarea soarelui,din care: Exploatatii agricole individuale,Vaslui,2010,Kilograme,1394.0
Floarea soarelui,Sector privat,Hunedoara,2010,Kilograme,1582.0
Floarea soarelui,din care: Exploatatii agricole individuale,Teleorman,2010,Kilograme,1632.0
Floarea soarelui,Sector privat,Suceava,2010,Kilograme,1540.0
Floarea soarelui,din care: Exploatatii agricole individuale,Iasi,2010,Kilograme,1700.0
Floarea soarelui,din care: Exploatatii agricole individuale,Vrancea,2010,Kilograme,1819.0
Floarea soarelui,din care: Exploatatii agricole individuale,Galati,2011,Kilograme,1598.0
Floarea soarelui,din care: Exploatatii agricole individuale,Constanta,2011,Kilograme,950.0
Floarea soarelui,din care: Exploatatii agricole individuale,Vaslui,2011,Kilograme,1887.0
Floarea soarelui,din care: Exploatatii agricole individuale,Alba,2011,Kilograme,2010.0
Floarea soarelui,Sector privat,Vaslui,2011,Kilograme,1855.0
Floarea soarelui,din care: Exploatatii agricole individuale,Neamt,2011,Kilograme,2087.0
Floarea soarelui,Sector privat,Bihor,2011,Kilograme,1737.0
Floarea soarelui,din care: Exploatatii agricole individuale,Ilfov,2011,Kilograme,1675.0
Floarea soarelui,din care: Exploatatii agricole individuale,Braila,2011,Kilograme,2128.0
Floarea soarelui,Sector privat,Timis,2011,Kilograme,2430.0
Floarea soarelui,Sector privat,Mures,2011,Kilograme,2244.0
Floarea soarelui,Sector privat,Calarasi,2011,Kilograme,1910.0
Floarea soarelui,din care: Exploatatii agricole individuale,Gorj,2011,Kilograme,1222.0
Floarea soarelui,Sector privat,Bistrita-Nasaud,2011,Kilograme,1372.0
Floarea soarelui,Sector privat,Gorj,2011,Kilograme,1044.0
Floarea soarelui,Sector privat,Braila,2011,Kilograme,2120.0
Floarea soarelui,din care: Exploatatii agricole individuale,Mehedinti,2011,Kilograme,1748.0
Floarea soarelui,din care: Exploatatii agricole individuale,Vrancea,2011,Kilograme,2060.0
Floarea soarelui,Sector privat,Sibiu,2011,Kilograme,1555.0
Floarea soarelui,din care: Exploatatii agricole individuale,Bacau,2011,Kilograme,2082.0
Floarea soarelui,Sector privat,Cluj,2011,Kilograme,2159.0
Floarea soarelui,din care: Exploatatii agricole individuale,Prahova,2011,Kilograme,1855.0
Floarea soarelui,Sector privat,Dambovita,2011,Kilograme,1727.0
Floarea soarelui,Sector privat,Mehedinti,2011,Kilograme,1673.0
Floarea soarelui,din care: Exploatatii agricole individuale,Sibiu,2011,Kilograme,2346.0
Floarea soarelui,Sector privat,Vrancea,2011,Kilograme,1979.0
Floarea soarelui,Sector privat,Bacau,2011,Kilograme,1964.0
Floarea soarelui,din care: Exploatatii agricole individuale,Mures,2011,Kilograme,2400.0
Floarea soarelui,din care: Exploatatii agricole individuale,Bistrita-Nasaud,2011,Kilograme,1368.0
Floarea soarelui,din care: Exploatatii agricole individuale,Calarasi,2011,Kilograme,1809.0
Floarea soarelui,Sector privat,Maramures,2011,Kilograme,1713.0
Floarea soarelui,Sector privat,Giurgiu,2011,Kilograme,1946.0
Floarea soarelui,Sector privat,Arges,2011,Kilograme,1917.0
Floarea soarelui,Sector privat,Olt,2011,Kilograme,1620.0
Floarea soarelui,din care: Exploatatii agricole individuale,Botosani,2011,Kilograme,1562.0
Floarea soarelui,din care: Exploatatii agricole individuale,Arges,2011,Kilograme,1903.0
Floarea soarelui,Sector privat,Botosani,2011,Kilograme,1643.0
Floarea soarelui,Sector privat,Buzau,2011,Kilograme,1632.0
Floarea soarelui,din care: Exploatatii agricole individuale,Suceava,2011,Kilograme,1742.0
Floarea soarelui,Sector privat,Ialomita,2011,Kilograme,2051.0
Floarea soarelui,Sector privat,Galati,2011,Kilograme,1615.0
Floarea soarelui,Sector privat,Satu Mare,2011,Kilograme,2091.0
Floarea soarelui,din care: Exploatatii agricole individuale,Cluj,2011,Kilograme,2042.0
Floarea soarelui,din care: Exploatatii agricole individuale,Ialomita,2011,Kilograme,2034.0
Floarea soarelui,Sector privat,Valcea,2011,Kilograme,1364.0
Floarea soarelui,Sector privat,Iasi,2011,Kilograme,1744.0
Floarea soarelui,din care: Exploatatii agricole individuale,Maramures,2011,Kilograme,1726.0
Floarea soarelui,Sector privat,Salaj,2011,Kilograme,1555.0
Floarea soarelui,din care: Exploatatii agricole individuale,Hunedoara,2011,Kilograme,2000.0
Floarea soarelui,Sector privat,Prahova,2011,Kilograme,1730.0
Floarea soarelui,din care: Exploatatii agricole individuale,Caras-Severin,2011,Kilograme,1802.0
Floarea soarelui,din care: Exploatatii agricole individuale,Iasi,2011,Kilograme,1866.0
Floarea soarelui,din care: Exploatatii agricole individuale,Arad,2011,Kilograme,1944.0
Floarea soarelui,din care: Exploatatii agricole individuale,Giurgiu,2011,Kilograme,1908.0
Floarea soarelui,din care: Exploatatii agricole individuale,Tulcea,2011,Kilograme,1365.0
Floarea soarelui,Sector privat,Arad,2011,Kilograme,1837.0
Floarea soarelui,din care: Exploatatii agricole individuale,Satu Mare,2011,Kilograme,2165.0
Floarea soarelui,din care: Exploatatii agricole individuale,Olt,2011,Kilograme,1596.0
Floarea soarelui,din care: Exploatatii agricole individuale,Dolj,2011,Kilograme,1909.0
Floarea soarelui,Sector privat,Neamt,2011,Kilograme,1949.0
Floarea soarelui,Sector privat,Teleorman,2011,Kilograme,2090.0
Floarea soarelui,Sector privat,Alba,2011,Kilograme,2066.0
Floarea soarelui,Sector privat,Constanta,2011,Kilograme,1343.0
Floarea soarelui,Sector privat,Dolj,2011,Kilograme,1855.0
Floarea soarelui,Sector privat,Caras-Severin,2011,Kilograme,1662.0
Floarea soarelui,din care: Exploatatii agricole individuale,Salaj,2011,Kilograme,1577.0
Floarea soarelui,din care: Exploatatii agricole individuale,Buzau,2011,Kilograme,1700.0
Floarea soarelui,din care: Exploatatii agricole individuale,Teleorman,2011,Kilograme,2223.0
Floarea soarelui,Sector privat,Suceava,2011,Kilograme,1759.0
Floarea soarelui,Sector privat,Ilfov,2011,Kilograme,1777.0
Floarea soarelui,Sector privat,Hunedoara,2011,Kilograme,2018.0
Floarea soarelui,din care: Exploatatii agricole individuale,Timis,2011,Kilograme,2595.0
Floarea soarelui,din care: Exploatatii agricole individuale,Dambovita,2011,Kilograme,1880.0
Floarea soarelui,Sector privat,Tulcea,2011,Kilograme,1354.0
Floarea soarelui,din care: Exploatatii agricole individuale,Bihor,2011,Kilograme,1878.0
Floarea soarelui,Sector privat,Ilfov,2012,Kilograme,1367.0
Floarea soarelui,din care: Exploatatii agricole individuale,Iasi,2012,Kilograme,950.0
Floarea soarelui,din care: Exploatatii agricole individuale,Galati,2012,Kilograme,400.0
Floarea soarelui,din care: Exploatatii agricole individuale,Bacau,2012,Kilograme,1278.0
Floarea soarelui,din care: Exploatatii agricole individuale,Alba,2012,Kilograme,1987.0
Floarea soarelui,Sector privat,Vaslui,2012,Kilograme,1126.0
Floarea soarelui,din care: Exploatatii agricole individuale,Neamt,2012,Kilograme,1691.0
Floarea soarelui,din care: Exploatatii agricole individuale,Dambovita,2012,Kilograme,1075.0
Floarea soarelui,Sector privat,Bacau,2012,Kilograme,1493.0
Floarea soarelui,Sector privat,Dolj,2012,Kilograme,1200.0
Floarea soarelui,Sector privat,Alba,2012,Kilograme,1495.0
Floarea soarelui,Sector privat,Timis,2012,Kilograme,1940.0
Floarea soarelui,Sector privat,Vrancea,2012,Kilograme,968.0
Floarea soarelui,Sector privat,Mures,2012,Kilograme,1360.0
Floarea soarelui,Sector privat,Calarasi,2012,Kilograme,1749.0
Floarea soarelui,Sector privat,Bistrita-Nasaud,2012,Kilograme,427.0
Floarea soarelui,Sector privat,Braila,2012,Kilograme,1561.0
Floarea soarelui,din care: Exploatatii agricole individuale,Gorj,2012,Kilograme,732.0
Floarea soarelui,Sector privat,Gorj,2012,Kilograme,732.0
Floarea soarelui,Sector privat,Hunedoara,2012,Kilograme,1267.0
Floarea soarelui,din care: Exploatatii agricole individuale,Sibiu,2012,Kilograme,1043.0
Floarea soarelui,din care: Exploatatii agricole individuale,Vrancea,2012,Kilograme,810.0
Floarea soarelui,din care: Exploatatii agricole individuale,Bihor,2012,Kilograme,1092.0
Floarea soarelui,Sector privat,Cluj,2012,Kilograme,1487.0
Floarea soarelui,Sector privat,Dambovita,2012,Kilograme,1035.0
Floarea soarelui,Sector privat,Mehedinti,2012,Kilograme,1120.0
Floarea soarelui,din care: Exploatatii agricole individuale,Olt,2012,Kilograme,1097.0
Floarea soarelui,din care: Exploatatii agricole individuale,Mures,2012,Kilograme,1359.0
Floarea soarelui,Sector privat,Bihor,2012,Kilograme,1086.0
Floarea soarelui,din care: Exploatatii agricole individuale,Bistrita-Nasaud,2012,Kilograme,418.0
Floarea soarelui,Sector privat,Maramures,2012,Kilograme,990.0
Floarea soarelui,din care: Exploatatii agricole individuale,Ilfov,2012,Kilograme,942.0
Floarea soarelui,din care: Exploatatii agricole individuale,Calarasi,2012,Kilograme,1262.0
Floarea soarelui,Sector privat,Giurgiu,2012,Kilograme,1403.0
Floarea soarelui,din care: Exploatatii agricole individuale,Botosani,2012,Kilograme,680.0
Floarea soarelui,Sector privat,Arges,2012,Kilograme,1287.0
Floarea soarelui,Sector privat,Olt,2012,Kilograme,1199.0
Floarea soarelui,din care: Exploatatii agricole individuale,Braila,2012,Kilograme,1294.0
Floarea soarelui,Sector privat,Botosani,2012,Kilograme,903.0
Floarea soarelui,Sector privat,Tulcea,2012,Kilograme,887.0
Floarea soarelui,Sector privat,Buzau,2012,Kilograme,1135.0
Floarea soarelui,Sector privat,Galati,2012,Kilograme,761.0
Floarea soarelui,din care: Exploatatii agricole individuale,Suceava,2012,Kilograme,1377.0
Floarea soarelui,din care: Exploatatii agricole individuale,Prahova,2012,Kilograme,1016.0
Floarea soarelui,Sector privat,Ialomita,2012,Kilograme,1675.0
Floarea soarelui,din care: Exploatatii agricole individuale,Mehedinti,2012,Kilograme,1017.0
Floarea soarelui,Sector privat,Satu Mare,2012,Kilograme,1865.0
Floarea soarelui,din care: Exploatatii agricole individuale,Cluj,2012,Kilograme,1179.0
Floarea soarelui,din care: Exploatatii agricole individuale,Ialomita,2012,Kilograme,1402.0
Floarea soarelui,din care: Exploatatii agricole individuale,Arad,2012,Kilograme,1547.0
Floarea soarelui,Sector privat,Valcea,2012,Kilograme,823.0
Floarea soarelui,Sector privat,Iasi,2012,Kilograme,1078.0
Floarea soarelui,din care: Exploatatii agricole individuale,Arges,2012,Kilograme,741.0
Floarea soarelui,din care: Exploatatii agricole individuale,Maramures,2012,Kilograme,993.0
Floarea soarelui,Sector privat,Salaj,2012,Kilograme,1658.0
Floarea soarelui,Sector privat,Prahova,2012,Kilograme,1426.0
Floarea soarelui,din care: Exploatatii agricole individuale,Hunedoara,2012,Kilograme,1393.0
Floarea soarelui,Sector privat,Suceava,2012,Kilograme,1456.0
Floarea soarelui,din care: Exploatatii agricole individuale,Giurgiu,2012,Kilograme,1126.0
Floarea soarelui,Sector privat,Arad,2012,Kilograme,1617.0
Floarea soarelui,din care: Exploatatii agricole individuale,Tulcea,2012,Kilograme,593.0
Floarea soarelui,din care: Exploatatii agricole individuale,Satu Mare,2012,Kilograme,1640.0
Floarea soarelui,din care: Exploatatii agricole individuale,Constanta,2012,Kilograme,851.0
Floarea soarelui,din care: Exploatatii agricole individuale,Dolj,2012,Kilograme,1152.0
Floarea soarelui,Sector privat,Neamt,2012,Kilograme,1867.0
Floarea soarelui,din care: Exploatatii agricole individuale,Caras-Severin,2012,Kilograme,1668.0
Floarea soarelui,din care: Exploatatii agricole individuale,Timis,2012,Kilograme,1029.0
Floarea soarelui,din care: Exploatatii agricole individuale,Vaslui,2012,Kilograme,1061.0
Floarea soarelui,Sector privat,Caras-Severin,2012,Kilograme,1655.0
Floarea soarelui,Sector privat,Teleorman,2012,Kilograme,1250.0
Floarea soarelui,din care: Exploatatii agricole individuale,Salaj,2012,Kilograme,1531.0
Floarea soarelui,Sector privat,Constanta,2012,Kilograme,1123.0
Floarea soarelui,din care: Exploatatii agricole individuale,Teleorman,2012,Kilograme,965.0
Floarea soarelui,din care: Exploatatii agricole individuale,Buzau,2012,Kilograme,943.0
Floarea soarelui,Sector privat,Sibiu,2012,Kilograme,1106.0
Floarea soarelui,Sector privat,Constanta,2013,Kilograme,1493.0
Floarea soarelui,din care: Exploatatii agricole individuale,Hunedoara,2013,Kilograme,2143.0
Floarea soarelui,din care: Exploatatii agricole individuale,Buzau,2013,Kilograme,1539.0
Floarea soarelui,Sector privat,Suceava,2013,Kilograme,1711.0
Floarea soarelui,Sector privat,Ilfov,2013,Kilograme,1941.0
Floarea soarelui,din care: Exploatatii agricole individuale,Bacau,2013,Kilograme,2022.0
Floarea soarelui,Sector privat,Hunedoara,2013,Kilograme,1990.0
Floarea soarelui,din care: Exploatatii agricole individuale,Galati,2013,Kilograme,1605.0
Floarea soarelui,din care: Exploatatii agricole individuale,Mures,2013,Kilograme,2421.0
Floarea soarelui,din care: Exploatatii agricole individuale,Teleorman,2013,Kilograme,1848.0
Floarea soarelui,din care: Exploatatii agricole individuale,Alba,2013,Kilograme,2050.0
Floarea soarelui,Sector privat,Vaslui,2013,Kilograme,1844.0
Floarea soarelui,din care: Exploatatii agricole individuale,Timis,2013,Kilograme,2663.0
Floarea soarelui,din care: Exploatatii agricole individuale,Neamt,2013,Kilograme,2488.0
Floarea soarelui,Sector privat,Maramures,2013,Kilograme,1092.0
Floarea soarelui,Sector privat,Bihor,2013,Kilograme,1822.0
Floarea soarelui,Sector privat,Teleorman,2013,Kilograme,2034.0
Floarea soarelui,Sector privat,Vrancea,2013,Kilograme,2367.0
Floarea soarelui,Sector privat,Timis,2013,Kilograme,2816.0
Floarea soarelui,Sector privat,Braila,2013,Kilograme,2234.0
Floarea soarelui,Sector privat,Calarasi,2013,Kilograme,2396.0
Floarea soarelui,Sector privat,Bistrita-Nasaud,2013,Kilograme,1211.0
Floarea soarelui,Sector privat,Buzau,2013,Kilograme,1732.0
Floarea soarelui,din care: Exploatatii agricole individuale,Gorj,2013,Kilograme,1529.0
Floarea soarelui,Sector privat,Gorj,2013,Kilograme,1529.0
Floarea soarelui,din care: Exploatatii agricole individuale,Sibiu,2013,Kilograme,1606.0
Floarea soarelui,din care: Exploatatii agricole individuale,Vrancea,2013,Kilograme,2725.0
Floarea soarelui,Sector privat,Sibiu,2013,Kilograme,1390.0
Floarea soarelui,din care: Exploatatii agricole individuale,Bihor,2013,Kilograme,1947.0
Floarea soarelui,Sector privat,Cluj,2013,Kilograme,2311.0
Floarea soarelui,Sector privat,Dambovita,2013,Kilograme,2068.0
Floarea soarelui,Sector privat,Mehedinti,2013,Kilograme,1598.0
Floarea soarelui,din care: Exploatatii agricole individuale,Olt,2013,Kilograme,1877.0
Floarea soarelui,Sector privat,Bacau,2013,Kilograme,1926.0
Floarea soarelui,Sector privat,Dolj,2013,Kilograme,1775.0
Floarea soarelui,din care: Exploatatii agricole individuale,Calarasi,2013,Kilograme,2090.0
Floarea soarelui,din care: Exploatatii agricole individuale,Bistrita-Nasaud,2013,Kilograme,1210.0
Floarea soarelui,Sector privat,Giurgiu,2013,Kilograme,2465.0
Floarea soarelui,Sector privat,Arges,2013,Kilograme,2016.0
Floarea soarelui,din care: Exploatatii agricole individuale,Botosani,2013,Kilograme,1922.0
Floarea soarelui,Sector privat,Olt,2013,Kilograme,1856.0
Floarea soarelui,din care: Exploatatii agricole individuale,Braila,2013,Kilograme,2218.0
Floarea soarelui,Sector privat,Botosani,2013,Kilograme,1992.0
Floarea soarelui,Sector privat,Tulcea,2013,Kilograme,1418.0
Floarea soarelui,din care: Exploatatii agricole individuale,Suceava,2013,Kilograme,1411.0
Floarea soarelui,Sector privat,Galati,2013,Kilograme,1983.0
Floarea soarelui,din care: Exploatatii agricole individuale,Mehedinti,2013,Kilograme,1580.0
Floarea soarelui,din care: Exploatatii agricole individuale,Prahova,2013,Kilograme,1820.0
Floarea soarelui,Sector privat,Satu Mare,2013,Kilograme,2372.0
Floarea soarelui,din care: Exploatatii agricole individuale,Cluj,2013,Kilograme,2095.0
Floarea soarelui,Sector privat,Ialomita,2013,Kilograme,2333.0
Floarea soarelui,din care: Exploatatii agricole individuale,Ilfov,2013,Kilograme,2043.0
Floarea soarelui,Sector privat,Valcea,2013,Kilograme,1598.0
Floarea soarelui,Sector privat,Iasi,2013,Kilograme,2011.0
Floarea soarelui,din care: Exploatatii agricole individuale,Ialomita,2013,Kilograme,2094.0
Floarea soarelui,din care: Exploatatii agricole individuale,Arges,2013,Kilograme,2024.0
Floarea soarelui,din care: Exploatatii agricole individuale,Maramures,2013,Kilograme,1085.0
Floarea soarelui,din care: Exploatatii agricole individuale,Caras-Severin,2013,Kilograme,1546.0
Floarea soarelui,Sector privat,Salaj,2013,Kilograme,2030.0
Floarea soarelui,din care: Exploatatii agricole individuale,Iasi,2013,Kilograme,2115.0
Floarea soarelui,din care: Exploatatii agricole individuale,Vaslui,2013,Kilograme,1705.0
Floarea soarelui,Sector privat,Prahova,2013,Kilograme,2029.0
Floarea soarelui,din care: Exploatatii agricole individuale,Giurgiu,2013,Kilograme,2349.0
Floarea soarelui,din care: Exploatatii agricole individuale,Tulcea,2013,Kilograme,1091.0
Floarea soarelui,Sector privat,Arad,2013,Kilograme,2026.0
Floarea soarelui,din care: Exploatatii agricole individuale,Arad,2013,Kilograme,1970.0
Floarea soarelui,din care: Exploatatii agricole individuale,Satu Mare,2013,Kilograme,2564.0
Floarea soarelui,Sector privat,Neamt,2013,Kilograme,2580.0
Floarea soarelui,din care: Exploatatii agricole individuale,Dolj,2013,Kilograme,1641.0
Floarea soarelui,Sector privat,Alba,2013,Kilograme,638.0
Floarea soarelui,din care: Exploatatii agricole individuale,Constanta,2013,Kilograme,1186.0
Floarea soarelui,Sector privat,Caras-Severin,2013,Kilograme,1712.0
Floarea soarelui,din care: Exploatatii agricole individuale,Dambovita,2013,Kilograme,2223.0
Floarea soarelui,din care: Exploatatii agricole individuale,Salaj,2013,Kilograme,1989.0
Floarea soarelui,Sector privat,Mures,2013,Kilograme,2242.0
Floarea soarelui,din care: Exploatatii agricole individuale,Dolj,2014,Kilograme,2209.0
Floarea soarelui,Sector privat,Ialomita,2014,Kilograme,2575.0
Floarea soarelui,Sector privat,Caras-Severin,2014,Kilograme,1470.0
Floarea soarelui,Sector privat,Teleorman,2014,Kilograme,2242.0
Floarea soarelui,Sector privat,Alba,2014,Kilograme,2515.0
Floarea soarelui,Sector privat,Constanta,2014,Kilograme,1831.0
Floarea soarelui,din care: Exploatatii agricole individuale,Salaj,2014,Kilograme,1962.0
Floarea soarelui,Sector privat,Buzau,2014,Kilograme,1922.0
Floarea soarelui,din care: Exploatatii agricole individuale,Teleorman,2014,Kilograme,2160.0
Floarea soarelui,din care: Exploatatii agricole individuale,Buzau,2014,Kilograme,1838.0
Floarea soarelui,Sector privat,Suceava,2014,Kilograme,1909.0
Floarea soarelui,Sector privat,Ilfov,2014,Kilograme,1872.0
Floarea soarelui,Sector privat,Covasna,2014,Kilograme,2450.0
Floarea soarelui,Sector privat,Hunedoara,2014,Kilograme,2024.0
Floarea soarelui,Sector privat,Vaslui,2014,Kilograme,1933.0
Floarea soarelui,din care: Exploatatii agricole individuale,Alba,2014,Kilograme,1728.0
Floarea soarelui,din care: Exploatatii agricole individuale,Neamt,2014,Kilograme,2535.0
Floarea soarelui,Sector privat,Bacau,2014,Kilograme,2180.0
Floarea soarelui,din care: Exploatatii agricole individuale,Timis,2014,Kilograme,2017.0
Floarea soarelui,Sector privat,Braila,2014,Kilograme,2374.0
Floarea soarelui,din care: Exploatatii agricole individuale,Satu Mare,2014,Kilograme,2108.0
Floarea soarelui,Sector privat,Timis,2014,Kilograme,3387.0
Floarea soarelui,din care: Exploatatii agricole individuale,Covasna,2014,Kilograme,2654.0
Floarea soarelui,Sector privat,Vrancea,2014,Kilograme,1707.0
Floarea soarelui,Sector privat,Mures,2014,Kilograme,2264.0
Floarea soarelui,Sector privat,Calarasi,2014,Kilograme,2430.0
Floarea soarelui,din care: Exploatatii agricole individuale,Gorj,2014,Kilograme,1787.0
Floarea soarelui,Sector privat,Bistrita-Nasaud,2014,Kilograme,1369.0
Floarea soarelui,din care: Exploatatii agricole individuale,Bacau,2014,Kilograme,2467.0
Floarea soarelui,Sector privat,Gorj,2014,Kilograme,1776.0
Floarea soarelui,din care: Exploatatii agricole individuale,Sibiu,2014,Kilograme,1571.0
Floarea soarelui,Sector privat,Sibiu,2014,Kilograme,1767.0
Floarea soarelui,din care: Exploatatii agricole individuale,Vrancea,2014,Kilograme,1657.0
Floarea soarelui,din care: Exploatatii agricole individuale,Bihor,2014,Kilograme,2394.0
Floarea soarelui,Sector privat,Tulcea,2014,Kilograme,1829.0
Floarea soarelui,Sector privat,Cluj,2014,Kilograme,2437.0
Floarea soarelui,Sector privat,Dambovita,2014,Kilograme,1708.0
Floarea soarelui,Sector privat,Mehedinti,2014,Kilograme,1913.0
Floarea soarelui,Sector privat,Dolj,2014,Kilograme,2210.0
Floarea soarelui,din care: Exploatatii agricole individuale,Constanta,2014,Kilograme,1844.0
Floarea soarelui,Sector privat,Maramures,2014,Kilograme,1337.0
Floarea soarelui,din care: Exploatatii agricole individuale,Olt,2014,Kilograme,2201.0
Floarea soarelui,Sector privat,Giurgiu,2014,Kilograme,2305.0
Floarea soarelui,din care: Exploatatii agricole individuale,Bistrita-Nasaud,2014,Kilograme,1366.0
Floarea soarelui,din care: Exploatatii agricole individuale,Calarasi,2014,Kilograme,2404.0
Floarea soarelui,din care: Exploatatii agricole individuale,Dambovita,2014,Kilograme,1677.0
Floarea soarelui,Sector privat,Arges,2014,Kilograme,1809.0
Floarea soarelui,Sector privat,Olt,2014,Kilograme,2177.0
Floarea soarelui,din care: Exploatatii agricole individuale,Botosani,2014,Kilograme,2217.0
Floarea soarelui,Sector privat,Botosani,2014,Kilograme,2173.0
Floarea soarelui,din care: Exploatatii agricole individuale,Vaslui,2014,Kilograme,1808.0
Floarea soarelui,din care: Exploatatii agricole individuale,Caras-Severin,2014,Kilograme,2139.0
Floarea soarelui,din care: Exploatatii agricole individuale,Suceava,2014,Kilograme,1702.0
Floarea soarelui,din care: Exploatatii agricole individuale,Prahova,2014,Kilograme,2054.0
Floarea soarelui,din care: Exploatatii agricole individuale,Mehedinti,2014,Kilograme,1890.0
Floarea soarelui,din care: Exploatatii agricole individuale,Mures,2014,Kilograme,2669.0
Floarea soarelui,Sector privat,Galati,2014,Kilograme,2026.0
Floarea soarelui,Sector privat,Satu Mare,2014,Kilograme,2138.0
Floarea soarelui,din care: Exploatatii agricole individuale,Galati,2014,Kilograme,1665.0
Floarea soarelui,din care: Exploatatii agricole individuale,Cluj,2014,Kilograme,2157.0
Floarea soarelui,Sector privat,Valcea,2014,Kilograme,935.0
Floarea soarelui,din care: Exploatatii agricole individuale,Arges,2014,Kilograme,1749.0
Floarea soarelui,din care: Exploatatii agricole individuale,Ialomita,2014,Kilograme,2819.0
Floarea soarelui,din care: Exploatatii agricole individuale,Ilfov,2014,Kilograme,1613.0
Floarea soarelui,din care: Exploatatii agricole individuale,Maramures,2014,Kilograme,1334.0
Floarea soarelui,din care: Exploatatii agricole individuale,Braila,2014,Kilograme,2400.0
Floarea soarelui,Sector privat,Iasi,2014,Kilograme,1945.0
Floarea soarelui,Sector privat,Salaj,2014,Kilograme,1992.0
Floarea soarelui,din care: Exploatatii agricole individuale,Iasi,2014,Kilograme,1863.0
Floarea soarelui,din care: Exploatatii agricole individuale,Giurgiu,2014,Kilograme,2244.0
Floarea soarelui,Sector privat,Prahova,2014,Kilograme,2146.0
Floarea soarelui,Sector privat,Arad,2014,Kilograme,2832.0
Floarea soarelui,din care: Exploatatii agricole individuale,Tulcea,2014,Kilograme,1766.0
Floarea soarelui,din care: Exploatatii agricole individuale,Arad,2014,Kilograme,3146.0
Floarea soarelui,din care: Exploatatii agricole individuale,Valcea,2014,Kilograme,2000.0
Floarea soarelui,Sector privat,Neamt,2014,Kilograme,2345.0
Floarea soarelui,Sector privat,Bihor,2014,Kilograme,2003.0
Floarea soarelui,din care: Exploatatii agricole individuale,Galati,2015,Kilograme,1190.0
Floarea soarelui,Sector privat,Buzau,2015,Kilograme,1522.0
Floarea soarelui,Sector privat,Alba,2015,Kilograme,2160.0
Floarea soarelui,din care: Exploatatii agricole individuale,Arad,2015,Kilograme,2198.0
Floarea soarelui,Sector privat,Tulcea,2015,Kilograme,1539.0
Floarea soarelui,Sector privat,Teleorman,2015,Kilograme,1762.0
Floarea soarelui,din care: Exploatatii agricole individuale,Olt,2015,Kilograme,1569.0
Floarea soarelui,Sector privat,Brasov,2015,Kilograme,1853.0
Floarea soarelui,din care: Exploatatii agricole individuale,Salaj,2015,Kilograme,1456.0
Floarea soarelui,din care: Exploatatii agricole individuale,Buzau,2015,Kilograme,1312.0
Floarea soarelui,Sector privat,Suceava,2015,Kilograme,1727.0
Floarea soarelui,din care: Exploatatii agricole individuale,Teleorman,2015,Kilograme,1537.0
Floarea soarelui,Sector privat,Ilfov,2015,Kilograme,1827.0
Floarea soarelui,din care: Exploatatii agricole individuale,Braila,2015,Kilograme,1541.0
Floarea soarelui,Sector privat,Hunedoara,2015,Kilograme,1432.0
Floarea soarelui,Sector privat,Covasna,2015,Kilograme,1429.0
Floarea soarelui,Sector privat,Vaslui,2015,Kilograme,1455.0
Floarea soarelui,din care: Exploatatii agricole individuale,Neamt,2015,Kilograme,1840.0
Floarea soarelui,Sector privat,Mehedinti,2015,Kilograme,1417.0
Floarea soarelui,Sector privat,Neamt,2015,Kilograme,2034.0
Floarea soarelui,Sector privat,Caras-Severin,2015,Kilograme,1294.0
Floarea soarelui,Sector privat,Bihor,2015,Kilograme,1569.0
Floarea soarelui,Sector privat,Arges,2015,Kilograme,1576.0
Floarea soarelui,Sector privat,Dolj,2015,Kilograme,1661.0
Floarea soarelui,Sector privat,Timis,2015,Kilograme,2201.0
Floarea soarelui,Sector privat,Mures,2015,Kilograme,2085.0
Floarea soarelui,Sector privat,Vrancea,2015,Kilograme,1317.0
Floarea soarelui,Sector privat,Bistrita-Nasaud,2015,Kilograme,893.0
Floarea soarelui,Sector privat,Calarasi,2015,Kilograme,2431.0
Floarea soarelui,din care: Exploatatii agricole individuale,Gorj,2015,Kilograme,1544.0
Floarea soarelui,din care: Exploatatii agricole individuale,Vrancea,2015,Kilograme,1258.0
Floarea soarelui,din care: Exploatatii agricole individuale,Sibiu,2015,Kilograme,1158.0
Floarea soarelui,Sector privat,Gorj,2015,Kilograme,946.0
Floarea soarelui,Sector privat,Sibiu,2015,Kilograme,1669.0
Floarea soarelui,din care: Exploatatii agricole individuale,Bihor,2015,Kilograme,1563.0
Floarea soarelui,din care: Exploatatii agricole individuale,Bacau,2015,Kilograme,1751.0
Floarea soarelui,Sector privat,Cluj,2015,Kilograme,2161.0
Floarea soarelui,Sector privat,Dambovita,2015,Kilograme,1372.0
Floarea soarelui,din care: Exploatatii agricole individuale,Timis,2015,Kilograme,1304.0
Floarea soarelui,Sector privat,Bacau,2015,Kilograme,1745.0
Floarea soarelui,din care: Exploatatii agricole individuale,Constanta,2015,Kilograme,1255.0
Floarea soarelui,Sector privat,Maramures,2015,Kilograme,816.0
Floarea soarelui,Sector privat,Giurgiu,2015,Kilograme,1917.0
Floarea soarelui,din care: Exploatatii agricole individuale,Calarasi,2015,Kilograme,1790.0
Floarea soarelui,din care: Exploatatii agricole individuale,Bistrita-Nasaud,2015,Kilograme,888.0
Floarea soarelui,din care: Exploatatii agricole individuale,Dambovita,2015,Kilograme,1220.0
Floarea soarelui,din care: Exploatatii agricole individuale,Botosani,2015,Kilograme,1551.0
Floarea soarelui,Sector privat,Botosani,2015,Kilograme,1631.0
Floarea soarelui,Sector privat,Olt,2015,Kilograme,1635.0
Floarea soarelui,din care: Exploatatii agricole individuale,Prahova,2015,Kilograme,1477.0
Floarea soarelui,din care: Exploatatii agricole individuale,Mures,2015,Kilograme,1927.0
Floarea soarelui,din care: Exploatatii agricole individuale,Mehedinti,2015,Kilograme,1414.0
Floarea soarelui,Sector privat,Satu Mare,2015,Kilograme,1754.0
Floarea soarelui,din care: Exploatatii agricole individuale,Vaslui,2015,Kilograme,1341.0
Floarea soarelui,din care: Exploatatii agricole individuale,Cluj,2015,Kilograme,1732.0
Floarea soarelui,Sector privat,Constanta,2015,Kilograme,1593.0
Floarea soarelui,Sector privat,Ialomita,2015,Kilograme,2194.0
Floarea soarelui,Sector privat,Galati,2015,Kilograme,1666.0
Floarea soarelui,din care: Exploatatii agricole individuale,Alba,2015,Kilograme,1210.0
Floarea soarelui,din care: Exploatatii agricole individuale,Ialomita,2015,Kilograme,1647.0
Floarea soarelui,Sector privat,Valcea,2015,Kilograme,600.0
Floarea soarelui,din care: Exploatatii agricole individuale,Suceava,2015,Kilograme,1314.0
Floarea soarelui,din care: Exploatatii agricole individuale,Caras-Severin,2015,Kilograme,1490.0
Floarea soarelui,din care: Exploatatii agricole individuale,Ilfov,2015,Kilograme,1512.0
Floarea soarelui,din care: Exploatatii agricole individuale,Maramures,2015,Kilograme,814.0
Floarea soarelui,Sector privat,Iasi,2015,Kilograme,1652.0
Floarea soarelui,din care: Exploatatii agricole individuale,Hunedoara,2015,Kilograme,2000.0
Floarea soarelui,din care: Exploatatii agricole individuale,Iasi,2015,Kilograme,1729.0
Floarea soarelui,Sector privat,Salaj,2015,Kilograme,1574.0
Floarea soarelui,din care: Exploatatii agricole individuale,Giurgiu,2015,Kilograme,1606.0
Floarea soarelui,Sector privat,Prahova,2015,Kilograme,2054.0
Floarea soarelui,Sector privat,Arad,2015,Kilograme,2165.0
Floarea soarelui,din care: Exploatatii agricole individuale,Dolj,2015,Kilograme,1558.0
Floarea soarelui,din care: Exploatatii agricole individuale,Arges,2015,Kilograme,1258.0
Floarea soarelui,din care: Exploatatii agricole individuale,Satu Mare,2015,Kilograme,1570.0
Floarea soarelui,Sector privat,Braila,2015,Kilograme,1911.0
Floarea soarelui,din care: Exploatatii agricole individuale,Tulcea,2015,Kilograme,1182.0
Floarea soarelui,Sector privat,Tulcea,2016,Kilograme,1809.0
Floarea soarelui,Sector privat,Galati,2016,Kilograme,2000.0
Floarea soarelui,Sector privat,Braila,2016,Kilograme,2270.0
Floarea soarelui,din care: Exploatatii agricole individuale,Arges,2016,Kilograme,1077.0
Floarea soarelui,Sector privat,Neamt,2016,Kilograme,2254.0
Floarea soarelui,Sector privat,Alba,2016,Kilograme,2452.0
Floarea soarelui,Sector privat,Caras-Severin,2016,Kilograme,2376.0
Floarea soarelui,Sector privat,Teleorman,2016,Kilograme,2001.0
Floarea soarelui,Sector privat,Constanta,2016,Kilograme,1491.0
Floarea soarelui,din care: Exploatatii agricole individuale,Salaj,2016,Kilograme,1919.0
Floarea soarelui,Sector privat,Brasov,2016,Kilograme,1908.0
Floarea soarelui,din care: Exploatatii agricole individuale,Mures,2016,Kilograme,2091.0
Floarea soarelui,Sector privat,Suceava,2016,Kilograme,1300.0
Floarea soarelui,din care: Exploatatii agricole individuale,Teleorman,2016,Kilograme,1662.0
Floarea soarelui,Sector privat,Ilfov,2016,Kilograme,1917.0
Floarea soarelui,Sector privat,Covasna,2016,Kilograme,1833.0
Floarea soarelui,Sector privat,Hunedoara,2016,Kilograme,1650.0
Floarea soarelui,din care: Exploatatii agricole individuale,Alba,2016,Kilograme,1875.0
Floarea soarelui,din care: Exploatatii agricole individuale,Galati,2016,Kilograme,1628.0
Floarea soarelui,din care: Exploatatii agricole individuale,Dolj,2016,Kilograme,1435.0
Floarea soarelui,din care: Exploatatii agricole individuale,Satu Mare,2016,Kilograme,2083.0
Floarea soarelui,Sector privat,Arges,2016,Kilograme,1384.0
Floarea soarelui,Sector privat,Timis,2016,Kilograme,3000.0
Floarea soarelui,Sector privat,Dolj,2016,Kilograme,1693.0
Floarea soarelui,Sector privat,Bihor,2016,Kilograme,1978.0
Floarea soarelui,Sector privat,Mures,2016,Kilograme,2189.0
Floarea soarelui,din care: Exploatatii agricole individuale,Olt,2016,Kilograme,1049.0
Floarea soarelui,Sector privat,Vrancea,2016,Kilograme,1351.0
Floarea soarelui,Sector privat,Bistrita-Nasaud,2016,Kilograme,1115.0
Floarea soarelui,Sector privat,Calarasi,2016,Kilograme,2687.0
Floarea soarelui,din care: Exploatatii agricole individuale,Gorj,2016,Kilograme,1190.0
Floarea soarelui,Sector privat,Buzau,2016,Kilograme,2019.0
Floarea soarelui,din care: Exploatatii agricole individuale,Vrancea,2016,Kilograme,1280.0
Floarea soarelui,Sector privat,Gorj,2016,Kilograme,1188.0
Floarea soarelui,din care: Exploatatii agricole individuale,Bihor,2016,Kilograme,2064.0
Floarea soarelui,Sector privat,Sibiu,2016,Kilograme,1753.0
Floarea soarelui,din care: Exploatatii agricole individuale,Neamt,2016,Kilograme,1812.0
Floarea soarelui,din care: Exploatatii agricole individuale,Bacau,2016,Kilograme,1430.0
Floarea soarelui,din care: Exploatatii agricole individuale,Timis,2016,Kilograme,1345.0
Floarea soarelui,din care: Exploatatii agricole individuale,Sibiu,2016,Kilograme,1261.0
Floarea soarelui,Sector privat,Cluj,2016,Kilograme,2308.0
Floarea soarelui,Sector privat,Dambovita,2016,Kilograme,1671.0
Floarea soarelui,Sector privat,Bacau,2016,Kilograme,1569.0
Floarea soarelui,Sector privat,Mehedinti,2016,Kilograme,2407.0
Floarea soarelui,din care: Exploatatii agricole individuale,Constanta,2016,Kilograme,866.0
Floarea soarelui,din care: Exploatatii agricole individuale,Braila,2016,Kilograme,2017.0
Floarea soarelui,Sector privat,Maramures,2016,Kilograme,1486.0
Floarea soarelui,din care: Exploatatii agricole individuale,Bistrita-Nasaud,2016,Kilograme,1087.0
Floarea soarelui,din care: Exploatatii agricole individuale,Calarasi,2016,Kilograme,1834.0
Floarea soarelui,Sector privat,Giurgiu,2016,Kilograme,1706.0
Floarea soarelui,din care: Exploatatii agricole individuale,Dambovita,2016,Kilograme,1721.0
Floarea soarelui,din care: Exploatatii agricole individuale,Buzau,2016,Kilograme,1900.0
Floarea soarelui,Sector privat,Botosani,2016,Kilograme,1414.0
Floarea soarelui,Sector privat,Olt,2016,Kilograme,1284.0
Floarea soarelui,din care: Exploatatii agricole individuale,Prahova,2016,Kilograme,1932.0
Floarea soarelui,din care: Exploatatii agricole individuale,Cluj,2016,Kilograme,2039.0
Floarea soarelui,Sector privat,Satu Mare,2016,Kilograme,2158.0
Floarea soarelui,din care: Exploatatii agricole individuale,Vaslui,2016,Kilograme,1056.0
Floarea soarelui,Sector privat,Ialomita,2016,Kilograme,2496.0
Floarea soarelui,Sector privat,Vaslui,2016,Kilograme,1216.0
Floarea soarelui,din care: Exploatatii agricole individuale,Botosani,2016,Kilograme,1348.0
Floarea soarelui,din care: Exploatatii agricole individuale,Ialomita,2016,Kilograme,2140.0
Floarea soarelui,din care: Exploatatii agricole individuale,Maramures,2016,Kilograme,1479.0
Floarea soarelui,Sector privat,Valcea,2016,Kilograme,888.0
Floarea soarelui,din care: Exploatatii agricole individuale,Ilfov,2016,Kilograme,1657.0
Floarea soarelui,Sector privat,Iasi,2016,Kilograme,1567.0
Floarea soarelui,din care: Exploatatii agricole individuale,Arad,2016,Kilograme,2944.0
Floarea soarelui,din care: Exploatatii agricole individuale,Hunedoara,2016,Kilograme,2079.0
Floarea soarelui,din care: Exploatatii agricole individuale,Iasi,2016,Kilograme,1116.0
Floarea soarelui,din care: Exploatatii agricole individuale,Suceava,2016,Kilograme,883.0
Floarea soarelui,din care: Exploatatii agricole individuale,Giurgiu,2016,Kilograme,1222.0
Floarea soarelui,Sector privat,Salaj,2016,Kilograme,1888.0
Floarea soarelui,Sector privat,Prahova,2016,Kilograme,2448.0
Floarea soarelui,Sector privat,Arad,2016,Kilograme,2793.0
Floarea soarelui,din care: Exploatatii agricole individuale,Valcea,2016,Kilograme,867.0
Floarea soarelui,din care: Exploatatii agricole individuale,Caras-Severin,2016,Kilograme,1472.0
Floarea soarelui,din care: Exploatatii agricole individuale,Mehedinti,2016,Kilograme,2525.0
Floarea soarelui,din care: Exploatatii agricole individuale,Tulcea,2016,Kilograme,1580.0
Floarea soarelui,din care: Exploatatii agricole individuale,Alba,2017,Kilograme,2871.0
Floarea soarelui,Sector privat,Ialomita,2017,Kilograme,3118.0
Floarea soarelui,Sector privat,Alba,2017,Kilograme,2535.0
Floarea soarelui,din care: Exploatatii agricole individuale,Mehedinti,2017,Kilograme,4295.0
Floarea soarelui,din care: Exploatatii agricole individuale,Teleorman,2017,Kilograme,3224.0
Floarea soarelui,din care: Exploatatii agricole individuale,Salaj,2017,Kilograme,2932.0
Floarea soarelui,din care: Exploatatii agricole individuale,Mures,2017,Kilograme,3150.0
Floarea soarelui,Sector privat,Brasov,2017,Kilograme,1979.0
Floarea soarelui,Sector privat,Suceava,2017,Kilograme,2453.0
Floarea soarelui,din care: Exploatatii agricole individuale,Bacau,2017,Kilograme,3165.0
Floarea soarelui,Sector privat,Constanta,2017,Kilograme,3183.0
Floarea soarelui,Sector privat,Ilfov,2017,Kilograme,2483.0
Floarea soarelui,Sector privat,Hunedoara,2017,Kilograme,1461.0
Floarea soarelui,Sector privat,Covasna,2017,Kilograme,2518.0
Floarea soarelui,Sector privat,Municipiul Bucuresti,2017,Kilograme,2000.0
Floarea soarelui,din care: Exploatatii agricole individuale,Neamt,2017,Kilograme,3161.0
Floarea soarelui,din care: Exploatatii agricole individuale,Dolj,2017,Kilograme,3757.0
Floarea soarelui,Sector privat,Tulcea,2017,Kilograme,2772.0
Floarea soarelui,din care: Exploatatii agricole individuale,Tulcea,2017,Kilograme,2623.0
Floarea soarelui,din care: Exploatatii agricole individuale,Covasna,2017,Kilograme,2549.0
Floarea soarelui,Sector privat,Dolj,2017,Kilograme,3036.0
Floarea soarelui,Sector privat,Teleorman,2017,Kilograme,3065.0
Floarea soarelui,din care: Exploatatii agricole individuale,Timis,2017,Kilograme,1774.0
Floarea soarelui,Sector privat,Bihor,2017,Kilograme,2505.0
Floarea soarelui,Sector privat,Timis,2017,Kilograme,2200.0
Floarea soarelui,din care: Exploatatii agricole individuale,Olt,2017,Kilograme,3907.0
Floarea soarelui,Sector privat,Mures,2017,Kilograme,2957.0
Floarea soarelui,Sector privat,Vrancea,2017,Kilograme,2467.0
Floarea soarelui,Sector privat,Bistrita-Nasaud,2017,Kilograme,2314.0
Floarea soarelui,din care: Exploatatii agricole individuale,Giurgiu,2017,Kilograme,3751.0
Floarea soarelui,Sector privat,Gorj,2017,Kilograme,2617.0
Floarea soarelui,Sector privat,Calarasi,2017,Kilograme,2894.0
Floarea soarelui,din care: Exploatatii agricole individuale,Arad,2017,Kilograme,3237.0
Floarea soarelui,din care: Exploatatii agricole individuale,Bihor,2017,Kilograme,3213.0
Floarea soarelui,Sector privat,Sibiu,2017,Kilograme,2003.0
Floarea soarelui,din care: Exploatatii agricole individuale,Vrancea,2017,Kilograme,2950.0
Floarea soarelui,Sector privat,Vaslui,2017,Kilograme,3216.0
Floarea soarelui,din care: Exploatatii agricole individuale,Galati,2017,Kilograme,2800.0
Floarea soarelui,din care: Exploatatii agricole individuale,Constanta,2017,Kilograme,2478.0
Floarea soarelui,din care: Exploatatii agricole individuale,Sibiu,2017,Kilograme,1659.0
Floarea soarelui,Sector privat,Cluj,2017,Kilograme,2600.0
Floarea soarelui,Sector privat,Dambovita,2017,Kilograme,2578.0
Floarea soarelui,Sector privat,Mehedinti,2017,Kilograme,3709.0
Floarea soarelui,Sector privat,Bacau,2017,Kilograme,2829.0
Floarea soarelui,din care: Exploatatii agricole individuale,Gorj,2017,Kilograme,2626.0
Floarea soarelui,Sector privat,Galati,2017,Kilograme,2644.0
Floarea soarelui,din care: Exploatatii agricole individuale,Braila,2017,Kilograme,3492.0
Floarea soarelui,Sector privat,Buzau,2017,Kilograme,3079.0
Floarea soarelui,din care: Exploatatii agricole individuale,Municipiul Bucuresti,2017,Kilograme,2000.0
Floarea soarelui,din care: Exploatatii agricole individuale,Calarasi,2017,Kilograme,3552.0
Floarea soarelui,din care: Exploatatii agricole individuale,Bistrita-Nasaud,2017,Kilograme,2369.0
Floarea soarelui,Sector privat,Giurgiu,2017,Kilograme,2877.0
Floarea soarelui,Sector privat,Maramures,2017,Kilograme,2873.0
Floarea soarelui,din care: Exploatatii agricole individuale,Dambovita,2017,Kilograme,2940.0
Floarea soarelui,din care: Exploatatii agricole individuale,Buzau,2017,Kilograme,3519.0
Floarea soarelui,Sector privat,Olt,2017,Kilograme,3211.0
Floarea soarelui,Sector privat,Botosani,2017,Kilograme,3043.0
Floarea soarelui,din care: Exploatatii agricole individuale,Prahova,2017,Kilograme,2967.0
Floarea soarelui,din care: Exploatatii agricole individuale,Cluj,2017,Kilograme,2420.0
Floarea soarelui,Sector privat,Satu Mare,2017,Kilograme,3550.0
Floarea soarelui,din care: Exploatatii agricole individuale,Vaslui,2017,Kilograme,3371.0
Floarea soarelui,Sector privat,Neamt,2017,Kilograme,2906.0
Floarea soarelui,din care: Exploatatii agricole individuale,Ialomita,2017,Kilograme,3238.0
Floarea soarelui,Sector privat,Valcea,2017,Kilograme,2697.0
Floarea soarelui,din care: Exploatatii agricole individuale,Maramures,2017,Kilograme,2885.0
Floarea soarelui,din care: Exploatatii agricole individuale,Ilfov,2017,Kilograme,2647.0
Floarea soarelui,din care: Exploatatii agricole individuale,Hunedoara,2017,Kilograme,2476.0
Floarea soarelui,Sector privat,Iasi,2017,Kilograme,2593.0
Floarea soarelui,din care: Exploatatii agricole individuale,Iasi,2017,Kilograme,3487.0
Floarea soarelui,din care: Exploatatii agricole individuale,Suceava,2017,Kilograme,2592.0
Floarea soarelui,Sector privat,Arad,2017,Kilograme,3039.0
Floarea soarelui,Sector privat,Prahova,2017,Kilograme,2446.0
Floarea soarelui,Sector privat,Salaj,2017,Kilograme,2566.0
Floarea soarelui,din care: Exploatatii agricole individuale,Botosani,2017,Kilograme,3401.0
Floarea soarelui,din care: Exploatatii agricole individuale,Caras-Severin,2017,Kilograme,1250.0
Floarea soarelui,din care: Exploatatii agricole individuale,Satu Mare,2017,Kilograme,4117.0
Floarea soarelui,din care: Exploatatii agricole individuale,Valcea,2017,Kilograme,2877.0
Floarea soarelui,din care: Exploatatii agricole individuale,Arges,2017,Kilograme,3083.0
Floarea soarelui,Sector privat,Braila,2017,Kilograme,3196.0
Floarea soarelui,Sector privat,Caras-Severin,2017,Kilograme,1479.0
Floarea soarelui,Sector privat,Arges,2017,Kilograme,2710.0
Floarea soarelui,Sector privat,Vaslui,2018,Kilograme,3922.0
Floarea soarelui,Sector privat,Iasi,2018,Kilograme,2351.0
Floarea soarelui,Sector privat,Suceava,2018,Kilograme,2759.0
Floarea soarelui,din care: Exploatatii agricole individuale,Mures,2018,Kilograme,3150.0
Floarea soarelui,Sector privat,Braila,2018,Kilograme,2955.0
Floarea soarelui,din care: Exploatatii agricole individuale,Bacau,2018,Kilograme,2978.0
Floarea soarelui,Sector privat,Ilfov,2018,Kilograme,2171.0
Floarea soarelui,Sector privat,Constanta,2018,Kilograme,3717.0
Floarea soarelui,din care: Exploatatii agricole individuale,Valcea,2018,Kilograme,2944.0
Floarea soarelui,din care: Exploatatii agricole individuale,Neamt,2018,Kilograme,3032.0
Floarea soarelui,Sector privat,Teleorman,2018,Kilograme,3619.0
Floarea soarelui,din care: Exploatatii agricole individuale,Alba,2018,Kilograme,2892.0
Floarea soarelui,Sector privat,Arges,2018,Kilograme,2749.0
Floarea soarelui,Sector privat,Dolj,2018,Kilograme,2773.0
Floarea soarelui,din care: Exploatatii agricole individuale,Covasna,2018,Kilograme,2349.0
Floarea soarelui,Sector privat,Tulcea,2018,Kilograme,3454.0
Floarea soarelui,Sector privat,Bihor,2018,Kilograme,2069.0
Floarea soarelui,din care: Exploatatii agricole individuale,Timis,2018,Kilograme,3226.0
Floarea soarelui,Sector privat,Timis,2018,Kilograme,2549.0
Floarea soarelui,din care: Exploatatii agricole individuale,Ilfov,2018,Kilograme,2233.0
Floarea soarelui,Sector privat,Galati,2018,Kilograme,2724.0
Floarea soarelui,Sector privat,Vrancea,2018,Kilograme,2196.0
Floarea soarelui,din care: Exploatatii agricole individuale,Caras-Severin,2018,Kilograme,1900.0
Floarea soarelui,din care: Exploatatii agricole individuale,Giurgiu,2018,Kilograme,3526.0
Floarea soarelui,din care: Exploatatii agricole individuale,Tulcea,2018,Kilograme,3012.0
Floarea soarelui,Sector privat,Bistrita-Nasaud,2018,Kilograme,2131.0
Floarea soarelui,Sector privat,Calarasi,2018,Kilograme,3758.0
Floarea soarelui,Sector privat,Gorj,2018,Kilograme,2746.0
Floarea soarelui,din care: Exploatatii agricole individuale,Arad,2018,Kilograme,3337.0
Floarea soarelui,Sector privat,Covasna,2018,Kilograme,2321.0
Floarea soarelui,Sector privat,Sibiu,2018,Kilograme,2531.0
Floarea soarelui,din care: Exploatatii agricole individuale,Vrancea,2018,Kilograme,2327.0
Floarea soarelui,din care: Exploatatii agricole individuale,Bihor,2018,Kilograme,2099.0
Floarea soarelui,din care: Exploatatii agricole individuale,Constanta,2018,Kilograme,2803.0
Floarea soarelui,din care: Exploatatii agricole individuale,Galati,2018,Kilograme,3142.0
Floarea soarelui,Sector privat,Dambovita,2018,Kilograme,2163.0
Floarea soarelui,Sector privat,Cluj,2018,Kilograme,3144.0
Floarea soarelui,din care: Exploatatii agricole individuale,Sibiu,2018,Kilograme,1915.0
Floarea soarelui,Sector privat,Mehedinti,2018,Kilograme,3699.0
Floarea soarelui,din care: Exploatatii agricole individuale,Gorj,2018,Kilograme,2705.0
Floarea soarelui,Sector privat,Bacau,2018,Kilograme,2759.0
Floarea soarelui,Sector privat,Giurgiu,2018,Kilograme,2974.0
Floarea soarelui,din care: Exploatatii agricole individuale,Calarasi,2018,Kilograme,3491.0
Floarea soarelui,Sector privat,Maramures,2018,Kilograme,2683.0
Floarea soarelui,din care: Exploatatii agricole individuale,Bistrita-Nasaud,2018,Kilograme,2120.0
Floarea soarelui,din care: Exploatatii agricole individuale,Dambovita,2018,Kilograme,2379.0
Floarea soarelui,din care: Exploatatii agricole individuale,Botosani,2018,Kilograme,3270.0
Floarea soarelui,din care: Exploatatii agricole individuale,Buzau,2018,Kilograme,3271.0
Floarea soarelui,Sector privat,Olt,2018,Kilograme,3280.0
Floarea soarelui,din care: Exploatatii agricole individuale,Prahova,2018,Kilograme,2945.0
Floarea soarelui,Sector privat,Botosani,2018,Kilograme,3073.0
Floarea soarelui,din care: Exploatatii agricole individuale,Cluj,2018,Kilograme,2807.0
Floarea soarelui,Sector privat,Ialomita,2018,Kilograme,2673.0
Floarea soarelui,Sector privat,Satu Mare,2018,Kilograme,3584.0
Floarea soarelui,din care: Exploatatii agricole individuale,Vaslui,2018,Kilograme,3662.0
Floarea soarelui,din care: Exploatatii agricole individuale,Ialomita,2018,Kilograme,2638.0
Floarea soarelui,Sector privat,Valcea,2018,Kilograme,2944.0
Floarea soarelui,din care: Exploatatii agricole individuale,Maramures,2018,Kilograme,2685.0
Floarea soarelui,din care: Exploatatii agricole individuale,Hunedoara,2018,Kilograme,3195.0
Floarea soarelui,din care: Exploatatii agricole individuale,Iasi,2018,Kilograme,2919.0
Floarea soarelui,Sector privat,Brasov,2018,Kilograme,2809.0
Floarea soarelui,Sector privat,Prahova,2018,Kilograme,2044.0
Floarea soarelui,din care: Exploatatii agricole individuale,Suceava,2018,Kilograme,3027.0
Floarea soarelui,Sector privat,Arad,2018,Kilograme,3077.0
Floarea soarelui,Sector privat,Salaj,2018,Kilograme,2684.0
Floarea soarelui,din care: Exploatatii agricole individuale,Braila,2018,Kilograme,2561.0
Floarea soarelui,din care: Exploatatii agricole individuale,Dolj,2018,Kilograme,2902.0
Floarea soarelui,din care: Exploatatii agricole individuale,Satu Mare,2018,Kilograme,4217.0
Floarea soarelui,Sector privat,Caras-Severin,2018,Kilograme,2179.0
Floarea soarelui,Sector privat,Hunedoara,2018,Kilograme,2665.0
Floarea soarelui,Sector privat,Neamt,2018,Kilograme,3328.0
Floarea soarelui,Sector privat,Alba,2018,Kilograme,2612.0
Floarea soarelui,din care: Exploatatii agricole individuale,Mehedinti,2018,Kilograme,4000.0
Floarea soarelui,din care: Exploatatii agricole individuale,Olt,2018,Kilograme,3640.0
Floarea soarelui,din care: Exploatatii agricole individuale,Teleorman,2018,Kilograme,3224.0
Floarea soarelui,Sector privat,Buzau,2018,Kilograme,2907.0
Floarea soarelui,din care: Exploatatii agricole individuale,Arges,2018,Kilograme,2900.0
Floarea soarelui,din care: Exploatatii agricole individuale,Salaj,2018,Kilograme,3032.0
Floarea soarelui,Sector privat,Mures,2018,Kilograme,3054.0
Floarea soarelui,din care: Exploatatii agricole individuale,Valcea,2019,Kilograme,3312.0
Floarea soarelui,Sector privat,Iasi,2019,Kilograme,3023.0
Floarea soarelui,Sector privat,Covasna,2019,Kilograme,2340.0
Floarea soarelui,Sector privat,Vaslui,2019,Kilograme,2240.0
Floarea soarelui,Sector privat,Brasov,2019,Kilograme,1932.0
Floarea soarelui,din care: Exploatatii agricole individuale,Olt,2019,Kilograme,3502.0
Floarea soarelui,Sector privat,Constanta,2019,Kilograme,2661.0
Floarea soarelui,Sector privat,Ilfov,2019,Kilograme,2640.0
Floarea soarelui,Sector privat,Gorj,2019,Kilograme,3070.0
Floarea soarelui,din care: Exploatatii agricole individuale,Alba,2019,Kilograme,3133.0
Floarea soarelui,Sector privat,Arges,2019,Kilograme,2534.0
Floarea soarelui,din care: Exploatatii agricole individuale,Covasna,2019,Kilograme,2453.0
Floarea soarelui,Sector privat,Tulcea,2019,Kilograme,2158.0
Floarea soarelui,Sector privat,Dolj,2019,Kilograme,2947.0
Floarea soarelui,Sector privat,Bihor,2019,Kilograme,2887.0
Floarea soarelui,din care: Exploatatii agricole individuale,Timis,2019,Kilograme,2090.0
Floarea soarelui,din care: Exploatatii agricole individuale,Botosani,2019,Kilograme,2021.0
Floarea soarelui,Sector privat,Mures,2019,Kilograme,2619.0
Floarea soarelui,din care: Exploatatii agricole individuale,Ilfov,2019,Kilograme,2590.0
Floarea soarelui,din care: Exploatatii agricole individuale,Bacau,2019,Kilograme,2988.0
Floarea soarelui,Sector privat,Buzau,2019,Kilograme,2986.0
Floarea soarelui,Sector privat,Vrancea,2019,Kilograme,2534.0
Floarea soarelui,din care: Exploatatii agricole individuale,Tulcea,2019,Kilograme,2746.0
Floarea soarelui,din care: Exploatatii agricole individuale,Caras-Severin,2019,Kilograme,1700.0
Floarea soarelui,Sector privat,Bistrita-Nasaud,2019,Kilograme,3114.0
Floarea soarelui,Sector privat,Braila,2019,Kilograme,2821.0
Floarea soarelui,din care: Exploatatii agricole individuale,Giurgiu,2019,Kilograme,2312.0
Floarea soarelui,Sector privat,Calarasi,2019,Kilograme,2803.0
Floarea soarelui,Sector privat,Sibiu,2019,Kilograme,2380.0
Floarea soarelui,din care: Exploatatii agricole individuale,Neamt,2019,Kilograme,3202.0
Floarea soarelui,din care: Exploatatii agricole individuale,Bihor,2019,Kilograme,3109.0
Floarea soarelui,din care: Exploatatii agricole individuale,Galati,2019,Kilograme,2539.0
Floarea soarelui,Sector privat,Galati,2019,Kilograme,2489.0
Floarea soarelui,Sector privat,Dambovita,2019,Kilograme,2288.0
Floarea soarelui,Sector privat,Cluj,2019,Kilograme,3072.0
Floarea soarelui,din care: Exploatatii agricole individuale,Arad,2019,Kilograme,3656.0
Floarea soarelui,din care: Exploatatii agricole individuale,Mures,2019,Kilograme,2606.0
Floarea soarelui,din care: Exploatatii agricole individuale,Sibiu,2019,Kilograme,1382.0
Floarea soarelui,Sector privat,Mehedinti,2019,Kilograme,3309.0
Floarea soarelui,Sector privat,Bacau,2019,Kilograme,2805.0
Floarea soarelui,din care: Exploatatii agricole individuale,Gorj,2019,Kilograme,3070.0
Floarea soarelui,din care: Exploatatii agricole individuale,Constanta,2019,Kilograme,2921.0
Floarea soarelui,Sector privat,Giurgiu,2019,Kilograme,2454.0
Floarea soarelui,din care: Exploatatii agricole individuale,Bistrita-Nasaud,2019,Kilograme,3140.0
Floarea soarelui,Sector privat,Maramures,2019,Kilograme,3787.0
Floarea soarelui,din care: Exploatatii agricole individuale,Dambovita,2019,Kilograme,2300.0
Floarea soarelui,din care: Exploatatii agricole individuale,Buzau,2019,Kilograme,3224.0
Floarea soarelui,din care: Exploatatii agricole individuale,Vrancea,2019,Kilograme,2886.0
Floarea soarelui,din care: Exploatatii agricole individuale,Calarasi,2019,Kilograme,2890.0
Floarea soarelui,Sector privat,Botosani,2019,Kilograme,2071.0
Floarea soarelui,Sector privat,Olt,2019,Kilograme,3067.0
Floarea soarelui,din care: Exploatatii agricole individuale,Cluj,2019,Kilograme,3328.0
Floarea soarelui,din care: Exploatatii agricole individuale,Prahova,2019,Kilograme,2982.0
Floarea soarelui,din care: Exploatatii agricole individuale,Vaslui,2019,Kilograme,2379.0
Floarea soarelui,Sector privat,Satu Mare,2019,Kilograme,2975.0
Floarea soarelui,Sector privat,Ialomita,2019,Kilograme,2728.0
Floarea soarelui,din care: Exploatatii agricole individuale,Ialomita,2019,Kilograme,2713.0
Floarea soarelui,din care: Exploatatii agricole individuale,Teleorman,2019,Kilograme,2927.0
Floarea soarelui,Sector privat,Valcea,2019,Kilograme,3299.0
Floarea soarelui,din care: Exploatatii agricole individuale,Maramures,2019,Kilograme,3822.0
Floarea soarelui,Sector privat,Suceava,2019,Kilograme,2298.0
Floarea soarelui,din care: Exploatatii agricole individuale,Suceava,2019,Kilograme,2314.0
Floarea soarelui,Sector privat,Prahova,2019,Kilograme,2407.0
Floarea soarelui,Sector privat,Arad,2019,Kilograme,3495.0
Floarea soarelui,Sector privat,Salaj,2019,Kilograme,2756.0
Floarea soarelui,Sector privat,Hunedoara,2019,Kilograme,2281.0
Floarea soarelui,din care: Exploatatii agricole individuale,Braila,2019,Kilograme,2683.0
Floarea soarelui,din care: Exploatatii agricole individuale,Iasi,2019,Kilograme,3553.0
Floarea soarelui,din care: Exploatatii agricole individuale,Satu Mare,2019,Kilograme,3046.0
Floarea soarelui,din care: Exploatatii agricole individuale,Dolj,2019,Kilograme,3363.0
Floarea soarelui,din care: Exploatatii agricole individuale,Hunedoara,2019,Kilograme,2836.0
Floarea soarelui,Sector privat,Neamt,2019,Kilograme,2911.0
Floarea soarelui,Sector privat,Teleorman,2019,Kilograme,2657.0
Floarea soarelui,Sector privat,Caras-Severin,2019,Kilograme,1700.0
Floarea soarelui,Sector privat,Alba,2019,Kilograme,2868.0
Floarea soarelui,din care: Exploatatii agricole individuale,Mehedinti,2019,Kilograme,3507.0
Floarea soarelui,din care: Exploatatii agricole individuale,Arges,2019,Kilograme,1882.0
Floarea soarelui,din care: Exploatatii agricole individuale,Salaj,2019,Kilograme,3047.0
Floarea soarelui,Sector privat,Timis,2019,Kilograme,3530.0
Floarea soarelui,Sector privat,Bihor,2020,Kilograme,2369.0
Floarea soarelui,Sector privat,Hunedoara,2020,Kilograme,1843.0
Floarea soarelui,Sector privat,Vaslui,2020,Kilograme,1527.0
Floarea soarelui,din care: Exploatatii agricole individuale,Timis,2020,Kilograme,1953.0
Floarea soarelui,din care: Exploatatii agricole individuale,Dolj,2020,Kilograme,1472.0
Floarea soarelui,Sector privat,Timis,2020,Kilograme,2827.0
Floarea soarelui,Sector privat,Arges,2020,Kilograme,2031.0
Floarea soarelui,din care: Exploatatii agricole individuale,Vaslui,2020,Kilograme,1611.0
Floarea soarelui,Sector privat,Bistrita-Nasaud,2020,Kilograme,2151.0
Floarea soarelui,din care: Exploatatii agricole individuale,Bihor,2020,Kilograme,2362.0
Floarea soarelui,Sector privat,Calarasi,2020,Kilograme,1748.0
Floarea soarelui,din care: Exploatatii agricole individuale,Giurgiu,2020,Kilograme,1821.0
Floarea soarelui,Sector privat,Cluj,2020,Kilograme,2498.0
Floarea soarelui,din care: Exploatatii agricole individuale,Tulcea,2020,Kilograme,1246.0
Floarea soarelui,din care: Exploatatii agricole individuale,Bistrita-Nasaud,2020,Kilograme,2160.0
Floarea soarelui,Sector privat,Dambovita,2020,Kilograme,2140.0
Floarea soarelui,din care: Exploatatii agricole individuale,Galati,2020,Kilograme,1762.0
Floarea soarelui,din care: Exploatatii agricole individuale,Gorj,2020,Kilograme,1500.0
Floarea soarelui,Sector privat,Maramures,2020,Kilograme,2453.0
Floarea soarelui,din care: Exploatatii agricole individuale,Cluj,2020,Kilograme,1833.0
Floarea soarelui,din care: Exploatatii agricole individuale,Constanta,2020,Kilograme,1504.0
Floarea soarelui,Sector privat,Giurgiu,2020,Kilograme,1985.0
Floarea soarelui,din care: Exploatatii agricole individuale,Dambovita,2020,Kilograme,1898.0
Floarea soarelui,din care: Exploatatii agricole individuale,Braila,2020,Kilograme,1349.0
Floarea soarelui,din care: Exploatatii agricole individuale,Iasi,2020,Kilograme,1493.0
Floarea soarelui,din care: Exploatatii agricole individuale,Valcea,2020,Kilograme,2211.0
Floarea soarelui,Sector privat,Satu Mare,2020,Kilograme,2447.0
Floarea soarelui,Sector privat,Constanta,2020,Kilograme,1116.0
Floarea soarelui,din care: Exploatatii agricole individuale,Maramures,2020,Kilograme,2458.0
Floarea soarelui,din care: Exploatatii agricole individuale,Prahova,2020,Kilograme,2081.0
Floarea soarelui,Sector privat,Ialomita,2020,Kilograme,1364.0
Floarea soarelui,din care: Exploatatii agricole individuale,Satu Mare,2020,Kilograme,2458.0
Floarea soarelui,Sector privat,Salaj,2020,Kilograme,2110.0
Floarea soarelui,din care: Exploatatii agricole individuale,Teleorman,2020,Kilograme,2041.0
Floarea soarelui,Sector privat,Tulcea,2020,Kilograme,1174.0
Floarea soarelui,Sector privat,Prahova,2020,Kilograme,2163.0
Floarea soarelui,din care: Exploatatii agricole individuale,Salaj,2020,Kilograme,2095.0
Floarea soarelui,Sector privat,Alba,2020,Kilograme,2417.0
Floarea soarelui,Sector privat,Teleorman,2020,Kilograme,2201.0
Floarea soarelui,din care: Exploatatii agricole individuale,Alba,2020,Kilograme,2252.0
Floarea soarelui,Sector privat,Brasov,2020,Kilograme,1495.0
Floarea soarelui,din care: Exploatatii agricole individuale,Suceava,2020,Kilograme,2883.0
Floarea soarelui,Sector privat,Ilfov,2020,Kilograme,2060.0
Floarea soarelui,Sector privat,Covasna,2020,Kilograme,2069.0
Floarea soarelui,din care: Exploatatii agricole individuale,Covasna,2020,Kilograme,2112.0
Floarea soarelui,Sector privat,Dolj,2020,Kilograme,2042.0
Floarea soarelui,din care: Exploatatii agricole individuale,Bacau,2020,Kilograme,1866.0
Floarea soarelui,Sector privat,Mures,2020,Kilograme,2438.0
Floarea soarelui,din care: Exploatatii agricole individuale,Botosani,2020,Kilograme,1844.0
Floarea soarelui,din care: Exploatatii agricole individuale,Arges,2020,Kilograme,1738.0
Floarea soarelui,Sector privat,Gorj,2020,Kilograme,1500.0
Floarea soarelui,Sector privat,Sibiu,2020,Kilograme,2236.0
Floarea soarelui,din care: Exploatatii agricole individuale,Ilfov,2020,Kilograme,1813.0
Floarea soarelui,din care: Exploatatii agricole individuale,Olt,2020,Kilograme,1717.0
Floarea soarelui,Sector privat,Mehedinti,2020,Kilograme,2375.0
Floarea soarelui,din care: Exploatatii agricole individuale,Caras-Severin,2020,Kilograme,2200.0
Floarea soarelui,din care: Exploatatii agricole individuale,Neamt,2020,Kilograme,1527.0
Floarea soarelui,Sector privat,Bacau,2020,Kilograme,1900.0
Floarea soarelui,Sector privat,Olt,2020,Kilograme,1964.0
Floarea soarelui,Sector privat,Vrancea,2020,Kilograme,1060.0
Floarea soarelui,Sector privat,Buzau,2020,Kilograme,1523.0
Floarea soarelui,din care: Exploatatii agricole individuale,Buzau,2020,Kilograme,1476.0
Floarea soarelui,din care: Exploatatii agricole individuale,Arad,2020,Kilograme,2400.0
Floarea soarelui,Sector privat,Botosani,2020,Kilograme,1873.0
Floarea soarelui,Sector privat,Valcea,2020,Kilograme,2216.0
Floarea soarelui,din care: Exploatatii agricole individuale,Mures,2020,Kilograme,2382.0
Floarea soarelui,din care: Exploatatii agricole individuale,Sibiu,2020,Kilograme,1350.0
Floarea soarelui,din care: Exploatatii agricole individuale,Vrancea,2020,Kilograme,1250.0
Floarea soarelui,din care: Exploatatii agricole individuale,Calarasi,2020,Kilograme,1459.0
Floarea soarelui,Sector privat,Iasi,2020,Kilograme,1822.0
Floarea soarelui,Sector privat,Arad,2020,Kilograme,2428.0
Floarea soarelui,din care: Exploatatii agricole individuale,Hunedoara,2020,Kilograme,1600.0
Floarea soarelui,Sector privat,Neamt,2020,Kilograme,1915.0
Floarea soarelui,Sector privat,Caras-Severin,2020,Kilograme,2200.0
Floarea soarelui,Sector privat,Suceava,2020,Kilograme,2892.0
Floarea soarelui,din care: Exploatatii agricole individuale,Mehedinti,2020,Kilograme,2342.0
Floarea soarelui,din care: Exploatatii agricole individuale,Ialomita,2020,Kilograme,1054.0
Floarea soarelui,Sector privat,Galati,2020,Kilograme,1330.0
Floarea soarelui,Sector privat,Braila,2020,Kilograme,1573.0
Floarea soarelui,din care: Exploatatii agricole individuale,Olt,2021,Kilograme,2200.0
Floarea soarelui,Sector privat,Mehedinti,2021,Kilograme,2062.0
Floarea soarelui,din care: Exploatatii agricole individuale,Mehedinti,2021,Kilograme,2010.0
Floarea soarelui,Sector privat,Suceava,2021,Kilograme,2043.0
Floarea soarelui,din care: Exploatatii agricole individuale,Cluj,2021,Kilograme,2188.0
Floarea soarelui,Sector privat,Braila,2021,Kilograme,2477.0
Floarea soarelui,Sector privat,Olt,2021,Kilograme,2244.0
Floarea soarelui,din care: Exploatatii agricole individuale,Timis,2021,Kilograme,2201.0
Floarea soarelui,Sector privat,Bihor,2021,Kilograme,2132.0
Floarea soarelui,Sector privat,Vaslui,2021,Kilograme,2183.0
Floarea soarelui,din care: Exploatatii agricole individuale,Dolj,2021,Kilograme,3361.0
Floarea soarelui,Sector privat,Timis,2021,Kilograme,2441.0
Floarea soarelui,Sector privat,Arges,2021,Kilograme,1904.0
Floarea soarelui,Sector privat,Bistrita-Nasaud,2021,Kilograme,2282.0
Floarea soarelui,din care: Exploatatii agricole individuale,Giurgiu,2021,Kilograme,1960.0
Floarea soarelui,din care: Exploatatii agricole individuale,Bihor,2021,Kilograme,2019.0
Floarea soarelui,din care: Exploatatii agricole individuale,Constanta,2021,Kilograme,2909.0
Floarea soarelui,Sector privat,Calarasi,2021,Kilograme,2724.0
Floarea soarelui,Sector privat,Cluj,2021,Kilograme,2726.0
Floarea soarelui,din care: Exploatatii agricole individuale,Tulcea,2021,Kilograme,2300.0
Floarea soarelui,din care: Exploatatii agricole individuale,Bistrita-Nasaud,2021,Kilograme,2162.0
Floarea soarelui,din care: Exploatatii agricole individuale,Braila,2021,Kilograme,2393.0
Floarea soarelui,Sector privat,Dambovita,2021,Kilograme,2119.0
Floarea soarelui,Sector privat,Maramures,2021,Kilograme,2716.0
Floarea soarelui,din care: Exploatatii agricole individuale,Gorj,2021,Kilograme,1559.0
Floarea soarelui,Sector privat,Buzau,2021,Kilograme,2500.0
Floarea soarelui,Sector privat,Hunedoara,2021,Kilograme,2165.0
Floarea soarelui,Sector privat,Giurgiu,2021,Kilograme,2210.0
Floarea soarelui,din care: Exploatatii agricole individuale,Valcea,2021,Kilograme,2411.0
Floarea soarelui,din care: Exploatatii agricole individuale,Dambovita,2021,Kilograme,1973.0
Floarea soarelui,din care: Exploatatii agricole individuale,Maramures,2021,Kilograme,2726.0
Floarea soarelui,Sector privat,Satu Mare,2021,Kilograme,2724.0
Floarea soarelui,din care: Exploatatii agricole individuale,Prahova,2021,Kilograme,2648.0
Floarea soarelui,Sector privat,Ialomita,2021,Kilograme,2641.0
Floarea soarelui,Sector privat,Salaj,2021,Kilograme,2008.0
Floarea soarelui,din care: Exploatatii agricole individuale,Satu Mare,2021,Kilograme,2878.0
Floarea soarelui,Sector privat,Tulcea,2021,Kilograme,2446.0
Floarea soarelui,din care: Exploatatii agricole individuale,Teleorman,2021,Kilograme,2048.0
Floarea soarelui,din care: Exploatatii agricole individuale,Arges,2021,Kilograme,1892.0
Floarea soarelui,Sector privat,Prahova,2021,Kilograme,2522.0
Floarea soarelui,din care: Exploatatii agricole individuale,Salaj,2021,Kilograme,2145.0
Floarea soarelui,Sector privat,Alba,2021,Kilograme,2503.0
Floarea soarelui,Sector privat,Teleorman,2021,Kilograme,2252.0
Floarea soarelui,din care: Exploatatii agricole individuale,Suceava,2021,Kilograme,2001.0
Floarea soarelui,Sector privat,Brasov,2021,Kilograme,2653.0
Floarea soarelui,din care: Exploatatii agricole individuale,Galati,2021,Kilograme,3080.0
Floarea soarelui,din care: Exploatatii agricole individuale,Alba,2021,Kilograme,2257.0
Floarea soarelui,Sector privat,Ilfov,2021,Kilograme,2106.0
Floarea soarelui,Sector privat,Covasna,2021,Kilograme,2085.0
Floarea soarelui,Sector privat,Municipiul Bucuresti,2021,Kilograme,1000.0
Floarea soarelui,Sector privat,Harghita,2021,Kilograme,1720.0
Floarea soarelui,din care: Exploatatii agricole individuale,Covasna,2021,Kilograme,2100.0
Floarea soarelui,din care: Exploatatii agricole individuale,Bacau,2021,Kilograme,2456.0
Floarea soarelui,Sector privat,Dolj,2021,Kilograme,2836.0
Floarea soarelui,Sector privat,Mures,2021,Kilograme,3026.0
Floarea soarelui,din care: Exploatatii agricole individuale,Mures,2021,Kilograme,2961.0
Floarea soarelui,Sector privat,Gorj,2021,Kilograme,1545.0
Floarea soarelui,din care: Exploatatii agricole individuale,Iasi,2021,Kilograme,2097.0
Floarea soarelui,din care: Exploatatii agricole individuale,Ilfov,2021,Kilograme,1825.0
Floarea soarelui,Sector privat,Sibiu,2021,Kilograme,2090.0
Floarea soarelui,din care: Exploatatii agricole individuale,Caras-Severin,2021,Kilograme,2273.0
Floarea soarelui,Sector privat,Caras-Severin,2021,Kilograme,2184.0
Floarea soarelui,din care: Exploatatii agricole individuale,Neamt,2021,Kilograme,2347.0
Floarea soarelui,din care: Exploatatii agricole individuale,Botosani,2021,Kilograme,2617.0
Floarea soarelui,Sector privat,Bacau,2021,Kilograme,2442.0
Floarea soarelui,Sector privat,Constanta,2021,Kilograme,3413.0
Floarea soarelui,din care: Exploatatii agricole individuale,Ialomita,2021,Kilograme,2576.0
Floarea soarelui,Sector privat,Vrancea,2021,Kilograme,2524.0
Floarea soarelui,din care: Exploatatii agricole individuale,Buzau,2021,Kilograme,2408.0
Floarea soarelui,din care: Exploatatii agricole individuale,Arad,2021,Kilograme,2695.0
Floarea soarelui,Sector privat,Botosani,2021,Kilograme,2697.0
Floarea soarelui,Sector privat,Valcea,2021,Kilograme,2455.0
Floarea soarelui,din care: Exploatatii agricole individuale,Sibiu,2021,Kilograme,1396.0
Floarea soarelui,Sector privat,Galati,2021,Kilograme,3030.0
Floarea soarelui,din care: Exploatatii agricole individuale,Calarasi,2021,Kilograme,2638.0
Floarea soarelui,Sector privat,Iasi,2021,Kilograme,2267.0
Floarea soarelui,Sector privat,Arad,2021,Kilograme,2454.0
Floarea soarelui,Sector privat,Neamt,2021,Kilograme,2557.0
Floarea soarelui,din care: Exploatatii agricole individuale,Hunedoara,2021,Kilograme,1560.0
Floarea soarelui,din care: Exploatatii agricole individuale,Vrancea,2021,Kilograme,2125.0
Floarea soarelui,din care: Exploatatii agricole individuale,Vaslui,2021,Kilograme,2173.0
Floarea soarelui,din care: Exploatatii agricole individuale,Hunedoara,2022,Kilograme,1472.0
Floarea soarelui,din care: Exploatatii agricole individuale,Mures,2022,Kilograme,2913.0
Floarea soarelui,din care: Exploatatii agricole individuale,Vrancea,2022,Kilograme,950.0
Floarea soarelui,Sector privat,Caras-Severin,2022,Kilograme,1559.0
Floarea soarelui,din care: Exploatatii agricole individuale,Olt,2022,Kilograme,1946.0
Floarea soarelui,din care: Exploatatii agricole individuale,Mehedinti,2022,Kilograme,1700.0
Floarea soarelui,din care: Exploatatii agricole individuale,Braila,2022,Kilograme,1680.0
Floarea soarelui,Sector privat,Maramures,2022,Kilograme,2437.0
Floarea soarelui,din care: Exploatatii agricole individuale,Ialomita,2022,Kilograme,2132.0
Floarea soarelui,Sector privat,Vrancea,2022,Kilograme,1031.0
Floarea soarelui,Sector privat,Hunedoara,2022,Kilograme,1581.0
Floarea soarelui,din care: Exploatatii agricole individuale,Dolj,2022,Kilograme,1925.0
Floarea soarelui,Sector privat,Bihor,2022,Kilograme,1620.0
Floarea soarelui,Sector privat,Vaslui,2022,Kilograme,1196.0
Floarea soarelui,Sector privat,Braila,2022,Kilograme,1990.0
Floarea soarelui,Sector privat,Timis,2022,Kilograme,2043.0
Floarea soarelui,Sector privat,Arges,2022,Kilograme,2292.0
Floarea soarelui,Sector privat,Bistrita-Nasaud,2022,Kilograme,2116.0
Floarea soarelui,din care: Exploatatii agricole individuale,Giurgiu,2022,Kilograme,2295.0
Floarea soarelui,din care: Exploatatii agricole individuale,Constanta,2022,Kilograme,2054.0
Floarea soarelui,Sector privat,Neamt,2022,Kilograme,2118.0
Floarea soarelui,Sector privat,Calarasi,2022,Kilograme,2562.0
Floarea soarelui,din care: Exploatatii agricole individuale,Tulcea,2022,Kilograme,1700.0
Floarea soarelui,Sector privat,Cluj,2022,Kilograme,2139.0
Floarea soarelui,din care: Exploatatii agricole individuale,Vaslui,2022,Kilograme,962.0
Floarea soarelui,din care: Exploatatii agricole individuale,Bistrita-Nasaud,2022,Kilograme,2100.0
Floarea soarelui,Sector privat,Dambovita,2022,Kilograme,2257.0
Floarea soarelui,din care: Exploatatii agricole individuale,Gorj,2022,Kilograme,2268.0
Floarea soarelui,din care: Exploatatii agricole individuale,Timis,2022,Kilograme,1914.0
Floarea soarelui,Sector privat,Buzau,2022,Kilograme,1182.0
Floarea soarelui,din care: Exploatatii agricole individuale,Cluj,2022,Kilograme,1747.0
Floarea soarelui,din care: Exploatatii agricole individuale,Dambovita,2022,Kilograme,2112.0
Floarea soarelui,din care: Exploatatii agricole individuale,Arad,2022,Kilograme,1454.0
Floarea soarelui,Sector privat,Giurgiu,2022,Kilograme,2571.0
Floarea soarelui,din care: Exploatatii agricole individuale,Valcea,2022,Kilograme,1939.0
Floarea soarelui,din care: Exploatatii agricole individuale,Maramures,2022,Kilograme,2440.0
Floarea soarelui,Sector privat,Ialomita,2022,Kilograme,2476.0
Floarea soarelui,Sector privat,Satu Mare,2022,Kilograme,1817.0
Floarea soarelui,Sector privat,Salaj,2022,Kilograme,1471.0
Floarea soarelui,din care: Exploatatii agricole individuale,Arges,2022,Kilograme,2100.0
Floarea soarelui,din care: Exploatatii agricole individuale,Satu Mare,2022,Kilograme,1842.0
Floarea soarelui,Sector privat,Tulcea,2022,Kilograme,1863.0
Floarea soarelui,Sector privat,Prahova,2022,Kilograme,2166.0
Floarea soarelui,din care: Exploatatii agricole individuale,Sibiu,2022,Kilograme,1900.0
Floarea soarelui,din care: Exploatatii agricole individuale,Teleorman,2022,Kilograme,1839.0
Floarea soarelui,din care: Exploatatii agricole individuale,Salaj,2022,Kilograme,1200.0
Floarea soarelui,Sector privat,Alba,2022,Kilograme,2373.0
Floarea soarelui,Sector privat,Teleorman,2022,Kilograme,2144.0
Floarea soarelui,din care: Exploatatii agricole individuale,Galati,2022,Kilograme,880.0
Floarea soarelui,Sector privat,Brasov,2022,Kilograme,2438.0
Floarea soarelui,din care: Exploatatii agricole individuale,Alba,2022,Kilograme,2005.0
Floarea soarelui,din care: Exploatatii agricole individuale,Suceava,2022,Kilograme,2010.0
Floarea soarelui,Sector privat,Ilfov,2022,Kilograme,2085.0
Floarea soarelui,din care: Exploatatii agricole individuale,Prahova,2022,Kilograme,1556.0
Floarea soarelui,Sector privat,Covasna,2022,Kilograme,1747.0
Floarea soarelui,Sector privat,Harghita,2022,Kilograme,2513.0
Floarea soarelui,din care: Exploatatii agricole individuale,Bacau,2022,Kilograme,1605.0
Floarea soarelui,din care: Exploatatii agricole individuale,Covasna,2022,Kilograme,1729.0
Floarea soarelui,Sector privat,Dolj,2022,Kilograme,2039.0
Floarea soarelui,Sector privat,Mures,2022,Kilograme,2929.0
Floarea soarelui,din care: Exploatatii agricole individuale,Iasi,2022,Kilograme,1112.0
Floarea soarelui,Sector privat,Arad,2022,Kilograme,1569.0
Floarea soarelui,Sector privat,Gorj,2022,Kilograme,2256.0
Floarea soarelui,Sector privat,Sibiu,2022,Kilograme,2267.0
Floarea soarelui,din care: Exploatatii agricole individuale,Ilfov,2022,Kilograme,1575.0
Floarea soarelui,din care: Exploatatii agricole individuale,Neamt,2022,Kilograme,2101.0
Floarea soarelui,Sector privat,Mehedinti,2022,Kilograme,1828.0
Floarea soarelui,Sector privat,Bacau,2022,Kilograme,1669.0
Floarea soarelui,Sector privat,Constanta,2022,Kilograme,2381.0
Floarea soarelui,Sector privat,Suceava,2022,Kilograme,2077.0
Floarea soarelui,din care: Exploatatii agricole individuale,Botosani,2022,Kilograme,1740.0
Floarea soarelui,Sector privat,Olt,2022,Kilograme,2128.0
Floarea soarelui,din care: Exploatatii agricole individuale,Buzau,2022,Kilograme,1180.0
Floarea soarelui,din care: Exploatatii agricole individuale,Caras-Severin,2022,Kilograme,1683.0
Floarea soarelui,Sector privat,Botosani,2022,Kilograme,1776.0
Floarea soarelui,Sector privat,Valcea,2022,Kilograme,1911.0
Floarea soarelui,Sector privat,Galati,2022,Kilograme,995.0
Floarea soarelui,Sector privat,Iasi,2022,Kilograme,1286.0
Floarea soarelui,din care: Exploatatii agricole individuale,Calarasi,2022,Kilograme,2511.0
Floarea soarelui,din care: Exploatatii agricole individuale,Bihor,2022,Kilograme,1680.0
Floarea soarelui,din care: Exploatatii agricole individuale,Ialomita,2023,Kilograme,1764.0
Floarea soarelui,din care: Exploatatii agricole individuale,Iasi,2023,Kilograme,1102.0
Floarea soarelui,Sector privat,Arad,2023,Kilograme,2166.0
Floarea soarelui,din care: Exploatatii agricole individuale,Vrancea,2023,Kilograme,957.0
Floarea soarelui,din care: Exploatatii agricole individuale,Olt,2023,Kilograme,1942.0
Floarea soarelui,Sector privat,Neamt,2023,Kilograme,2414.0
Floarea soarelui,din care: Exploatatii agricole individuale,Mehedinti,2023,Kilograme,1440.0
Floarea soarelui,Sector privat,Caras-Severin,2023,Kilograme,1620.0
Floarea soarelui,din care: Exploatatii agricole individuale,Cluj,2023,Kilograme,1586.0
Floarea soarelui,Sector privat,Constanta,2023,Kilograme,1213.0
Floarea soarelui,din care: Exploatatii agricole individuale,Timis,2023,Kilograme,1750.0
Floarea soarelui,din care: Exploatatii agricole individuale,Dolj,2023,Kilograme,1904.0
Floarea soarelui,Sector privat,Vaslui,2023,Kilograme,1082.0
Floarea soarelui,Sector privat,Bihor,2023,Kilograme,1979.0
Floarea soarelui,Sector privat,Timis,2023,Kilograme,2620.0
Floarea soarelui,Sector privat,Braila,2023,Kilograme,1840.0
Floarea soarelui,din care: Exploatatii agricole individuale,Braila,2023,Kilograme,1204.0
Floarea soarelui,Sector privat,Arges,2023,Kilograme,2463.0
Floarea soarelui,Sector privat,Bistrita-Nasaud,2023,Kilograme,1834.0
Floarea soarelui,din care: Exploatatii agricole individuale,Bihor,2023,Kilograme,1596.0
Floarea soarelui,din care: Exploatatii agricole individuale,Giurgiu,2023,Kilograme,2180.0
Floarea soarelui,din care: Exploatatii agricole individuale,Hunedoara,2023,Kilograme,1448.0
Floarea soarelui,Sector privat,Calarasi,2023,Kilograme,1763.0
Floarea soarelui,Sector privat,Cluj,2023,Kilograme,2207.0
Floarea soarelui,din care: Exploatatii agricole individuale,Bistrita-Nasaud,2023,Kilograme,1129.0
Floarea soarelui,din care: Exploatatii agricole individuale,Vaslui,2023,Kilograme,860.0
Floarea soarelui,din care: Exploatatii agricole individuale,Gorj,2023,Kilograme,1811.0
Floarea soarelui,Sector privat,Dambovita,2023,Kilograme,2302.0
Floarea soarelui,Sector privat,Maramures,2023,Kilograme,1936.0
Floarea soarelui,Sector privat,Hunedoara,2023,Kilograme,2062.0
Floarea soarelui,din care: Exploatatii agricole individuale,Arad,2023,Kilograme,1444.0
Floarea soarelui,din care: Exploatatii agricole individuale,Maramures,2023,Kilograme,1961.0
Floarea soarelui,Sector privat,Giurgiu,2023,Kilograme,2215.0
Floarea soarelui,din care: Exploatatii agricole individuale,Dambovita,2023,Kilograme,2090.0
Floarea soarelui,din care: Exploatatii agricole individuale,Valcea,2023,Kilograme,1551.0
Floarea soarelui,din care: Exploatatii agricole individuale,Constanta,2023,Kilograme,1252.0
Floarea soarelui,Sector privat,Satu Mare,2023,Kilograme,1855.0
Floarea soarelui,Sector privat,Ialomita,2023,Kilograme,2013.0
Floarea soarelui,din care: Exploatatii agricole individuale,Satu Mare,2023,Kilograme,1550.0
Floarea soarelui,Sector privat,Salaj,2023,Kilograme,1666.0
Floarea soarelui,din care: Exploatatii agricole individuale,Arges,2023,Kilograme,2058.0
Floarea soarelui,din care: Exploatatii agricole individuale,Sibiu,2023,Kilograme,1841.0
Floarea soarelui,Sector privat,Prahova,2023,Kilograme,2324.0
Floarea soarelui,din care: Exploatatii agricole individuale,Salaj,2023,Kilograme,1228.0
Floarea soarelui,Sector privat,Alba,2023,Kilograme,2507.0
Floarea soarelui,din care: Exploatatii agricole individuale,Teleorman,2023,Kilograme,1811.0
Floarea soarelui,din care: Exploatatii agricole individuale,Galati,2023,Kilograme,821.0
Floarea soarelui,Sector privat,Teleorman,2023,Kilograme,2012.0
Floarea soarelui,din care: Exploatatii agricole individuale,Alba,2023,Kilograme,2076.0
Floarea soarelui,Sector privat,Brasov,2023,Kilograme,3113.0
Floarea soarelui,din care: Exploatatii agricole individuale,Suceava,2023,Kilograme,2854.0
Floarea soarelui,din care: Exploatatii agricole individuale,Brasov,2023,Kilograme,0.0
Floarea soarelui,Sector privat,Ilfov,2023,Kilograme,1783.0
Floarea soarelui,Sector privat,Covasna,2023,Kilograme,1855.0
Floarea soarelui,din care: Exploatatii agricole individuale,Prahova,2023,Kilograme,1566.0
Floarea soarelui,Sector privat,Municipiul Bucuresti,2023,Kilograme,0.0
Floarea soarelui,Sector privat,Harghita,2023,Kilograme,0.0
Floarea soarelui,din care: Exploatatii agricole individuale,Covasna,2023,Kilograme,1737.0
Floarea soarelui,din care: Exploatatii agricole individuale,Bacau,2023,Kilograme,1557.0
Floarea soarelui,Sector privat,Tulcea,2023,Kilograme,1765.0
Floarea soarelui,Sector privat,Dolj,2023,Kilograme,2015.0
Floarea soarelui,din care: Exploatatii agricole individuale,Harghita,2023,Kilograme,0.0
Floarea soarelui,Sector privat,Mures,2023,Kilograme,2927.0
Floarea soarelui,din care: Exploatatii agricole individuale,Mures,2023,Kilograme,2863.0
Floarea soarelui,Sector privat,Iasi,2023,Kilograme,1861.0
Floarea soarelui,Sector privat,Gorj,2023,Kilograme,1839.0
Floarea soarelui,din care: Exploatatii agricole individuale,Ilfov,2023,Kilograme,1523.0
Floarea soarelui,Sector privat,Sibiu,2023,Kilograme,2482.0
Floarea soarelui,din care: Exploatatii agricole individuale,Neamt,2023,Kilograme,1840.0
Floarea soarelui,din care: Exploatatii agricole individuale,Municipiul Bucuresti,2023,Kilograme,0.0
Floarea soarelui,Sector privat,Mehedinti,2023,Kilograme,1776.0
Floarea soarelui,Sector privat,Bacau,2023,Kilograme,1885.0
Floarea soarelui,Sector privat,Suceava,2023,Kilograme,2846.0
Floarea soarelui,Sector privat,Vrancea,2023,Kilograme,1775.0
Floarea soarelui,din care: Exploatatii agricole individuale,Buzau,2023,Kilograme,1035.0
Floarea soarelui,Sector privat,Olt,2023,Kilograme,2023.0
Floarea soarelui,din care: Exploatatii agricole individuale,Botosani,2023,Kilograme,1663.0
Floarea soarelui,Sector privat,Galati,2023,Kilograme,1103.0
Floarea soarelui,Sector privat,Botosani,2023,Kilograme,2023.0
Floarea soarelui,din care: Exploatatii agricole individuale,Caras-Severin,2023,Kilograme,1655.0
Floarea soarelui,Sector privat,Valcea,2023,Kilograme,1904.0
Floarea soarelui,din care: Exploatatii agricole individuale,Calarasi,2023,Kilograme,1594.0
Floarea soarelui,Sector privat,Buzau,2023,Kilograme,1454.0
Floarea soarelui,din care: Exploatatii agricole individuale,Tulcea,2023,Kilograme,1283.0
Floarea soarelui,din care: Exploatatii agricole individuale,Ialomita,2024,Kilograme,1104.0
Floarea soarelui,Sector privat,Mehedinti,2024,Kilograme,933.0
Floarea soarelui,Sector privat,Caras-Severin,2024,Kilograme,1725.0
Floarea soarelui,din care: Exploatatii agricole individuale,Mehedinti,2024,Kilograme,748.0
Floarea soarelui,din care: Exploatatii agricole individuale,Bacau,2024,Kilograme,950.0
Floarea soarelui,din care: Exploatatii agricole individuale,Maramures,2024,Kilograme,1810.0
Floarea soarelui,Sector privat,Vrancea,2024,Kilograme,601.0
Floarea soarelui,Sector privat,Vaslui,2024,Kilograme,752.0
Floarea soarelui,din care: Exploatatii agricole individuale,Dolj,2024,Kilograme,881.0
Floarea soarelui,Sector privat,Bihor,2024,Kilograme,1907.0
Floarea soarelui,Sector privat,Timis,2024,Kilograme,2071.0
Floarea soarelui,Sector privat,Arges,2024,Kilograme,1365.0
Floarea soarelui,din care: Exploatatii agricole individuale,Timis,2024,Kilograme,1421.0
Floarea soarelui,din care: Exploatatii agricole individuale,Braila,2024,Kilograme,1099.0
Floarea soarelui,Sector privat,Bistrita-Nasaud,2024,Kilograme,2008.0
Floarea soarelui,din care: Exploatatii agricole individuale,Bihor,2024,Kilograme,1438.0
Floarea soarelui,din care: Exploatatii agricole individuale,Giurgiu,2024,Kilograme,1350.0
Floarea soarelui,Sector privat,Calarasi,2024,Kilograme,1682.0
Floarea soarelui,din care: Exploatatii agricole individuale,Bistrita-Nasaud,2024,Kilograme,1071.0
Floarea soarelui,Sector privat,Cluj,2024,Kilograme,2013.0
Floarea soarelui,din care: Exploatatii agricole individuale,Vaslui,2024,Kilograme,451.0
Floarea soarelui,din care: Exploatatii agricole individuale,Mures,2024,Kilograme,2316.0
Floarea soarelui,din care: Exploatatii agricole individuale,Gorj,2024,Kilograme,1046.0
Floarea soarelui,din care: Exploatatii agricole individuale,Cluj,2024,Kilograme,1208.0
Floarea soarelui,Sector privat,Maramures,2024,Kilograme,1875.0
Floarea soarelui,Sector privat,Giurgiu,2024,Kilograme,1257.0
Floarea soarelui,Sector privat,Hunedoara,2024,Kilograme,1692.0
Floarea soarelui,din care: Exploatatii agricole individuale,Valcea,2024,Kilograme,766.0
Floarea soarelui,Sector privat,Ialomita,2024,Kilograme,1507.0
Floarea soarelui,Sector privat,Satu Mare,2024,Kilograme,1741.0
Floarea soarelui,din care: Exploatatii agricole individuale,Arad,2024,Kilograme,1417.0
Floarea soarelui,din care: Exploatatii agricole individuale,Constanta,2024,Kilograme,1015.0
Floarea soarelui,din care: Exploatatii agricole individuale,Satu Mare,2024,Kilograme,1396.0
Floarea soarelui,din care: Exploatatii agricole individuale,Arges,2024,Kilograme,1074.0
Floarea soarelui,Sector privat,Salaj,2024,Kilograme,1563.0
Floarea soarelui,Sector privat,Prahova,2024,Kilograme,842.0
Floarea soarelui,din care: Exploatatii agricole individuale,Sibiu,2024,Kilograme,1405.0
Floarea soarelui,din care: Exploatatii agricole individuale,Salaj,2024,Kilograme,1112.0
Floarea soarelui,din care: Exploatatii agricole individuale,Olt,2024,Kilograme,1034.0
Floarea soarelui,Sector privat,Alba,2024,Kilograme,2595.0
Floarea soarelui,din care: Exploatatii agricole individuale,Teleorman,2024,Kilograme,642.0
Floarea soarelui,Sector privat,Teleorman,2024,Kilograme,651.0
Floarea soarelui,din care: Exploatatii agricole individuale,Alba,2024,Kilograme,1913.0
Floarea soarelui,din care: Exploatatii agricole individuale,Dambovita,2024,Kilograme,1121.0
Floarea soarelui,Sector privat,Brasov,2024,Kilograme,2629.0
Floarea soarelui,Sector privat,Ilfov,2024,Kilograme,1049.0
Floarea soarelui,din care: Exploatatii agricole individuale,Brasov,2024,Kilograme,0.0
Floarea soarelui,din care: Exploatatii agricole individuale,Suceava,2024,Kilograme,1709.0
Floarea soarelui,Sector privat,Municipiul Bucuresti,2024,Kilograme,0.0
Floarea soarelui,Sector privat,Covasna,2024,Kilograme,1854.0
Floarea soarelui,din care: Exploatatii agricole individuale,Prahova,2024,Kilograme,803.0
Floarea soarelui,din care: Exploatatii agricole individuale,Galati,2024,Kilograme,600.0
Floarea soarelui,din care: Exploatatii agricole individuale,Tulcea,2024,Kilograme,1043.0
Floarea soarelui,Sector privat,Harghita,2024,Kilograme,0.0
Floarea soarelui,din care: Exploatatii agricole individuale,Covasna,2024,Kilograme,1502.0
Floarea soarelui,Sector privat,Dolj,2024,Kilograme,1296.0
Floarea soarelui,Sector privat,Tulcea,2024,Kilograme,1523.0
Floarea soarelui,din care: Exploatatii agricole individuale,Harghita,2024,Kilograme,0.0
Floarea soarelui,Sector privat,Mures,2024,Kilograme,2425.0
Floarea soarelui,Sector privat,Gorj,2024,Kilograme,1094.0
Floarea soarelui,din care: Exploatatii agricole individuale,Iasi,2024,Kilograme,865.0
Floarea soarelui,Sector privat,Braila,2024,Kilograme,1898.0
Floarea soarelui,din care: Exploatatii agricole individuale,Ilfov,2024,Kilograme,801.0
Floarea soarelui,Sector privat,Sibiu,2024,Kilograme,2430.0
Floarea soarelui,Sector privat,Neamt,2024,Kilograme,1967.0
Floarea soarelui,din care: Exploatatii agricole individuale,Neamt,2024,Kilograme,1539.0
Floarea soarelui,din care: Exploatatii agricole individuale,Municipiul Bucuresti,2024,Kilograme,0.0
Floarea soarelui,Sector privat,Olt,2024,Kilograme,396.0
Floarea soarelui,Sector privat,Bacau,2024,Kilograme,1340.0
Floarea soarelui,Sector privat,Suceava,2024,Kilograme,1889.0
Floarea soarelui,din care: Exploatatii agricole individuale,Buzau,2024,Kilograme,569.0
Floarea soarelui,Sector privat,Galati,2024,Kilograme,604.0
Floarea soarelui,Sector privat,Valcea,2024,Kilograme,1507.0
Floarea soarelui,Sector privat,Botosani,2024,Kilograme,1323.0
Floarea soarelui,din care: Exploatatii agricole individuale,Caras-Severin,2024,Kilograme,1461.0
Floarea soarelui,Sector privat,Constanta,2024,Kilograme,1258.0
Floarea soarelui,Sector privat,Buzau,2024,Kilograme,601.0
Floarea soarelui,din care: Exploatatii agricole individuale,Calarasi,2024,Kilograme,1161.0
Floarea soarelui,Sector privat,Iasi,2024,Kilograme,1337.0
Floarea soarelui,din care: Exploatatii agricole individuale,Botosani,2024,Kilograme,1287.0
Floarea soarelui,Sector privat,Arad,2024,Kilograme,2015.0
Floarea soarelui,din care: Exploatatii agricole individuale,Hunedoara,2024,Kilograme,971.0
Floarea soarelui,din care: Exploatatii agricole individuale,Vrancea,2024,Kilograme,495.0
Floarea soarelui,Sector privat,Dambovita,2024,Kilograme,952.0
