PRINCIPALELE_CULTURI,FORME_DE_PROPRIETATE,REF_AREA,TIME_PERIOD,UNIT_MEASURE,OBS_VALUE
Grau - total,Sector privat,Bihor,1990,Kilograme,2138.0
Grau - total,din care: Exploatatii agricole individuale,Covasna,1990,Kilograme,3059.0
Grau - total,Sector privat,Gorj,1990,Kilograme,2053.0
Grau - total,din care: Exploatatii agricole individuale,Galati,1990,Kilograme,2197.0
Grau - total,Sector privat,Calarasi,1990,Kilograme,3320.0
Grau - total,din care: Exploatatii agricole individuale,Vaslui,1990,Kilograme,2210.0
Grau - total,Sector privat,Vaslui,1990,Kilograme,2210.0
Grau - total,din care: Exploatatii agricole individuale,Mun. Bucuresti -incl. SAI,1990,Kilograme,4195.0
Grau - total,Sector privat,Harghita,1990,Kilograme,1927.0
Grau - total,din care: Exploatatii agricole individuale,Harghita,1990,Kilograme,1927.0
Grau - total,din care: Exploatatii agricole individuale,Bistrita-Nasaud,1990,Kilograme,2121.0
Grau - total,Sector privat,Bistrita-Nasaud,1990,Kilograme,2121.0
Grau - total,din care: Exploatatii agricole individuale,Ialomita,1990,Kilograme,3588.0
Grau - total,din care: Exploatatii agricole individuale,Mehedinti,1990,Kilograme,2842.0
Grau - total,Sector privat,Mehedinti,1990,Kilograme,2842.0
Grau - total,din care: Exploatatii agricole individuale,Olt,1990,Kilograme,3880.0
Grau - total,Sector privat,Dambovita,1990,Kilograme,3437.0
Grau - total,din care: Exploatatii agricole individuale,Cluj,1990,Kilograme,2493.0
Grau - total,din care: Exploatatii agricole individuale,Arges,1990,Kilograme,3577.0
Grau - total,Sector privat,Braila,1990,Kilograme,3019.0
Grau - total,din care: Exploatatii agricole individuale,Mures,1990,Kilograme,3601.0
Grau - total,Sector privat,Hunedoara,1990,Kilograme,1922.0
Grau - total,Sector privat,Olt,1990,Kilograme,3880.0
Grau - total,Sector privat,Cluj,1990,Kilograme,2493.0
Grau - total,Sector privat,Giurgiu,1990,Kilograme,3928.0
Grau - total,din care: Exploatatii agricole individuale,Valcea,1990,Kilograme,3701.0
Grau - total,din care: Exploatatii agricole individuale,Maramures,1990,Kilograme,2100.0
Grau - total,Sector privat,Buzau,1990,Kilograme,1788.0
Grau - total,Sector privat,Sibiu,1990,Kilograme,2742.0
Grau - total,din care: Exploatatii agricole individuale,Sibiu,1990,Kilograme,2742.0
Grau - total,Sector privat,Valcea,1990,Kilograme,3701.0
Grau - total,Sector privat,Maramures,1990,Kilograme,2100.0
Grau - total,din care: Exploatatii agricole individuale,Dolj,1990,Kilograme,4107.0
Grau - total,Sector privat,Ialomita,1990,Kilograme,3588.0
Grau - total,din care: Exploatatii agricole individuale,Arad,1990,Kilograme,2603.0
Grau - total,Sector privat,Constanta,1990,Kilograme,3468.0
Grau - total,Sector privat,Bacau,1990,Kilograme,3567.0
Grau - total,din care: Exploatatii agricole individuale,Satu Mare,1990,Kilograme,2792.0
Grau - total,Sector privat,Satu Mare,1990,Kilograme,2792.0
Grau - total,din care: Exploatatii agricole individuale,Bacau,1990,Kilograme,3567.0
Grau - total,Sector privat,Arad,1990,Kilograme,2603.0
Grau - total,Sector privat,Prahova,1990,Kilograme,3656.0
Grau - total,Sector privat,Galati,1990,Kilograme,2197.0
Grau - total,din care: Exploatatii agricole individuale,Caras-Severin,1990,Kilograme,2401.0
Grau - total,Sector privat,Botosani,1990,Kilograme,3231.0
Grau - total,din care: Exploatatii agricole individuale,Buzau,1990,Kilograme,1788.0
Grau - total,Sector privat,Salaj,1990,Kilograme,2857.0
Grau - total,din care: Exploatatii agricole individuale,Salaj,1990,Kilograme,2857.0
Grau - total,din care: Exploatatii agricole individuale,Prahova,1990,Kilograme,3656.0
Grau - total,din care: Exploatatii agricole individuale,Giurgiu,1990,Kilograme,3928.0
Grau - total,din care: Exploatatii agricole individuale,Braila,1990,Kilograme,3019.0
Grau - total,din care: Exploatatii agricole individuale,Botosani,1990,Kilograme,3231.0
Grau - total,din care: Exploatatii agricole individuale,Constanta,1990,Kilograme,3468.0
Grau - total,din care: Exploatatii agricole individuale,Gorj,1990,Kilograme,2053.0
Grau - total,Sector privat,Caras-Severin,1990,Kilograme,2401.0
Grau - total,Sector privat,Teleorman,1990,Kilograme,3749.0
Grau - total,Sector privat,Tulcea,1990,Kilograme,2017.0
Grau - total,din care: Exploatatii agricole individuale,Hunedoara,1990,Kilograme,1922.0
Grau - total,Sector privat,Iasi,1990,Kilograme,3204.0
Grau - total,Sector privat,Alba,1990,Kilograme,2300.0
Grau - total,din care: Exploatatii agricole individuale,Iasi,1990,Kilograme,3204.0
Grau - total,din care: Exploatatii agricole individuale,Alba,1990,Kilograme,2300.0
Grau - total,Sector privat,Mures,1990,Kilograme,3601.0
Grau - total,din care: Exploatatii agricole individuale,Tulcea,1990,Kilograme,2017.0
Grau - total,Sector privat,Mun. Bucuresti -incl. SAI,1990,Kilograme,4195.0
Grau - total,din care: Exploatatii agricole individuale,Teleorman,1990,Kilograme,3749.0
Grau - total,Sector privat,Vrancea,1990,Kilograme,2369.0
Grau - total,din care: Exploatatii agricole individuale,Timis,1990,Kilograme,2382.0
Grau - total,Sector privat,Neamt,1990,Kilograme,3688.0
Grau - total,Sector privat,Brasov,1990,Kilograme,3375.0
Grau - total,din care: Exploatatii agricole individuale,Dambovita,1990,Kilograme,3437.0
Grau - total,din care: Exploatatii agricole individuale,Brasov,1990,Kilograme,3375.0
Grau - total,din care: Exploatatii agricole individuale,Neamt,1990,Kilograme,3688.0
Grau - total,Sector privat,Timis,1990,Kilograme,2382.0
Grau - total,Sector privat,Dolj,1990,Kilograme,4107.0
Grau - total,din care: Exploatatii agricole individuale,Calarasi,1990,Kilograme,3320.0
Grau - total,Sector privat,Arges,1990,Kilograme,3577.0
Grau - total,Sector privat,Suceava,1990,Kilograme,3090.0
Grau - total,Sector privat,Covasna,1990,Kilograme,3059.0
Grau - total,din care: Exploatatii agricole individuale,Vrancea,1990,Kilograme,2369.0
Grau - total,din care: Exploatatii agricole individuale,Suceava,1990,Kilograme,3090.0
Grau - total,din care: Exploatatii agricole individuale,Bihor,1990,Kilograme,2138.0
Grau - total,din care: Exploatatii agricole individuale,Bihor,1991,Kilograme,2526.0
Grau - total,din care: Exploatatii agricole individuale,Suceava,1991,Kilograme,1777.0
Grau - total,din care: Exploatatii agricole individuale,Galati,1991,Kilograme,3051.0
Grau - total,Sector privat,Gorj,1991,Kilograme,1375.0
Grau - total,Sector privat,Calarasi,1991,Kilograme,2705.0
Grau - total,Sector privat,Vaslui,1991,Kilograme,1736.0
Grau - total,din care: Exploatatii agricole individuale,Vaslui,1991,Kilograme,1738.0
Grau - total,Sector privat,Harghita,1991,Kilograme,1932.0
Grau - total,din care: Exploatatii agricole individuale,Mun. Bucuresti -incl. SAI,1991,Kilograme,2069.0
Grau - total,din care: Exploatatii agricole individuale,Bistrita-Nasaud,1991,Kilograme,1778.0
Grau - total,din care: Exploatatii agricole individuale,Harghita,1991,Kilograme,1849.0
Grau - total,Sector privat,Bistrita-Nasaud,1991,Kilograme,1778.0
Grau - total,din care: Exploatatii agricole individuale,Mehedinti,1991,Kilograme,1865.0
Grau - total,din care: Exploatatii agricole individuale,Ialomita,1991,Kilograme,2760.0
Grau - total,Sector privat,Mehedinti,1991,Kilograme,1865.0
Grau - total,Sector privat,Dambovita,1991,Kilograme,1502.0
Grau - total,din care: Exploatatii agricole individuale,Olt,1991,Kilograme,3041.0
Grau - total,din care: Exploatatii agricole individuale,Arges,1991,Kilograme,2249.0
Grau - total,din care: Exploatatii agricole individuale,Mures,1991,Kilograme,2606.0
Grau - total,din care: Exploatatii agricole individuale,Cluj,1991,Kilograme,1793.0
Grau - total,Sector privat,Braila,1991,Kilograme,2967.0
Grau - total,Sector privat,Hunedoara,1991,Kilograme,1829.0
Grau - total,Sector privat,Mures,1991,Kilograme,2517.0
Grau - total,Sector privat,Cluj,1991,Kilograme,1803.0
Grau - total,Sector privat,Giurgiu,1991,Kilograme,1616.0
Grau - total,din care: Exploatatii agricole individuale,Valcea,1991,Kilograme,2676.0
Grau - total,Sector privat,Buzau,1991,Kilograme,2707.0
Grau - total,din care: Exploatatii agricole individuale,Sibiu,1991,Kilograme,1460.0
Grau - total,Sector privat,Sibiu,1991,Kilograme,1460.0
Grau - total,din care: Exploatatii agricole individuale,Maramures,1991,Kilograme,1757.0
Grau - total,Sector privat,Maramures,1991,Kilograme,1757.0
Grau - total,Sector privat,Valcea,1991,Kilograme,2676.0
Grau - total,Sector privat,Ialomita,1991,Kilograme,2818.0
Grau - total,din care: Exploatatii agricole individuale,Dolj,1991,Kilograme,2736.0
Grau - total,Sector privat,Constanta,1991,Kilograme,2483.0
Grau - total,din care: Exploatatii agricole individuale,Arad,1991,Kilograme,1801.0
Grau - total,Sector privat,Bacau,1991,Kilograme,1646.0
Grau - total,din care: Exploatatii agricole individuale,Bacau,1991,Kilograme,1645.0
Grau - total,din care: Exploatatii agricole individuale,Satu Mare,1991,Kilograme,2770.0
Grau - total,Sector privat,Satu Mare,1991,Kilograme,3066.0
Grau - total,Sector privat,Arad,1991,Kilograme,2567.0
Grau - total,Sector privat,Prahova,1991,Kilograme,2540.0
Grau - total,Sector privat,Galati,1991,Kilograme,2284.0
Grau - total,Sector privat,Botosani,1991,Kilograme,2236.0
Grau - total,din care: Exploatatii agricole individuale,Caras-Severin,1991,Kilograme,1673.0
Grau - total,Sector privat,Salaj,1991,Kilograme,1720.0
Grau - total,din care: Exploatatii agricole individuale,Buzau,1991,Kilograme,2881.0
Grau - total,din care: Exploatatii agricole individuale,Giurgiu,1991,Kilograme,1548.0
Grau - total,din care: Exploatatii agricole individuale,Prahova,1991,Kilograme,2592.0
Grau - total,din care: Exploatatii agricole individuale,Botosani,1991,Kilograme,2445.0
Grau - total,din care: Exploatatii agricole individuale,Braila,1991,Kilograme,3680.0
Grau - total,din care: Exploatatii agricole individuale,Salaj,1991,Kilograme,1724.0
Grau - total,din care: Exploatatii agricole individuale,Constanta,1991,Kilograme,2216.0
Grau - total,Sector privat,Caras-Severin,1991,Kilograme,1677.0
Grau - total,din care: Exploatatii agricole individuale,Gorj,1991,Kilograme,1373.0
Grau - total,Sector privat,Teleorman,1991,Kilograme,3151.0
Grau - total,Sector privat,Tulcea,1991,Kilograme,2436.0
Grau - total,din care: Exploatatii agricole individuale,Hunedoara,1991,Kilograme,1811.0
Grau - total,Sector privat,Iasi,1991,Kilograme,2135.0
Grau - total,din care: Exploatatii agricole individuale,Iasi,1991,Kilograme,2057.0
Grau - total,Sector privat,Alba,1991,Kilograme,1935.0
Grau - total,din care: Exploatatii agricole individuale,Alba,1991,Kilograme,1919.0
Grau - total,Sector privat,Olt,1991,Kilograme,3031.0
Grau - total,Sector privat,Mun. Bucuresti -incl. SAI,1991,Kilograme,1619.0
Grau - total,din care: Exploatatii agricole individuale,Tulcea,1991,Kilograme,1709.0
Grau - total,Sector privat,Vrancea,1991,Kilograme,1909.0
Grau - total,din care: Exploatatii agricole individuale,Teleorman,1991,Kilograme,3111.0
Grau - total,Sector privat,Neamt,1991,Kilograme,2077.0
Grau - total,din care: Exploatatii agricole individuale,Timis,1991,Kilograme,2072.0
Grau - total,Sector privat,Brasov,1991,Kilograme,2151.0
Grau - total,din care: Exploatatii agricole individuale,Neamt,1991,Kilograme,1867.0
Grau - total,din care: Exploatatii agricole individuale,Dambovita,1991,Kilograme,1509.0
Grau - total,din care: Exploatatii agricole individuale,Brasov,1991,Kilograme,2095.0
Grau - total,Sector privat,Timis,1991,Kilograme,2698.0
Grau - total,Sector privat,Dolj,1991,Kilograme,2736.0
Grau - total,Sector privat,Arges,1991,Kilograme,2302.0
Grau - total,Sector privat,Suceava,1991,Kilograme,1777.0
Grau - total,din care: Exploatatii agricole individuale,Calarasi,1991,Kilograme,3409.0
Grau - total,din care: Exploatatii agricole individuale,Vrancea,1991,Kilograme,1909.0
Grau - total,din care: Exploatatii agricole individuale,Covasna,1991,Kilograme,2279.0
Grau - total,Sector privat,Covasna,1991,Kilograme,2376.0
Grau - total,Sector privat,Bihor,1991,Kilograme,2753.0
Grau - total,Sector privat,Covasna,1992,Kilograme,2351.0
Grau - total,din care: Exploatatii agricole individuale,Calarasi,1992,Kilograme,2661.0
Grau - total,din care: Exploatatii agricole individuale,Covasna,1992,Kilograme,2326.0
Grau - total,Sector privat,Bihor,1992,Kilograme,1654.0
Grau - total,din care: Exploatatii agricole individuale,Constanta,1992,Kilograme,1444.0
Grau - total,Sector privat,Gorj,1992,Kilograme,1772.0
Grau - total,Sector privat,Calarasi,1992,Kilograme,2890.0
Grau - total,Sector privat,Vaslui,1992,Kilograme,1152.0
Grau - total,din care: Exploatatii agricole individuale,Mun. Bucuresti -incl. SAI,1992,Kilograme,2638.0
Grau - total,din care: Exploatatii agricole individuale,Vaslui,1992,Kilograme,1138.0
Grau - total,Sector privat,Harghita,1992,Kilograme,1756.0
Grau - total,din care: Exploatatii agricole individuale,Bistrita-Nasaud,1992,Kilograme,1614.0
Grau - total,din care: Exploatatii agricole individuale,Ialomita,1992,Kilograme,2444.0
Grau - total,din care: Exploatatii agricole individuale,Harghita,1992,Kilograme,1482.0
Grau - total,din care: Exploatatii agricole individuale,Mehedinti,1992,Kilograme,1321.0
Grau - total,Sector privat,Mehedinti,1992,Kilograme,1333.0
Grau - total,Sector privat,Bistrita-Nasaud,1992,Kilograme,1632.0
Grau - total,Sector privat,Dambovita,1992,Kilograme,2292.0
Grau - total,din care: Exploatatii agricole individuale,Arges,1992,Kilograme,1743.0
Grau - total,din care: Exploatatii agricole individuale,Olt,1992,Kilograme,2664.0
Grau - total,din care: Exploatatii agricole individuale,Vrancea,1992,Kilograme,1625.0
Grau - total,din care: Exploatatii agricole individuale,Iasi,1992,Kilograme,1870.0
Grau - total,din care: Exploatatii agricole individuale,Cluj,1992,Kilograme,1806.0
Grau - total,Sector privat,Braila,1992,Kilograme,2225.0
Grau - total,Sector privat,Olt,1992,Kilograme,2660.0
Grau - total,Sector privat,Mures,1992,Kilograme,2168.0
Grau - total,Sector privat,Giurgiu,1992,Kilograme,2515.0
Grau - total,Sector privat,Cluj,1992,Kilograme,1957.0
Grau - total,Sector privat,Buzau,1992,Kilograme,2293.0
Grau - total,din care: Exploatatii agricole individuale,Valcea,1992,Kilograme,2740.0
Grau - total,Sector privat,Sibiu,1992,Kilograme,2090.0
Grau - total,din care: Exploatatii agricole individuale,Maramures,1992,Kilograme,1672.0
Grau - total,din care: Exploatatii agricole individuale,Sibiu,1992,Kilograme,2031.0
Grau - total,Sector privat,Maramures,1992,Kilograme,1672.0
Grau - total,Sector privat,Valcea,1992,Kilograme,2738.0
Grau - total,din care: Exploatatii agricole individuale,Dolj,1992,Kilograme,1899.0
Grau - total,Sector privat,Ialomita,1992,Kilograme,2760.0
Grau - total,Sector privat,Constanta,1992,Kilograme,1539.0
Grau - total,din care: Exploatatii agricole individuale,Galati,1992,Kilograme,1585.0
Grau - total,din care: Exploatatii agricole individuale,Arad,1992,Kilograme,1336.0
Grau - total,Sector privat,Bacau,1992,Kilograme,1828.0
Grau - total,din care: Exploatatii agricole individuale,Bacau,1992,Kilograme,1715.0
Grau - total,Sector privat,Satu Mare,1992,Kilograme,2594.0
Grau - total,din care: Exploatatii agricole individuale,Satu Mare,1992,Kilograme,2283.0
Grau - total,Sector privat,Arad,1992,Kilograme,1493.0
Grau - total,Sector privat,Prahova,1992,Kilograme,2712.0
Grau - total,Sector privat,Galati,1992,Kilograme,1609.0
Grau - total,Sector privat,Botosani,1992,Kilograme,1633.0
Grau - total,din care: Exploatatii agricole individuale,Giurgiu,1992,Kilograme,2515.0
Grau - total,din care: Exploatatii agricole individuale,Caras-Severin,1992,Kilograme,1338.0
Grau - total,Sector privat,Salaj,1992,Kilograme,1520.0
Grau - total,din care: Exploatatii agricole individuale,Salaj,1992,Kilograme,1488.0
Grau - total,din care: Exploatatii agricole individuale,Gorj,1992,Kilograme,1786.0
Grau - total,din care: Exploatatii agricole individuale,Botosani,1992,Kilograme,1591.0
Grau - total,Sector privat,Caras-Severin,1992,Kilograme,1319.0
Grau - total,Sector privat,Teleorman,1992,Kilograme,2201.0
Grau - total,Sector privat,Tulcea,1992,Kilograme,1370.0
Grau - total,din care: Exploatatii agricole individuale,Buzau,1992,Kilograme,2123.0
Grau - total,Sector privat,Iasi,1992,Kilograme,1954.0
Grau - total,din care: Exploatatii agricole individuale,Hunedoara,1992,Kilograme,1923.0
Grau - total,Sector privat,Alba,1992,Kilograme,1996.0
Grau - total,din care: Exploatatii agricole individuale,Alba,1992,Kilograme,1829.0
Grau - total,din care: Exploatatii agricole individuale,Mures,1992,Kilograme,1965.0
Grau - total,Sector privat,Hunedoara,1992,Kilograme,1962.0
Grau - total,din care: Exploatatii agricole individuale,Tulcea,1992,Kilograme,1312.0
Grau - total,Sector privat,Mun. Bucuresti -incl. SAI,1992,Kilograme,2733.0
Grau - total,Sector privat,Vrancea,1992,Kilograme,1619.0
Grau - total,Sector privat,Neamt,1992,Kilograme,2046.0
Grau - total,din care: Exploatatii agricole individuale,Teleorman,1992,Kilograme,2028.0
Grau - total,din care: Exploatatii agricole individuale,Timis,1992,Kilograme,1619.0
Grau - total,Sector privat,Brasov,1992,Kilograme,2281.0
Grau - total,din care: Exploatatii agricole individuale,Dambovita,1992,Kilograme,2243.0
Grau - total,din care: Exploatatii agricole individuale,Neamt,1992,Kilograme,1921.0
Grau - total,din care: Exploatatii agricole individuale,Brasov,1992,Kilograme,2140.0
Grau - total,Sector privat,Timis,1992,Kilograme,1703.0
Grau - total,din care: Exploatatii agricole individuale,Prahova,1992,Kilograme,2363.0
Grau - total,Sector privat,Dolj,1992,Kilograme,1992.0
Grau - total,Sector privat,Arges,1992,Kilograme,1804.0
Grau - total,Sector privat,Suceava,1992,Kilograme,1934.0
Grau - total,din care: Exploatatii agricole individuale,Braila,1992,Kilograme,2241.0
Grau - total,din care: Exploatatii agricole individuale,Suceava,1992,Kilograme,1892.0
Grau - total,din care: Exploatatii agricole individuale,Bihor,1992,Kilograme,1447.0
Grau - total,Sector privat,Covasna,1993,Kilograme,2674.0
Grau - total,din care: Exploatatii agricole individuale,Suceava,1993,Kilograme,2593.0
Grau - total,din care: Exploatatii agricole individuale,Covasna,1993,Kilograme,2647.0
Grau - total,Sector privat,Bihor,1993,Kilograme,2096.0
Grau - total,Sector privat,Gorj,1993,Kilograme,2592.0
Grau - total,din care: Exploatatii agricole individuale,Constanta,1993,Kilograme,1937.0
Grau - total,Sector privat,Calarasi,1993,Kilograme,2444.0
Grau - total,Sector privat,Vaslui,1993,Kilograme,2115.0
Grau - total,din care: Exploatatii agricole individuale,Vaslui,1993,Kilograme,2074.0
Grau - total,din care: Exploatatii agricole individuale,Mun. Bucuresti -incl. SAI,1993,Kilograme,2469.0
Grau - total,Sector privat,Harghita,1993,Kilograme,1856.0
Grau - total,din care: Exploatatii agricole individuale,Bistrita-Nasaud,1993,Kilograme,2072.0
Grau - total,din care: Exploatatii agricole individuale,Harghita,1993,Kilograme,1744.0
Grau - total,din care: Exploatatii agricole individuale,Ialomita,1993,Kilograme,1620.0
Grau - total,din care: Exploatatii agricole individuale,Mehedinti,1993,Kilograme,1927.0
Grau - total,Sector privat,Bistrita-Nasaud,1993,Kilograme,2091.0
Grau - total,Sector privat,Mehedinti,1993,Kilograme,1899.0
Grau - total,Sector privat,Dambovita,1993,Kilograme,1836.0
Grau - total,din care: Exploatatii agricole individuale,Olt,1993,Kilograme,2018.0
Grau - total,din care: Exploatatii agricole individuale,Arges,1993,Kilograme,1969.0
Grau - total,din care: Exploatatii agricole individuale,Vrancea,1993,Kilograme,2488.0
Grau - total,din care: Exploatatii agricole individuale,Iasi,1993,Kilograme,2624.0
Grau - total,din care: Exploatatii agricole individuale,Mures,1993,Kilograme,2231.0
Grau - total,din care: Exploatatii agricole individuale,Cluj,1993,Kilograme,1752.0
Grau - total,Sector privat,Olt,1993,Kilograme,1990.0
Grau - total,Sector privat,Mures,1993,Kilograme,2299.0
Grau - total,Sector privat,Giurgiu,1993,Kilograme,2685.0
Grau - total,Sector privat,Cluj,1993,Kilograme,1774.0
Grau - total,din care: Exploatatii agricole individuale,Valcea,1993,Kilograme,3508.0
Grau - total,Sector privat,Buzau,1993,Kilograme,1622.0
Grau - total,Sector privat,Sibiu,1993,Kilograme,2104.0
Grau - total,din care: Exploatatii agricole individuale,Maramures,1993,Kilograme,1927.0
Grau - total,din care: Exploatatii agricole individuale,Sibiu,1993,Kilograme,2040.0
Grau - total,Sector privat,Valcea,1993,Kilograme,3498.0
Grau - total,Sector privat,Maramures,1993,Kilograme,1931.0
Grau - total,Sector privat,Ialomita,1993,Kilograme,1663.0
Grau - total,din care: Exploatatii agricole individuale,Dolj,1993,Kilograme,1596.0
Grau - total,Sector privat,Constanta,1993,Kilograme,2007.0
Grau - total,din care: Exploatatii agricole individuale,Arad,1993,Kilograme,2277.0
Grau - total,din care: Exploatatii agricole individuale,Galati,1993,Kilograme,2373.0
Grau - total,Sector privat,Bacau,1993,Kilograme,3154.0
Grau - total,din care: Exploatatii agricole individuale,Satu Mare,1993,Kilograme,2035.0
Grau - total,din care: Exploatatii agricole individuale,Bacau,1993,Kilograme,3189.0
Grau - total,Sector privat,Satu Mare,1993,Kilograme,2341.0
Grau - total,Sector privat,Arad,1993,Kilograme,2344.0
Grau - total,Sector privat,Prahova,1993,Kilograme,2540.0
Grau - total,Sector privat,Galati,1993,Kilograme,2429.0
Grau - total,Sector privat,Botosani,1993,Kilograme,2225.0
Grau - total,din care: Exploatatii agricole individuale,Caras-Severin,1993,Kilograme,2109.0
Grau - total,din care: Exploatatii agricole individuale,Giurgiu,1993,Kilograme,2615.0
Grau - total,Sector privat,Salaj,1993,Kilograme,1929.0
Grau - total,din care: Exploatatii agricole individuale,Salaj,1993,Kilograme,1910.0
Grau - total,din care: Exploatatii agricole individuale,Botosani,1993,Kilograme,2167.0
Grau - total,Sector privat,Caras-Severin,1993,Kilograme,2097.0
Grau - total,din care: Exploatatii agricole individuale,Gorj,1993,Kilograme,2640.0
Grau - total,Sector privat,Teleorman,1993,Kilograme,2198.0
Grau - total,Sector privat,Tulcea,1993,Kilograme,1930.0
Grau - total,din care: Exploatatii agricole individuale,Hunedoara,1993,Kilograme,2307.0
Grau - total,din care: Exploatatii agricole individuale,Buzau,1993,Kilograme,1562.0
Grau - total,Sector privat,Iasi,1993,Kilograme,2678.0
Grau - total,Sector privat,Alba,1993,Kilograme,2124.0
Grau - total,din care: Exploatatii agricole individuale,Alba,1993,Kilograme,2097.0
Grau - total,Sector privat,Braila,1993,Kilograme,2206.0
Grau - total,Sector privat,Hunedoara,1993,Kilograme,2307.0
Grau - total,din care: Exploatatii agricole individuale,Tulcea,1993,Kilograme,1932.0
Grau - total,Sector privat,Mun. Bucuresti -incl. SAI,1993,Kilograme,2428.0
Grau - total,Sector privat,Vrancea,1993,Kilograme,2506.0
Grau - total,din care: Exploatatii agricole individuale,Timis,1993,Kilograme,2244.0
Grau - total,din care: Exploatatii agricole individuale,Teleorman,1993,Kilograme,2204.0
Grau - total,din care: Exploatatii agricole individuale,Braila,1993,Kilograme,2206.0
Grau - total,Sector privat,Neamt,1993,Kilograme,3468.0
Grau - total,Sector privat,Brasov,1993,Kilograme,2904.0
Grau - total,din care: Exploatatii agricole individuale,Neamt,1993,Kilograme,3467.0
Grau - total,din care: Exploatatii agricole individuale,Dambovita,1993,Kilograme,1802.0
Grau - total,din care: Exploatatii agricole individuale,Brasov,1993,Kilograme,2730.0
Grau - total,Sector privat,Timis,1993,Kilograme,2425.0
Grau - total,Sector privat,Dolj,1993,Kilograme,1531.0
Grau - total,din care: Exploatatii agricole individuale,Prahova,1993,Kilograme,2544.0
Grau - total,Sector privat,Arges,1993,Kilograme,1974.0
Grau - total,Sector privat,Suceava,1993,Kilograme,2634.0
Grau - total,din care: Exploatatii agricole individuale,Calarasi,1993,Kilograme,2638.0
Grau - total,din care: Exploatatii agricole individuale,Bihor,1993,Kilograme,1895.0
Grau - total,din care: Exploatatii agricole individuale,Suceava,1994,Kilograme,2883.0
Grau - total,Sector privat,Arges,1994,Kilograme,2816.0
Grau - total,din care: Exploatatii agricole individuale,Calarasi,1994,Kilograme,1759.0
Grau - total,Sector privat,Covasna,1994,Kilograme,2864.0
Grau - total,din care: Exploatatii agricole individuale,Covasna,1994,Kilograme,2817.0
Grau - total,din care: Exploatatii agricole individuale,Bihor,1994,Kilograme,2819.0
Grau - total,Sector privat,Gorj,1994,Kilograme,3854.0
Grau - total,Sector privat,Bihor,1994,Kilograme,3211.0
Grau - total,din care: Exploatatii agricole individuale,Constanta,1994,Kilograme,1246.0
Grau - total,Sector privat,Calarasi,1994,Kilograme,1778.0
Grau - total,Sector privat,Vaslui,1994,Kilograme,1586.0
Grau - total,din care: Exploatatii agricole individuale,Vaslui,1994,Kilograme,1634.0
Grau - total,din care: Exploatatii agricole individuale,Mun. Bucuresti -incl. SAI,1994,Kilograme,1905.0
Grau - total,Sector privat,Harghita,1994,Kilograme,2201.0
Grau - total,din care: Exploatatii agricole individuale,Harghita,1994,Kilograme,2152.0
Grau - total,din care: Exploatatii agricole individuale,Bistrita-Nasaud,1994,Kilograme,2211.0
Grau - total,din care: Exploatatii agricole individuale,Mehedinti,1994,Kilograme,2629.0
Grau - total,din care: Exploatatii agricole individuale,Ialomita,1994,Kilograme,1065.0
Grau - total,Sector privat,Mehedinti,1994,Kilograme,2637.0
Grau - total,Sector privat,Bistrita-Nasaud,1994,Kilograme,2222.0
Grau - total,Sector privat,Dambovita,1994,Kilograme,2285.0
Grau - total,din care: Exploatatii agricole individuale,Hunedoara,1994,Kilograme,2844.0
Grau - total,din care: Exploatatii agricole individuale,Vrancea,1994,Kilograme,1929.0
Grau - total,din care: Exploatatii agricole individuale,Mures,1994,Kilograme,3432.0
Grau - total,din care: Exploatatii agricole individuale,Arges,1994,Kilograme,2697.0
Grau - total,din care: Exploatatii agricole individuale,Cluj,1994,Kilograme,2982.0
Grau - total,Sector privat,Braila,1994,Kilograme,1255.0
Grau - total,Sector privat,Mures,1994,Kilograme,3530.0
Grau - total,Sector privat,Olt,1994,Kilograme,3502.0
Grau - total,Sector privat,Cluj,1994,Kilograme,3027.0
Grau - total,Sector privat,Giurgiu,1994,Kilograme,2039.0
Grau - total,Sector privat,Buzau,1994,Kilograme,690.0
Grau - total,din care: Exploatatii agricole individuale,Valcea,1994,Kilograme,4965.0
Grau - total,Sector privat,Sibiu,1994,Kilograme,2378.0
Grau - total,din care: Exploatatii agricole individuale,Sibiu,1994,Kilograme,2399.0
Grau - total,din care: Exploatatii agricole individuale,Maramures,1994,Kilograme,2045.0
Grau - total,Sector privat,Valcea,1994,Kilograme,4744.0
Grau - total,Sector privat,Maramures,1994,Kilograme,2046.0
Grau - total,Sector privat,Ialomita,1994,Kilograme,1156.0
Grau - total,din care: Exploatatii agricole individuale,Dolj,1994,Kilograme,3125.0
Grau - total,Sector privat,Constanta,1994,Kilograme,1409.0
Grau - total,din care: Exploatatii agricole individuale,Arad,1994,Kilograme,3121.0
Grau - total,din care: Exploatatii agricole individuale,Galati,1994,Kilograme,1205.0
Grau - total,Sector privat,Bacau,1994,Kilograme,2775.0
Grau - total,din care: Exploatatii agricole individuale,Bacau,1994,Kilograme,2843.0
Grau - total,din care: Exploatatii agricole individuale,Satu Mare,1994,Kilograme,3156.0
Grau - total,Sector privat,Satu Mare,1994,Kilograme,3532.0
Grau - total,Sector privat,Arad,1994,Kilograme,3395.0
Grau - total,Sector privat,Prahova,1994,Kilograme,1568.0
Grau - total,Sector privat,Galati,1994,Kilograme,1257.0
Grau - total,Sector privat,Botosani,1994,Kilograme,1891.0
Grau - total,din care: Exploatatii agricole individuale,Giurgiu,1994,Kilograme,1985.0
Grau - total,din care: Exploatatii agricole individuale,Caras-Severin,1994,Kilograme,2781.0
Grau - total,Sector privat,Salaj,1994,Kilograme,2754.0
Grau - total,din care: Exploatatii agricole individuale,Botosani,1994,Kilograme,1844.0
Grau - total,din care: Exploatatii agricole individuale,Salaj,1994,Kilograme,2748.0
Grau - total,Sector privat,Caras-Severin,1994,Kilograme,2767.0
Grau - total,din care: Exploatatii agricole individuale,Gorj,1994,Kilograme,3921.0
Grau - total,Sector privat,Teleorman,1994,Kilograme,2029.0
Grau - total,Sector privat,Tulcea,1994,Kilograme,524.0
Grau - total,din care: Exploatatii agricole individuale,Buzau,1994,Kilograme,624.0
Grau - total,Sector privat,Iasi,1994,Kilograme,2590.0
Grau - total,din care: Exploatatii agricole individuale,Olt,1994,Kilograme,3745.0
Grau - total,Sector privat,Alba,1994,Kilograme,3273.0
Grau - total,din care: Exploatatii agricole individuale,Iasi,1994,Kilograme,2437.0
Grau - total,din care: Exploatatii agricole individuale,Alba,1994,Kilograme,3246.0
Grau - total,Sector privat,Hunedoara,1994,Kilograme,2845.0
Grau - total,din care: Exploatatii agricole individuale,Tulcea,1994,Kilograme,436.0
Grau - total,Sector privat,Mun. Bucuresti -incl. SAI,1994,Kilograme,1841.0
Grau - total,Sector privat,Vrancea,1994,Kilograme,1963.0
Grau - total,din care: Exploatatii agricole individuale,Timis,1994,Kilograme,3960.0
Grau - total,din care: Exploatatii agricole individuale,Neamt,1994,Kilograme,3512.0
Grau - total,Sector privat,Neamt,1994,Kilograme,3589.0
Grau - total,din care: Exploatatii agricole individuale,Dambovita,1994,Kilograme,2294.0
Grau - total,Sector privat,Brasov,1994,Kilograme,2882.0
Grau - total,din care: Exploatatii agricole individuale,Brasov,1994,Kilograme,2887.0
Grau - total,din care: Exploatatii agricole individuale,Teleorman,1994,Kilograme,1906.0
Grau - total,Sector privat,Timis,1994,Kilograme,3898.0
Grau - total,Sector privat,Dolj,1994,Kilograme,3058.0
Grau - total,din care: Exploatatii agricole individuale,Prahova,1994,Kilograme,1626.0
Grau - total,din care: Exploatatii agricole individuale,Braila,1994,Kilograme,1182.0
Grau - total,Sector privat,Suceava,1994,Kilograme,2901.0
Grau - total,din care: Exploatatii agricole individuale,Dambovita,1995,Kilograme,3223.0
Grau - total,Sector privat,Arges,1995,Kilograme,3430.0
Grau - total,din care: Exploatatii agricole individuale,Calarasi,1995,Kilograme,3055.0
Grau - total,Sector privat,Suceava,1995,Kilograme,2988.0
Grau - total,din care: Exploatatii agricole individuale,Bihor,1995,Kilograme,2740.0
Grau - total,din care: Exploatatii agricole individuale,Covasna,1995,Kilograme,3380.0
Grau - total,Sector privat,Covasna,1995,Kilograme,3408.0
Grau - total,Sector privat,Bihor,1995,Kilograme,2932.0
Grau - total,Sector privat,Gorj,1995,Kilograme,3594.0
Grau - total,Sector privat,Calarasi,1995,Kilograme,3118.0
Grau - total,din care: Exploatatii agricole individuale,Constanta,1995,Kilograme,2753.0
Grau - total,din care: Exploatatii agricole individuale,Vaslui,1995,Kilograme,2224.0
Grau - total,Sector privat,Vaslui,1995,Kilograme,2187.0
Grau - total,din care: Exploatatii agricole individuale,Bistrita-Nasaud,1995,Kilograme,3180.0
Grau - total,din care: Exploatatii agricole individuale,Harghita,1995,Kilograme,2378.0
Grau - total,Sector privat,Harghita,1995,Kilograme,2502.0
Grau - total,din care: Exploatatii agricole individuale,Ialomita,1995,Kilograme,2403.0
Grau - total,Sector privat,Bistrita-Nasaud,1995,Kilograme,3163.0
Grau - total,Sector privat,Mehedinti,1995,Kilograme,3139.0
Grau - total,Sector privat,Dambovita,1995,Kilograme,3217.0
Grau - total,din care: Exploatatii agricole individuale,Olt,1995,Kilograme,3884.0
Grau - total,din care: Exploatatii agricole individuale,Hunedoara,1995,Kilograme,3296.0
Grau - total,din care: Exploatatii agricole individuale,Cluj,1995,Kilograme,3051.0
Grau - total,din care: Exploatatii agricole individuale,Mehedinti,1995,Kilograme,3189.0
Grau - total,din care: Exploatatii agricole individuale,Vrancea,1995,Kilograme,2593.0
Grau - total,Sector privat,Braila,1995,Kilograme,2404.0
Grau - total,Sector privat,Mures,1995,Kilograme,3643.0
Grau - total,Sector privat,Cluj,1995,Kilograme,3155.0
Grau - total,Sector privat,Olt,1995,Kilograme,3678.0
Grau - total,Sector privat,Giurgiu,1995,Kilograme,2969.0
Grau - total,din care: Exploatatii agricole individuale,Arges,1995,Kilograme,3275.0
Grau - total,din care: Exploatatii agricole individuale,Mun. Bucuresti -incl. SAI,1995,Kilograme,2963.0
Grau - total,din care: Exploatatii agricole individuale,Valcea,1995,Kilograme,4393.0
Grau - total,Sector privat,Buzau,1995,Kilograme,2532.0
Grau - total,din care: Exploatatii agricole individuale,Maramures,1995,Kilograme,2442.0
Grau - total,Sector privat,Sibiu,1995,Kilograme,2997.0
Grau - total,din care: Exploatatii agricole individuale,Sibiu,1995,Kilograme,2989.0
Grau - total,Sector privat,Maramures,1995,Kilograme,2443.0
Grau - total,Sector privat,Valcea,1995,Kilograme,4083.0
Grau - total,Sector privat,Ialomita,1995,Kilograme,2592.0
Grau - total,din care: Exploatatii agricole individuale,Dolj,1995,Kilograme,2131.0
Grau - total,din care: Exploatatii agricole individuale,Arad,1995,Kilograme,2833.0
Grau - total,Sector privat,Constanta,1995,Kilograme,2923.0
Grau - total,din care: Exploatatii agricole individuale,Satu Mare,1995,Kilograme,3641.0
Grau - total,din care: Exploatatii agricole individuale,Bacau,1995,Kilograme,3227.0
Grau - total,Sector privat,Bacau,1995,Kilograme,3152.0
Grau - total,Sector privat,Satu Mare,1995,Kilograme,3783.0
Grau - total,din care: Exploatatii agricole individuale,Galati,1995,Kilograme,2308.0
Grau - total,Sector privat,Arad,1995,Kilograme,3105.0
Grau - total,Sector privat,Prahova,1995,Kilograme,3488.0
Grau - total,Sector privat,Galati,1995,Kilograme,2385.0
Grau - total,din care: Exploatatii agricole individuale,Giurgiu,1995,Kilograme,2935.0
Grau - total,din care: Exploatatii agricole individuale,Caras-Severin,1995,Kilograme,2796.0
Grau - total,Sector privat,Botosani,1995,Kilograme,2631.0
Grau - total,din care: Exploatatii agricole individuale,Salaj,1995,Kilograme,3178.0
Grau - total,Sector privat,Salaj,1995,Kilograme,3233.0
Grau - total,din care: Exploatatii agricole individuale,Botosani,1995,Kilograme,2536.0
Grau - total,din care: Exploatatii agricole individuale,Gorj,1995,Kilograme,3621.0
Grau - total,Sector privat,Caras-Severin,1995,Kilograme,2779.0
Grau - total,Sector privat,Teleorman,1995,Kilograme,3029.0
Grau - total,din care: Exploatatii agricole individuale,Buzau,1995,Kilograme,2647.0
Grau - total,Sector privat,Tulcea,1995,Kilograme,1725.0
Grau - total,din care: Exploatatii agricole individuale,Mures,1995,Kilograme,3589.0
Grau - total,Sector privat,Iasi,1995,Kilograme,3051.0
Grau - total,din care: Exploatatii agricole individuale,Alba,1995,Kilograme,3216.0
Grau - total,Sector privat,Alba,1995,Kilograme,3294.0
Grau - total,din care: Exploatatii agricole individuale,Iasi,1995,Kilograme,2921.0
Grau - total,din care: Exploatatii agricole individuale,Tulcea,1995,Kilograme,1528.0
Grau - total,Sector privat,Hunedoara,1995,Kilograme,3304.0
Grau - total,Sector privat,Mun. Bucuresti -incl. SAI,1995,Kilograme,2746.0
Grau - total,din care: Exploatatii agricole individuale,Timis,1995,Kilograme,3224.0
Grau - total,Sector privat,Vrancea,1995,Kilograme,2622.0
Grau - total,din care: Exploatatii agricole individuale,Neamt,1995,Kilograme,3670.0
Grau - total,Sector privat,Neamt,1995,Kilograme,3559.0
Grau - total,din care: Exploatatii agricole individuale,Brasov,1995,Kilograme,3274.0
Grau - total,Sector privat,Brasov,1995,Kilograme,3221.0
Grau - total,din care: Exploatatii agricole individuale,Teleorman,1995,Kilograme,2929.0
Grau - total,din care: Exploatatii agricole individuale,Braila,1995,Kilograme,2384.0
Grau - total,Sector privat,Timis,1995,Kilograme,3254.0
Grau - total,Sector privat,Dolj,1995,Kilograme,2108.0
Grau - total,din care: Exploatatii agricole individuale,Prahova,1995,Kilograme,3658.0
Grau - total,din care: Exploatatii agricole individuale,Suceava,1995,Kilograme,2994.0
Grau - total,din care: Exploatatii agricole individuale,Dambovita,1996,Kilograme,1092.0
Grau - total,Sector privat,Dolj,1996,Kilograme,938.0
Grau - total,din care: Exploatatii agricole individuale,Calarasi,1996,Kilograme,796.0
Grau - total,din care: Exploatatii agricole individuale,Suceava,1996,Kilograme,942.0
Grau - total,Sector privat,Suceava,1996,Kilograme,939.0
Grau - total,din care: Exploatatii agricole individuale,Covasna,1996,Kilograme,2518.0
Grau - total,din care: Exploatatii agricole individuale,Bihor,1996,Kilograme,1944.0
Grau - total,Sector privat,Covasna,1996,Kilograme,2522.0
Grau - total,Sector privat,Gorj,1996,Kilograme,1749.0
Grau - total,Sector privat,Bihor,1996,Kilograme,2034.0
Grau - total,din care: Exploatatii agricole individuale,Constanta,1996,Kilograme,1908.0
Grau - total,Sector privat,Calarasi,1996,Kilograme,858.0
Grau - total,din care: Exploatatii agricole individuale,Vaslui,1996,Kilograme,874.0
Grau - total,din care: Exploatatii agricole individuale,Harghita,1996,Kilograme,1838.0
Grau - total,Sector privat,Vaslui,1996,Kilograme,872.0
Grau - total,din care: Exploatatii agricole individuale,Bistrita-Nasaud,1996,Kilograme,1847.0
Grau - total,Sector privat,Harghita,1996,Kilograme,1906.0
Grau - total,Sector privat,Mehedinti,1996,Kilograme,1014.0
Grau - total,Sector privat,Bistrita-Nasaud,1996,Kilograme,1829.0
Grau - total,din care: Exploatatii agricole individuale,Ialomita,1996,Kilograme,1172.0
Grau - total,din care: Exploatatii agricole individuale,Olt,1996,Kilograme,687.0
Grau - total,Sector privat,Tulcea,1996,Kilograme,1165.0
Grau - total,din care: Exploatatii agricole individuale,Vrancea,1996,Kilograme,1362.0
Grau - total,din care: Exploatatii agricole individuale,Mehedinti,1996,Kilograme,975.0
Grau - total,din care: Exploatatii agricole individuale,Cluj,1996,Kilograme,1918.0
Grau - total,din care: Exploatatii agricole individuale,Mures,1996,Kilograme,2282.0
Grau - total,Sector privat,Braila,1996,Kilograme,1618.0
Grau - total,Sector privat,Mures,1996,Kilograme,2345.0
Grau - total,Sector privat,Olt,1996,Kilograme,782.0
Grau - total,Sector privat,Cluj,1996,Kilograme,1998.0
Grau - total,din care: Exploatatii agricole individuale,Arges,1996,Kilograme,856.0
Grau - total,Sector privat,Giurgiu,1996,Kilograme,1015.0
Grau - total,din care: Exploatatii agricole individuale,Mun. Bucuresti -incl. SAI,1996,Kilograme,892.0
Grau - total,din care: Exploatatii agricole individuale,Valcea,1996,Kilograme,2149.0
Grau - total,Sector privat,Buzau,1996,Kilograme,1240.0
Grau - total,din care: Exploatatii agricole individuale,Maramures,1996,Kilograme,1866.0
Grau - total,din care: Exploatatii agricole individuale,Sibiu,1996,Kilograme,1890.0
Grau - total,Sector privat,Sibiu,1996,Kilograme,1697.0
Grau - total,Sector privat,Valcea,1996,Kilograme,2196.0
Grau - total,Sector privat,Maramures,1996,Kilograme,1878.0
Grau - total,din care: Exploatatii agricole individuale,Arad,1996,Kilograme,2985.0
Grau - total,Sector privat,Ialomita,1996,Kilograme,1365.0
Grau - total,Sector privat,Constanta,1996,Kilograme,2161.0
Grau - total,din care: Exploatatii agricole individuale,Dolj,1996,Kilograme,971.0
Grau - total,din care: Exploatatii agricole individuale,Bacau,1996,Kilograme,1388.0
Grau - total,Sector privat,Bacau,1996,Kilograme,1238.0
Grau - total,din care: Exploatatii agricole individuale,Satu Mare,1996,Kilograme,2352.0
Grau - total,Sector privat,Satu Mare,1996,Kilograme,2717.0
Grau - total,Sector privat,Arad,1996,Kilograme,2765.0
Grau - total,din care: Exploatatii agricole individuale,Galati,1996,Kilograme,865.0
Grau - total,din care: Exploatatii agricole individuale,Giurgiu,1996,Kilograme,954.0
Grau - total,Sector privat,Prahova,1996,Kilograme,1241.0
Grau - total,Sector privat,Galati,1996,Kilograme,994.0
Grau - total,din care: Exploatatii agricole individuale,Caras-Severin,1996,Kilograme,2099.0
Grau - total,Sector privat,Botosani,1996,Kilograme,285.0
Grau - total,din care: Exploatatii agricole individuale,Salaj,1996,Kilograme,2263.0
Grau - total,din care: Exploatatii agricole individuale,Botosani,1996,Kilograme,261.0
Grau - total,Sector privat,Salaj,1996,Kilograme,2278.0
Grau - total,Sector privat,Caras-Severin,1996,Kilograme,2081.0
Grau - total,din care: Exploatatii agricole individuale,Gorj,1996,Kilograme,1760.0
Grau - total,din care: Exploatatii agricole individuale,Buzau,1996,Kilograme,1092.0
Grau - total,Sector privat,Teleorman,1996,Kilograme,1953.0
Grau - total,Sector privat,Dambovita,1996,Kilograme,1050.0
Grau - total,din care: Exploatatii agricole individuale,Hunedoara,1996,Kilograme,2203.0
Grau - total,Sector privat,Iasi,1996,Kilograme,689.0
Grau - total,din care: Exploatatii agricole individuale,Alba,1996,Kilograme,1841.0
Grau - total,Sector privat,Alba,1996,Kilograme,1748.0
Grau - total,din care: Exploatatii agricole individuale,Iasi,1996,Kilograme,820.0
Grau - total,Sector privat,Hunedoara,1996,Kilograme,2155.0
Grau - total,din care: Exploatatii agricole individuale,Tulcea,1996,Kilograme,991.0
Grau - total,din care: Exploatatii agricole individuale,Timis,1996,Kilograme,2030.0
Grau - total,Sector privat,Mun. Bucuresti -incl. SAI,1996,Kilograme,875.0
Grau - total,Sector privat,Vrancea,1996,Kilograme,1423.0
Grau - total,din care: Exploatatii agricole individuale,Neamt,1996,Kilograme,1133.0
Grau - total,Sector privat,Neamt,1996,Kilograme,1263.0
Grau - total,din care: Exploatatii agricole individuale,Brasov,1996,Kilograme,2005.0
Grau - total,Sector privat,Brasov,1996,Kilograme,2060.0
Grau - total,din care: Exploatatii agricole individuale,Teleorman,1996,Kilograme,2111.0
Grau - total,Sector privat,Timis,1996,Kilograme,2069.0
Grau - total,din care: Exploatatii agricole individuale,Braila,1996,Kilograme,1584.0
Grau - total,din care: Exploatatii agricole individuale,Prahova,1996,Kilograme,1225.0
Grau - total,Sector privat,Arges,1996,Kilograme,1008.0
Grau - total,Sector privat,Arges,1997,Kilograme,2358.0
Grau - total,din care: Exploatatii agricole individuale,Prahova,1997,Kilograme,3338.0
Grau - total,din care: Exploatatii agricole individuale,Calarasi,1997,Kilograme,3791.0
Grau - total,din care: Exploatatii agricole individuale,Covasna,1997,Kilograme,3114.0
Grau - total,Sector privat,Suceava,1997,Kilograme,2593.0
Grau - total,Sector privat,Covasna,1997,Kilograme,3128.0
Grau - total,din care: Exploatatii agricole individuale,Bihor,1997,Kilograme,2182.0
Grau - total,Sector privat,Gorj,1997,Kilograme,3011.0
Grau - total,Sector privat,Bihor,1997,Kilograme,2313.0
Grau - total,Sector privat,Calarasi,1997,Kilograme,3881.0
Grau - total,din care: Exploatatii agricole individuale,Dambovita,1997,Kilograme,2572.0
Grau - total,din care: Exploatatii agricole individuale,Vaslui,1997,Kilograme,2257.0
Grau - total,din care: Exploatatii agricole individuale,Harghita,1997,Kilograme,2064.0
Grau - total,din care: Exploatatii agricole individuale,Bistrita-Nasaud,1997,Kilograme,2540.0
Grau - total,Sector privat,Vaslui,1997,Kilograme,2261.0
Grau - total,Sector privat,Harghita,1997,Kilograme,2150.0
Grau - total,Sector privat,Mehedinti,1997,Kilograme,3647.0
Grau - total,Sector privat,Bistrita-Nasaud,1997,Kilograme,2532.0
Grau - total,Sector privat,Dambovita,1997,Kilograme,2464.0
Grau - total,din care: Exploatatii agricole individuale,Olt,1997,Kilograme,2665.0
Grau - total,din care: Exploatatii agricole individuale,Vrancea,1997,Kilograme,2694.0
Grau - total,Sector privat,Teleorman,1997,Kilograme,2477.0
Grau - total,din care: Exploatatii agricole individuale,Mures,1997,Kilograme,2954.0
Grau - total,din care: Exploatatii agricole individuale,Cluj,1997,Kilograme,2596.0
Grau - total,Sector privat,Braila,1997,Kilograme,3213.0
Grau - total,Sector privat,Mures,1997,Kilograme,2984.0
Grau - total,Sector privat,Olt,1997,Kilograme,2705.0
Grau - total,Sector privat,Cluj,1997,Kilograme,2679.0
Grau - total,Sector privat,Giurgiu,1997,Kilograme,2567.0
Grau - total,din care: Exploatatii agricole individuale,Tulcea,1997,Kilograme,2164.0
Grau - total,din care: Exploatatii agricole individuale,Mun. Bucuresti -incl. SAI,1997,Kilograme,2804.0
Grau - total,din care: Exploatatii agricole individuale,Valcea,1997,Kilograme,4505.0
Grau - total,din care: Exploatatii agricole individuale,Buzau,1997,Kilograme,2841.0
Grau - total,din care: Exploatatii agricole individuale,Maramures,1997,Kilograme,2057.0
Grau - total,Sector privat,Buzau,1997,Kilograme,3005.0
Grau - total,din care: Exploatatii agricole individuale,Sibiu,1997,Kilograme,2579.0
Grau - total,Sector privat,Sibiu,1997,Kilograme,2507.0
Grau - total,din care: Exploatatii agricole individuale,Braila,1997,Kilograme,3163.0
Grau - total,Sector privat,Valcea,1997,Kilograme,4122.0
Grau - total,Sector privat,Maramures,1997,Kilograme,2089.0
Grau - total,din care: Exploatatii agricole individuale,Ialomita,1997,Kilograme,3444.0
Grau - total,Sector privat,Ialomita,1997,Kilograme,3794.0
Grau - total,din care: Exploatatii agricole individuale,Arad,1997,Kilograme,2670.0
Grau - total,din care: Exploatatii agricole individuale,Teleorman,1997,Kilograme,2354.0
Grau - total,Sector privat,Constanta,1997,Kilograme,3373.0
Grau - total,din care: Exploatatii agricole individuale,Dolj,1997,Kilograme,2645.0
Grau - total,din care: Exploatatii agricole individuale,Satu Mare,1997,Kilograme,2521.0
Grau - total,Sector privat,Bacau,1997,Kilograme,2780.0
Grau - total,din care: Exploatatii agricole individuale,Bacau,1997,Kilograme,2687.0
Grau - total,Sector privat,Arad,1997,Kilograme,2909.0
Grau - total,Sector privat,Satu Mare,1997,Kilograme,2840.0
Grau - total,din care: Exploatatii agricole individuale,Arges,1997,Kilograme,2302.0
Grau - total,Sector privat,Prahova,1997,Kilograme,3281.0
Grau - total,din care: Exploatatii agricole individuale,Caras-Severin,1997,Kilograme,2360.0
Grau - total,Sector privat,Galati,1997,Kilograme,2711.0
Grau - total,Sector privat,Botosani,1997,Kilograme,2166.0
Grau - total,din care: Exploatatii agricole individuale,Botosani,1997,Kilograme,2246.0
Grau - total,din care: Exploatatii agricole individuale,Constanta,1997,Kilograme,3190.0
Grau - total,din care: Exploatatii agricole individuale,Salaj,1997,Kilograme,2379.0
Grau - total,Sector privat,Salaj,1997,Kilograme,2389.0
Grau - total,Sector privat,Caras-Severin,1997,Kilograme,2319.0
Grau - total,din care: Exploatatii agricole individuale,Gorj,1997,Kilograme,3026.0
Grau - total,din care: Exploatatii agricole individuale,Mehedinti,1997,Kilograme,3692.0
Grau - total,din care: Exploatatii agricole individuale,Hunedoara,1997,Kilograme,2665.0
Grau - total,Sector privat,Tulcea,1997,Kilograme,2174.0
Grau - total,din care: Exploatatii agricole individuale,Galati,1997,Kilograme,2554.0
Grau - total,Sector privat,Iasi,1997,Kilograme,2597.0
Grau - total,Sector privat,Alba,1997,Kilograme,2856.0
Grau - total,din care: Exploatatii agricole individuale,Iasi,1997,Kilograme,2453.0
Grau - total,din care: Exploatatii agricole individuale,Alba,1997,Kilograme,2912.0
Grau - total,Sector privat,Hunedoara,1997,Kilograme,2649.0
Grau - total,Sector privat,Mun. Bucuresti -incl. SAI,1997,Kilograme,2558.0
Grau - total,din care: Exploatatii agricole individuale,Timis,1997,Kilograme,2586.0
Grau - total,din care: Exploatatii agricole individuale,Neamt,1997,Kilograme,2818.0
Grau - total,Sector privat,Vrancea,1997,Kilograme,2705.0
Grau - total,Sector privat,Neamt,1997,Kilograme,2864.0
Grau - total,din care: Exploatatii agricole individuale,Brasov,1997,Kilograme,2629.0
Grau - total,Sector privat,Brasov,1997,Kilograme,2727.0
Grau - total,Sector privat,Timis,1997,Kilograme,2660.0
Grau - total,Sector privat,Dolj,1997,Kilograme,2677.0
Grau - total,din care: Exploatatii agricole individuale,Giurgiu,1997,Kilograme,2586.0
Grau - total,din care: Exploatatii agricole individuale,Suceava,1997,Kilograme,2599.0
Grau - total,Sector privat,Dolj,1998,Kilograme,2305.0
Grau - total,din care: Exploatatii agricole individuale,Prahova,1998,Kilograme,2679.0
Grau - total,din care: Exploatatii agricole individuale,Suceava,1998,Kilograme,2548.0
Grau - total,din care: Exploatatii agricole individuale,Calarasi,1998,Kilograme,2399.0
Grau - total,Sector privat,Suceava,1998,Kilograme,2523.0
Grau - total,din care: Exploatatii agricole individuale,Covasna,1998,Kilograme,2998.0
Grau - total,din care: Exploatatii agricole individuale,Bihor,1998,Kilograme,2396.0
Grau - total,Sector privat,Covasna,1998,Kilograme,3019.0
Grau - total,Sector privat,Gorj,1998,Kilograme,2956.0
Grau - total,Sector privat,Bihor,1998,Kilograme,2466.0
Grau - total,din care: Exploatatii agricole individuale,Dambovita,1998,Kilograme,2487.0
Grau - total,Sector privat,Calarasi,1998,Kilograme,2513.0
Grau - total,din care: Exploatatii agricole individuale,Vaslui,1998,Kilograme,2495.0
Grau - total,Sector privat,Vaslui,1998,Kilograme,2396.0
Grau - total,din care: Exploatatii agricole individuale,Harghita,1998,Kilograme,2042.0
Grau - total,din care: Exploatatii agricole individuale,Bistrita-Nasaud,1998,Kilograme,2331.0
Grau - total,Sector privat,Mehedinti,1998,Kilograme,2817.0
Grau - total,Sector privat,Harghita,1998,Kilograme,2062.0
Grau - total,Sector privat,Bistrita-Nasaud,1998,Kilograme,2294.0
Grau - total,din care: Exploatatii agricole individuale,Olt,1998,Kilograme,2445.0
Grau - total,Sector privat,Dambovita,1998,Kilograme,2356.0
Grau - total,din care: Exploatatii agricole individuale,Gorj,1998,Kilograme,2973.0
Grau - total,din care: Exploatatii agricole individuale,Mehedinti,1998,Kilograme,2861.0
Grau - total,Sector privat,Braila,1998,Kilograme,2138.0
Grau - total,din care: Exploatatii agricole individuale,Cluj,1998,Kilograme,2401.0
Grau - total,din care: Exploatatii agricole individuale,Mures,1998,Kilograme,2222.0
Grau - total,Sector privat,Olt,1998,Kilograme,2376.0
Grau - total,Sector privat,Mures,1998,Kilograme,2205.0
Grau - total,Sector privat,Cluj,1998,Kilograme,2470.0
Grau - total,Sector privat,Giurgiu,1998,Kilograme,2230.0
Grau - total,din care: Exploatatii agricole individuale,Mun. Bucuresti -incl. SAI,1998,Kilograme,2637.0
Grau - total,din care: Exploatatii agricole individuale,Tulcea,1998,Kilograme,1538.0
Grau - total,din care: Exploatatii agricole individuale,Buzau,1998,Kilograme,2237.0
Grau - total,din care: Exploatatii agricole individuale,Valcea,1998,Kilograme,3054.0
Grau - total,Sector privat,Buzau,1998,Kilograme,2251.0
Grau - total,din care: Exploatatii agricole individuale,Maramures,1998,Kilograme,1933.0
Grau - total,din care: Exploatatii agricole individuale,Sibiu,1998,Kilograme,2419.0
Grau - total,Sector privat,Sibiu,1998,Kilograme,2213.0
Grau - total,Sector privat,Maramures,1998,Kilograme,1956.0
Grau - total,din care: Exploatatii agricole individuale,Braila,1998,Kilograme,1956.0
Grau - total,din care: Exploatatii agricole individuale,Ialomita,1998,Kilograme,2243.0
Grau - total,Sector privat,Valcea,1998,Kilograme,2820.0
Grau - total,Sector privat,Ialomita,1998,Kilograme,2362.0
Grau - total,din care: Exploatatii agricole individuale,Arad,1998,Kilograme,2353.0
Grau - total,Sector privat,Constanta,1998,Kilograme,2525.0
Grau - total,din care: Exploatatii agricole individuale,Teleorman,1998,Kilograme,2305.0
Grau - total,din care: Exploatatii agricole individuale,Dolj,1998,Kilograme,2290.0
Grau - total,Sector privat,Bacau,1998,Kilograme,2440.0
Grau - total,din care: Exploatatii agricole individuale,Satu Mare,1998,Kilograme,2081.0
Grau - total,din care: Exploatatii agricole individuale,Bacau,1998,Kilograme,2465.0
Grau - total,Sector privat,Satu Mare,1998,Kilograme,2283.0
Grau - total,Sector privat,Arad,1998,Kilograme,2514.0
Grau - total,din care: Exploatatii agricole individuale,Arges,1998,Kilograme,2339.0
Grau - total,Sector privat,Prahova,1998,Kilograme,2521.0
Grau - total,Sector privat,Galati,1998,Kilograme,1870.0
Grau - total,din care: Exploatatii agricole individuale,Caras-Severin,1998,Kilograme,2712.0
Grau - total,din care: Exploatatii agricole individuale,Constanta,1998,Kilograme,2474.0
Grau - total,Sector privat,Botosani,1998,Kilograme,2501.0
Grau - total,din care: Exploatatii agricole individuale,Botosani,1998,Kilograme,2670.0
Grau - total,din care: Exploatatii agricole individuale,Salaj,1998,Kilograme,2459.0
Grau - total,Sector privat,Salaj,1998,Kilograme,2441.0
Grau - total,Sector privat,Caras-Severin,1998,Kilograme,2710.0
Grau - total,din care: Exploatatii agricole individuale,Vrancea,1998,Kilograme,2369.0
Grau - total,Sector privat,Teleorman,1998,Kilograme,2473.0
Grau - total,Sector privat,Tulcea,1998,Kilograme,1651.0
Grau - total,din care: Exploatatii agricole individuale,Hunedoara,1998,Kilograme,2623.0
Grau - total,din care: Exploatatii agricole individuale,Galati,1998,Kilograme,1777.0
Grau - total,Sector privat,Iasi,1998,Kilograme,2860.0
Grau - total,Sector privat,Alba,1998,Kilograme,2334.0
Grau - total,din care: Exploatatii agricole individuale,Iasi,1998,Kilograme,2950.0
Grau - total,din care: Exploatatii agricole individuale,Alba,1998,Kilograme,2404.0
Grau - total,Sector privat,Hunedoara,1998,Kilograme,2598.0
Grau - total,din care: Exploatatii agricole individuale,Giurgiu,1998,Kilograme,2179.0
Grau - total,Sector privat,Mun. Bucuresti -incl. SAI,1998,Kilograme,2562.0
Grau - total,din care: Exploatatii agricole individuale,Timis,1998,Kilograme,3081.0
Grau - total,Sector privat,Vrancea,1998,Kilograme,2285.0
Grau - total,din care: Exploatatii agricole individuale,Neamt,1998,Kilograme,2275.0
Grau - total,Sector privat,Neamt,1998,Kilograme,2261.0
Grau - total,Sector privat,Brasov,1998,Kilograme,2708.0
Grau - total,din care: Exploatatii agricole individuale,Brasov,1998,Kilograme,2628.0
Grau - total,Sector privat,Timis,1998,Kilograme,3104.0
Grau - total,Sector privat,Arges,1998,Kilograme,2305.0
Grau - total,Sector privat,Dolj,1999,Kilograme,2600.0
Grau - total,din care: Exploatatii agricole individuale,Prahova,1999,Kilograme,2873.0
Grau - total,din care: Exploatatii agricole individuale,Suceava,1999,Kilograme,2553.0
Grau - total,Sector privat,Suceava,1999,Kilograme,2579.0
Grau - total,Sector privat,Covasna,1999,Kilograme,3207.0
Grau - total,din care: Exploatatii agricole individuale,Bihor,1999,Kilograme,2016.0
Grau - total,din care: Exploatatii agricole individuale,Calarasi,1999,Kilograme,3149.0
Grau - total,din care: Exploatatii agricole individuale,Covasna,1999,Kilograme,3225.0
Grau - total,Sector privat,Gorj,1999,Kilograme,2683.0
Grau - total,Sector privat,Bihor,1999,Kilograme,2080.0
Grau - total,din care: Exploatatii agricole individuale,Dambovita,1999,Kilograme,2604.0
Grau - total,din care: Exploatatii agricole individuale,Vaslui,1999,Kilograme,1971.0
Grau - total,Sector privat,Calarasi,1999,Kilograme,3282.0
Grau - total,Sector privat,Vaslui,1999,Kilograme,1934.0
Grau - total,din care: Exploatatii agricole individuale,Bistrita-Nasaud,1999,Kilograme,2277.0
Grau - total,din care: Exploatatii agricole individuale,Harghita,1999,Kilograme,2082.0
Grau - total,Sector privat,Harghita,1999,Kilograme,2180.0
Grau - total,Sector privat,Mehedinti,1999,Kilograme,2332.0
Grau - total,din care: Exploatatii agricole individuale,Olt,1999,Kilograme,2828.0
Grau - total,Sector privat,Bistrita-Nasaud,1999,Kilograme,2261.0
Grau - total,Sector privat,Dambovita,1999,Kilograme,2529.0
Grau - total,din care: Exploatatii agricole individuale,Constanta,1999,Kilograme,2754.0
Grau - total,din care: Exploatatii agricole individuale,Vrancea,1999,Kilograme,2919.0
Grau - total,din care: Exploatatii agricole individuale,Mures,1999,Kilograme,2301.0
Grau - total,din care: Exploatatii agricole individuale,Cluj,1999,Kilograme,2108.0
Grau - total,din care: Exploatatii agricole individuale,Mehedinti,1999,Kilograme,2343.0
Grau - total,Sector privat,Mures,1999,Kilograme,2183.0
Grau - total,Sector privat,Olt,1999,Kilograme,2769.0
Grau - total,Sector privat,Giurgiu,1999,Kilograme,2631.0
Grau - total,Sector privat,Cluj,1999,Kilograme,2236.0
Grau - total,din care: Exploatatii agricole individuale,Tulcea,1999,Kilograme,1912.0
Grau - total,din care: Exploatatii agricole individuale,Mun. Bucuresti -incl. SAI,1999,Kilograme,3241.0
Grau - total,din care: Exploatatii agricole individuale,Valcea,1999,Kilograme,3280.0
Grau - total,din care: Exploatatii agricole individuale,Buzau,1999,Kilograme,2672.0
Grau - total,Sector privat,Buzau,1999,Kilograme,2834.0
Grau - total,Sector privat,Sibiu,1999,Kilograme,2311.0
Grau - total,din care: Exploatatii agricole individuale,Maramures,1999,Kilograme,1977.0
Grau - total,din care: Exploatatii agricole individuale,Sibiu,1999,Kilograme,2414.0
Grau - total,din care: Exploatatii agricole individuale,Braila,1999,Kilograme,2651.0
Grau - total,Sector privat,Maramures,1999,Kilograme,2030.0
Grau - total,din care: Exploatatii agricole individuale,Ialomita,1999,Kilograme,3019.0
Grau - total,Sector privat,Valcea,1999,Kilograme,3021.0
Grau - total,Sector privat,Ialomita,1999,Kilograme,3116.0
Grau - total,Sector privat,Constanta,1999,Kilograme,2946.0
Grau - total,din care: Exploatatii agricole individuale,Arad,1999,Kilograme,2497.0
Grau - total,Sector privat,Bacau,1999,Kilograme,2708.0
Grau - total,din care: Exploatatii agricole individuale,Dolj,1999,Kilograme,2662.0
Grau - total,din care: Exploatatii agricole individuale,Satu Mare,1999,Kilograme,2385.0
Grau - total,din care: Exploatatii agricole individuale,Bacau,1999,Kilograme,2655.0
Grau - total,Sector privat,Satu Mare,1999,Kilograme,2614.0
Grau - total,din care: Exploatatii agricole individuale,Arges,1999,Kilograme,2125.0
Grau - total,Sector privat,Arad,1999,Kilograme,2626.0
Grau - total,Sector privat,Prahova,1999,Kilograme,2807.0
Grau - total,din care: Exploatatii agricole individuale,Teleorman,1999,Kilograme,2735.0
Grau - total,Sector privat,Galati,1999,Kilograme,2390.0
Grau - total,din care: Exploatatii agricole individuale,Caras-Severin,1999,Kilograme,2703.0
Grau - total,Sector privat,Botosani,1999,Kilograme,2308.0
Grau - total,din care: Exploatatii agricole individuale,Salaj,1999,Kilograme,2114.0
Grau - total,din care: Exploatatii agricole individuale,Botosani,1999,Kilograme,2460.0
Grau - total,Sector privat,Salaj,1999,Kilograme,2095.0
Grau - total,Sector privat,Caras-Severin,1999,Kilograme,2694.0
Grau - total,din care: Exploatatii agricole individuale,Gorj,1999,Kilograme,2696.0
Grau - total,Sector privat,Braila,1999,Kilograme,2784.0
Grau - total,Sector privat,Teleorman,1999,Kilograme,2795.0
Grau - total,Sector privat,Tulcea,1999,Kilograme,2044.0
Grau - total,Sector privat,Iasi,1999,Kilograme,2539.0
Grau - total,din care: Exploatatii agricole individuale,Hunedoara,1999,Kilograme,2614.0
Grau - total,din care: Exploatatii agricole individuale,Galati,1999,Kilograme,2287.0
Grau - total,din care: Exploatatii agricole individuale,Giurgiu,1999,Kilograme,2710.0
Grau - total,Sector privat,Alba,1999,Kilograme,2278.0
Grau - total,din care: Exploatatii agricole individuale,Alba,1999,Kilograme,2411.0
Grau - total,din care: Exploatatii agricole individuale,Iasi,1999,Kilograme,2509.0
Grau - total,Sector privat,Hunedoara,1999,Kilograme,2551.0
Grau - total,Sector privat,Mun. Bucuresti -incl. SAI,1999,Kilograme,3116.0
Grau - total,din care: Exploatatii agricole individuale,Timis,1999,Kilograme,2645.0
Grau - total,Sector privat,Vrancea,1999,Kilograme,2864.0
Grau - total,Sector privat,Neamt,1999,Kilograme,2779.0
Grau - total,din care: Exploatatii agricole individuale,Neamt,1999,Kilograme,2771.0
Grau - total,din care: Exploatatii agricole individuale,Brasov,1999,Kilograme,2874.0
Grau - total,Sector privat,Brasov,1999,Kilograme,2928.0
Grau - total,Sector privat,Timis,1999,Kilograme,2701.0
Grau - total,Sector privat,Arges,1999,Kilograme,1984.0
Grau - total,din care: Exploatatii agricole individuale,Constanta,2000,Kilograme,2277.0
Grau - total,Sector privat,Olt,2000,Kilograme,2394.0
Grau - total,Sector privat,Buzau,2000,Kilograme,2392.0
Grau - total,Sector privat,Harghita,2000,Kilograme,1884.0
Grau - total,Sector privat,Municipiul Bucuresti,2000,Kilograme,2585.0
Grau - total,Sector privat,Bistrita-Nasaud,2000,Kilograme,1792.0
Grau - total,din care: Exploatatii agricole individuale,Brasov,2000,Kilograme,2579.0
Grau - total,din care: Exploatatii agricole individuale,Giurgiu,2000,Kilograme,2159.0
Grau - total,Sector privat,Arges,2000,Kilograme,2125.0
Grau - total,din care: Exploatatii agricole individuale,Sibiu,2000,Kilograme,2156.0
Grau - total,din care: Exploatatii agricole individuale,Dambovita,2000,Kilograme,1742.0
Grau - total,din care: Exploatatii agricole individuale,Galati,2000,Kilograme,1101.0
Grau - total,Sector privat,Bihor,2000,Kilograme,2082.0
Grau - total,din care: Exploatatii agricole individuale,Satu Mare,2000,Kilograme,2141.0
Grau - total,din care: Exploatatii agricole individuale,Alba,2000,Kilograme,2057.0
Grau - total,din care: Exploatatii agricole individuale,Vaslui,2000,Kilograme,1034.0
Grau - total,din care: Exploatatii agricole individuale,Suceava,2000,Kilograme,2103.0
Grau - total,din care: Exploatatii agricole individuale,Arges,2000,Kilograme,1938.0
Grau - total,din care: Exploatatii agricole individuale,Bacau,2000,Kilograme,1683.0
Grau - total,din care: Exploatatii agricole individuale,Prahova,2000,Kilograme,1687.0
Grau - total,din care: Exploatatii agricole individuale,Harghita,2000,Kilograme,1848.0
Grau - total,Sector privat,Hunedoara,2000,Kilograme,2532.0
Grau - total,din care: Exploatatii agricole individuale,Salaj,2000,Kilograme,1953.0
Grau - total,Sector privat,Suceava,2000,Kilograme,2115.0
Grau - total,din care: Exploatatii agricole individuale,Teleorman,2000,Kilograme,2103.0
Grau - total,Sector privat,Caras-Severin,2000,Kilograme,2997.0
Grau - total,din care: Exploatatii agricole individuale,Hunedoara,2000,Kilograme,2525.0
Grau - total,Sector privat,Covasna,2000,Kilograme,2877.0
Grau - total,din care: Exploatatii agricole individuale,Ilfov,2000,Kilograme,2229.0
Grau - total,Sector privat,Mures,2000,Kilograme,2086.0
Grau - total,Sector privat,Timis,2000,Kilograme,2437.0
Grau - total,Sector privat,Dolj,2000,Kilograme,1699.0
Grau - total,din care: Exploatatii agricole individuale,Neamt,2000,Kilograme,2085.0
Grau - total,Sector privat,Cluj,2000,Kilograme,1660.0
Grau - total,din care: Exploatatii agricole individuale,Covasna,2000,Kilograme,2873.0
Grau - total,Sector privat,Ilfov,2000,Kilograme,2347.0
Grau - total,Sector privat,Calarasi,2000,Kilograme,3108.0
Grau - total,din care: Exploatatii agricole individuale,Valcea,2000,Kilograme,2662.0
Grau - total,din care: Exploatatii agricole individuale,Timis,2000,Kilograme,2400.0
Grau - total,din care: Exploatatii agricole individuale,Municipiul Bucuresti,2000,Kilograme,2361.0
Grau - total,din care: Exploatatii agricole individuale,Mehedinti,2000,Kilograme,1877.0
Grau - total,din care: Exploatatii agricole individuale,Bihor,2000,Kilograme,2022.0
Grau - total,Sector privat,Gorj,2000,Kilograme,2398.0
Grau - total,Sector privat,Sibiu,2000,Kilograme,2080.0
Grau - total,din care: Exploatatii agricole individuale,Tulcea,2000,Kilograme,1050.0
Grau - total,Sector privat,Maramures,2000,Kilograme,1821.0
Grau - total,Sector privat,Dambovita,2000,Kilograme,1747.0
Grau - total,din care: Exploatatii agricole individuale,Calarasi,2000,Kilograme,2845.0
Grau - total,din care: Exploatatii agricole individuale,Botosani,2000,Kilograme,1465.0
Grau - total,din care: Exploatatii agricole individuale,Bistrita-Nasaud,2000,Kilograme,1787.0
Grau - total,Sector privat,Mehedinti,2000,Kilograme,1883.0
Grau - total,Sector privat,Bacau,2000,Kilograme,1822.0
Grau - total,din care: Exploatatii agricole individuale,Vrancea,2000,Kilograme,2220.0
Grau - total,Sector privat,Vaslui,2000,Kilograme,1061.0
Grau - total,Sector privat,Braila,2000,Kilograme,2145.0
Grau - total,din care: Exploatatii agricole individuale,Buzau,2000,Kilograme,2238.0
Grau - total,Sector privat,Satu Mare,2000,Kilograme,2437.0
Grau - total,din care: Exploatatii agricole individuale,Olt,2000,Kilograme,2417.0
Grau - total,Sector privat,Giurgiu,2000,Kilograme,2331.0
Grau - total,din care: Exploatatii agricole individuale,Arad,2000,Kilograme,2030.0
Grau - total,din care: Exploatatii agricole individuale,Caras-Severin,2000,Kilograme,3008.0
Grau - total,din care: Exploatatii agricole individuale,Ialomita,2000,Kilograme,2474.0
Grau - total,Sector privat,Tulcea,2000,Kilograme,1131.0
Grau - total,din care: Exploatatii agricole individuale,Cluj,2000,Kilograme,1604.0
Grau - total,Sector privat,Teleorman,2000,Kilograme,2280.0
Grau - total,din care: Exploatatii agricole individuale,Iasi,2000,Kilograme,1716.0
Grau - total,Sector privat,Botosani,2000,Kilograme,1388.0
Grau - total,Sector privat,Constanta,2000,Kilograme,2426.0
Grau - total,din care: Exploatatii agricole individuale,Mures,2000,Kilograme,2141.0
Grau - total,Sector privat,Ialomita,2000,Kilograme,2720.0
Grau - total,din care: Exploatatii agricole individuale,Dolj,2000,Kilograme,1661.0
Grau - total,din care: Exploatatii agricole individuale,Braila,2000,Kilograme,1937.0
Grau - total,Sector privat,Salaj,2000,Kilograme,1945.0
Grau - total,Sector privat,Iasi,2000,Kilograme,1873.0
Grau - total,Sector privat,Valcea,2000,Kilograme,2602.0
Grau - total,din care: Exploatatii agricole individuale,Maramures,2000,Kilograme,1790.0
Grau - total,Sector privat,Alba,2000,Kilograme,2120.0
Grau - total,Sector privat,Prahova,2000,Kilograme,1836.0
Grau - total,Sector privat,Galati,2000,Kilograme,1445.0
Grau - total,Sector privat,Arad,2000,Kilograme,2202.0
Grau - total,Sector privat,Neamt,2000,Kilograme,2168.0
Grau - total,Sector privat,Vrancea,2000,Kilograme,2234.0
Grau - total,Sector privat,Brasov,2000,Kilograme,2637.0
Grau - total,din care: Exploatatii agricole individuale,Gorj,2000,Kilograme,2400.0
Grau - total,Sector privat,Harghita,2001,Kilograme,2732.0
Grau - total,Sector privat,Brasov,2001,Kilograme,3336.0
Grau - total,Sector privat,Municipiul Bucuresti,2001,Kilograme,3616.0
Grau - total,din care: Exploatatii agricole individuale,Brasov,2001,Kilograme,3225.0
Grau - total,din care: Exploatatii agricole individuale,Giurgiu,2001,Kilograme,3160.0
Grau - total,Sector privat,Arges,2001,Kilograme,3542.0
Grau - total,din care: Exploatatii agricole individuale,Sibiu,2001,Kilograme,2646.0
Grau - total,din care: Exploatatii agricole individuale,Dambovita,2001,Kilograme,3522.0
Grau - total,Sector privat,Timis,2001,Kilograme,3724.0
Grau - total,Sector privat,Mures,2001,Kilograme,3057.0
Grau - total,Sector privat,Bihor,2001,Kilograme,3080.0
Grau - total,Sector privat,Arad,2001,Kilograme,3108.0
Grau - total,Sector privat,Ilfov,2001,Kilograme,3028.0
Grau - total,Sector privat,Dolj,2001,Kilograme,2841.0
Grau - total,din care: Exploatatii agricole individuale,Ilfov,2001,Kilograme,3163.0
Grau - total,din care: Exploatatii agricole individuale,Neamt,2001,Kilograme,3171.0
Grau - total,Sector privat,Cluj,2001,Kilograme,2713.0
Grau - total,Sector privat,Constanta,2001,Kilograme,1717.0
Grau - total,din care: Exploatatii agricole individuale,Covasna,2001,Kilograme,3742.0
Grau - total,din care: Exploatatii agricole individuale,Alba,2001,Kilograme,2710.0
Grau - total,Sector privat,Calarasi,2001,Kilograme,3899.0
Grau - total,Sector privat,Bistrita-Nasaud,2001,Kilograme,2593.0
Grau - total,din care: Exploatatii agricole individuale,Galati,2001,Kilograme,2384.0
Grau - total,din care: Exploatatii agricole individuale,Municipiul Bucuresti,2001,Kilograme,3591.0
Grau - total,din care: Exploatatii agricole individuale,Bihor,2001,Kilograme,2976.0
Grau - total,din care: Exploatatii agricole individuale,Mehedinti,2001,Kilograme,3396.0
Grau - total,Sector privat,Gorj,2001,Kilograme,3275.0
Grau - total,Sector privat,Sibiu,2001,Kilograme,2573.0
Grau - total,din care: Exploatatii agricole individuale,Tulcea,2001,Kilograme,1624.0
Grau - total,din care: Exploatatii agricole individuale,Calarasi,2001,Kilograme,4376.0
Grau - total,Sector privat,Dambovita,2001,Kilograme,3350.0
Grau - total,Sector privat,Maramures,2001,Kilograme,2552.0
Grau - total,din care: Exploatatii agricole individuale,Bistrita-Nasaud,2001,Kilograme,2594.0
Grau - total,din care: Exploatatii agricole individuale,Botosani,2001,Kilograme,2357.0
Grau - total,Sector privat,Mehedinti,2001,Kilograme,3357.0
Grau - total,Sector privat,Bacau,2001,Kilograme,2976.0
Grau - total,din care: Exploatatii agricole individuale,Vrancea,2001,Kilograme,2944.0
Grau - total,Sector privat,Braila,2001,Kilograme,2692.0
Grau - total,din care: Exploatatii agricole individuale,Buzau,2001,Kilograme,3253.0
Grau - total,Sector privat,Satu Mare,2001,Kilograme,3433.0
Grau - total,din care: Exploatatii agricole individuale,Mures,2001,Kilograme,3183.0
Grau - total,din care: Exploatatii agricole individuale,Olt,2001,Kilograme,3676.0
Grau - total,din care: Exploatatii agricole individuale,Ialomita,2001,Kilograme,2664.0
Grau - total,din care: Exploatatii agricole individuale,Caras-Severin,2001,Kilograme,3271.0
Grau - total,Sector privat,Giurgiu,2001,Kilograme,3104.0
Grau - total,Sector privat,Tulcea,2001,Kilograme,1769.0
Grau - total,Sector privat,Buzau,2001,Kilograme,2897.0
Grau - total,din care: Exploatatii agricole individuale,Cluj,2001,Kilograme,2714.0
Grau - total,Sector privat,Vaslui,2001,Kilograme,2816.0
Grau - total,din care: Exploatatii agricole individuale,Iasi,2001,Kilograme,2943.0
Grau - total,Sector privat,Olt,2001,Kilograme,3595.0
Grau - total,Sector privat,Botosani,2001,Kilograme,2211.0
Grau - total,Sector privat,Ialomita,2001,Kilograme,2647.0
Grau - total,Sector privat,Salaj,2001,Kilograme,2713.0
Grau - total,din care: Exploatatii agricole individuale,Dolj,2001,Kilograme,2916.0
Grau - total,din care: Exploatatii agricole individuale,Braila,2001,Kilograme,2628.0
Grau - total,Sector privat,Iasi,2001,Kilograme,2995.0
Grau - total,Sector privat,Valcea,2001,Kilograme,4184.0
Grau - total,din care: Exploatatii agricole individuale,Maramures,2001,Kilograme,2519.0
Grau - total,Sector privat,Alba,2001,Kilograme,2632.0
Grau - total,Sector privat,Prahova,2001,Kilograme,2732.0
Grau - total,din care: Exploatatii agricole individuale,Satu Mare,2001,Kilograme,3142.0
Grau - total,Sector privat,Galati,2001,Kilograme,2510.0
Grau - total,Sector privat,Neamt,2001,Kilograme,3224.0
Grau - total,Sector privat,Hunedoara,2001,Kilograme,2841.0
Grau - total,Sector privat,Teleorman,2001,Kilograme,3499.0
Grau - total,Sector privat,Vrancea,2001,Kilograme,2905.0
Grau - total,din care: Exploatatii agricole individuale,Harghita,2001,Kilograme,2692.0
Grau - total,din care: Exploatatii agricole individuale,Arad,2001,Kilograme,3057.0
Grau - total,din care: Exploatatii agricole individuale,Vaslui,2001,Kilograme,2835.0
Grau - total,din care: Exploatatii agricole individuale,Suceava,2001,Kilograme,2856.0
Grau - total,din care: Exploatatii agricole individuale,Arges,2001,Kilograme,3534.0
Grau - total,din care: Exploatatii agricole individuale,Prahova,2001,Kilograme,2782.0
Grau - total,din care: Exploatatii agricole individuale,Bacau,2001,Kilograme,3030.0
Grau - total,din care: Exploatatii agricole individuale,Gorj,2001,Kilograme,3275.0
Grau - total,din care: Exploatatii agricole individuale,Salaj,2001,Kilograme,2726.0
Grau - total,din care: Exploatatii agricole individuale,Teleorman,2001,Kilograme,3603.0
Grau - total,Sector privat,Caras-Severin,2001,Kilograme,3261.0
Grau - total,Sector privat,Suceava,2001,Kilograme,2900.0
Grau - total,din care: Exploatatii agricole individuale,Hunedoara,2001,Kilograme,2883.0
Grau - total,Sector privat,Covasna,2001,Kilograme,3739.0
Grau - total,din care: Exploatatii agricole individuale,Valcea,2001,Kilograme,4241.0
Grau - total,din care: Exploatatii agricole individuale,Constanta,2001,Kilograme,1710.0
Grau - total,din care: Exploatatii agricole individuale,Timis,2001,Kilograme,3765.0
Grau - total,Sector privat,Harghita,2002,Kilograme,2228.0
Grau - total,Sector privat,Neamt,2002,Kilograme,2916.0
Grau - total,Sector privat,Bistrita-Nasaud,2002,Kilograme,2567.0
Grau - total,Sector privat,Municipiul Bucuresti,2002,Kilograme,786.0
Grau - total,Sector privat,Galati,2002,Kilograme,1966.0
Grau - total,din care: Exploatatii agricole individuale,Sibiu,2002,Kilograme,2900.0
Grau - total,Sector privat,Arges,2002,Kilograme,1698.0
Grau - total,din care: Exploatatii agricole individuale,Brasov,2002,Kilograme,2583.0
Grau - total,din care: Exploatatii agricole individuale,Dambovita,2002,Kilograme,1811.0
Grau - total,Sector privat,Covasna,2002,Kilograme,3386.0
Grau - total,Sector privat,Alba,2002,Kilograme,3000.0
Grau - total,Sector privat,Braila,2002,Kilograme,2476.0
Grau - total,Sector privat,Timis,2002,Kilograme,3248.0
Grau - total,Sector privat,Mures,2002,Kilograme,2762.0
Grau - total,din care: Exploatatii agricole individuale,Buzau,2002,Kilograme,443.0
Grau - total,Sector privat,Dolj,2002,Kilograme,230.0
Grau - total,Sector privat,Cluj,2002,Kilograme,2911.0
Grau - total,Sector privat,Ilfov,2002,Kilograme,1670.0
Grau - total,din care: Exploatatii agricole individuale,Timis,2002,Kilograme,3567.0
Grau - total,Sector privat,Calarasi,2002,Kilograme,1729.0
Grau - total,din care: Exploatatii agricole individuale,Municipiul Bucuresti,2002,Kilograme,1174.0
Grau - total,din care: Exploatatii agricole individuale,Bacau,2002,Kilograme,2719.0
Grau - total,din care: Exploatatii agricole individuale,Bihor,2002,Kilograme,2760.0
Grau - total,din care: Exploatatii agricole individuale,Mehedinti,2002,Kilograme,2737.0
Grau - total,din care: Exploatatii agricole individuale,Covasna,2002,Kilograme,3374.0
Grau - total,Sector privat,Gorj,2002,Kilograme,1011.0
Grau - total,din care: Exploatatii agricole individuale,Harghita,2002,Kilograme,2242.0
Grau - total,Sector privat,Sibiu,2002,Kilograme,2651.0
Grau - total,Sector privat,Constanta,2002,Kilograme,1814.0
Grau - total,Sector privat,Dambovita,2002,Kilograme,1674.0
Grau - total,Sector privat,Maramures,2002,Kilograme,2366.0
Grau - total,din care: Exploatatii agricole individuale,Bistrita-Nasaud,2002,Kilograme,2557.0
Grau - total,Sector privat,Mehedinti,2002,Kilograme,2549.0
Grau - total,din care: Exploatatii agricole individuale,Botosani,2002,Kilograme,3030.0
Grau - total,din care: Exploatatii agricole individuale,Tulcea,2002,Kilograme,2000.0
Grau - total,Sector privat,Bacau,2002,Kilograme,2774.0
Grau - total,din care: Exploatatii agricole individuale,Mures,2002,Kilograme,2848.0
Grau - total,din care: Exploatatii agricole individuale,Galati,2002,Kilograme,1773.0
Grau - total,din care: Exploatatii agricole individuale,Calarasi,2002,Kilograme,1279.0
Grau - total,Sector privat,Satu Mare,2002,Kilograme,3345.0
Grau - total,din care: Exploatatii agricole individuale,Olt,2002,Kilograme,1250.0
Grau - total,din care: Exploatatii agricole individuale,Ilfov,2002,Kilograme,2887.0
Grau - total,din care: Exploatatii agricole individuale,Ialomita,2002,Kilograme,1923.0
Grau - total,Sector privat,Giurgiu,2002,Kilograme,1561.0
Grau - total,din care: Exploatatii agricole individuale,Caras-Severin,2002,Kilograme,2889.0
Grau - total,Sector privat,Tulcea,2002,Kilograme,2078.0
Grau - total,Sector privat,Vaslui,2002,Kilograme,2235.0
Grau - total,Sector privat,Buzau,2002,Kilograme,557.0
Grau - total,din care: Exploatatii agricole individuale,Cluj,2002,Kilograme,2852.0
Grau - total,Sector privat,Olt,2002,Kilograme,1173.0
Grau - total,Sector privat,Botosani,2002,Kilograme,2797.0
Grau - total,Sector privat,Ialomita,2002,Kilograme,1372.0
Grau - total,Sector privat,Salaj,2002,Kilograme,2492.0
Grau - total,din care: Exploatatii agricole individuale,Dolj,2002,Kilograme,197.0
Grau - total,Sector privat,Iasi,2002,Kilograme,2869.0
Grau - total,din care: Exploatatii agricole individuale,Iasi,2002,Kilograme,2861.0
Grau - total,Sector privat,Valcea,2002,Kilograme,1169.0
Grau - total,din care: Exploatatii agricole individuale,Vrancea,2002,Kilograme,1292.0
Grau - total,din care: Exploatatii agricole individuale,Maramures,2002,Kilograme,2337.0
Grau - total,din care: Exploatatii agricole individuale,Giurgiu,2002,Kilograme,1141.0
Grau - total,din care: Exploatatii agricole individuale,Hunedoara,2002,Kilograme,2985.0
Grau - total,Sector privat,Prahova,2002,Kilograme,686.0
Grau - total,din care: Exploatatii agricole individuale,Satu Mare,2002,Kilograme,3194.0
Grau - total,Sector privat,Arad,2002,Kilograme,2531.0
Grau - total,Sector privat,Hunedoara,2002,Kilograme,2847.0
Grau - total,din care: Exploatatii agricole individuale,Arges,2002,Kilograme,1830.0
Grau - total,Sector privat,Brasov,2002,Kilograme,2587.0
Grau - total,din care: Exploatatii agricole individuale,Arad,2002,Kilograme,2601.0
Grau - total,Sector privat,Vrancea,2002,Kilograme,1363.0
Grau - total,din care: Exploatatii agricole individuale,Vaslui,2002,Kilograme,2264.0
Grau - total,Sector privat,Teleorman,2002,Kilograme,2191.0
Grau - total,din care: Exploatatii agricole individuale,Suceava,2002,Kilograme,2987.0
Grau - total,din care: Exploatatii agricole individuale,Braila,2002,Kilograme,2771.0
Grau - total,din care: Exploatatii agricole individuale,Gorj,2002,Kilograme,1008.0
Grau - total,din care: Exploatatii agricole individuale,Salaj,2002,Kilograme,2510.0
Grau - total,din care: Exploatatii agricole individuale,Teleorman,2002,Kilograme,2425.0
Grau - total,Sector privat,Caras-Severin,2002,Kilograme,2875.0
Grau - total,din care: Exploatatii agricole individuale,Constanta,2002,Kilograme,1759.0
Grau - total,Sector privat,Suceava,2002,Kilograme,3005.0
Grau - total,din care: Exploatatii agricole individuale,Valcea,2002,Kilograme,1257.0
Grau - total,Sector privat,Bihor,2002,Kilograme,2697.0
Grau - total,din care: Exploatatii agricole individuale,Alba,2002,Kilograme,3266.0
Grau - total,din care: Exploatatii agricole individuale,Prahova,2002,Kilograme,565.0
Grau - total,din care: Exploatatii agricole individuale,Neamt,2002,Kilograme,2895.0
Grau - total,Sector privat,Hunedoara,2003,Kilograme,2539.0
Grau - total,Sector privat,Neamt,2003,Kilograme,1001.0
Grau - total,Sector privat,Bistrita-Nasaud,2003,Kilograme,2208.0
Grau - total,din care: Exploatatii agricole individuale,Bacau,2003,Kilograme,1235.0
Grau - total,Sector privat,Municipiul Bucuresti,2003,Kilograme,117.0
Grau - total,Sector privat,Arges,2003,Kilograme,1111.0
Grau - total,din care: Exploatatii agricole individuale,Brasov,2003,Kilograme,2463.0
Grau - total,din care: Exploatatii agricole individuale,Sibiu,2003,Kilograme,2835.0
Grau - total,din care: Exploatatii agricole individuale,Braila,2003,Kilograme,278.0
Grau - total,Sector privat,Covasna,2003,Kilograme,2455.0
Grau - total,din care: Exploatatii agricole individuale,Dambovita,2003,Kilograme,1284.0
Grau - total,Sector privat,Mures,2003,Kilograme,2457.0
Grau - total,Sector privat,Timis,2003,Kilograme,3335.0
Grau - total,Sector privat,Braila,2003,Kilograme,795.0
Grau - total,Sector privat,Dolj,2003,Kilograme,1442.0
Grau - total,din care: Exploatatii agricole individuale,Buzau,2003,Kilograme,33.0
Grau - total,Sector privat,Ilfov,2003,Kilograme,755.0
Grau - total,din care: Exploatatii agricole individuale,Timis,2003,Kilograme,3982.0
Grau - total,Sector privat,Galati,2003,Kilograme,835.0
Grau - total,Sector privat,Calarasi,2003,Kilograme,368.0
Grau - total,din care: Exploatatii agricole individuale,Arad,2003,Kilograme,2612.0
Grau - total,Sector privat,Harghita,2003,Kilograme,1637.0
Grau - total,din care: Exploatatii agricole individuale,Bihor,2003,Kilograme,3114.0
Grau - total,din care: Exploatatii agricole individuale,Neamt,2003,Kilograme,1020.0
Grau - total,din care: Exploatatii agricole individuale,Covasna,2003,Kilograme,2451.0
Grau - total,din care: Exploatatii agricole individuale,Mehedinti,2003,Kilograme,2508.0
Grau - total,din care: Exploatatii agricole individuale,Harghita,2003,Kilograme,1756.0
Grau - total,Sector privat,Sibiu,2003,Kilograme,2577.0
Grau - total,Sector privat,Gorj,2003,Kilograme,2006.0
Grau - total,Sector privat,Dambovita,2003,Kilograme,1185.0
Grau - total,Sector privat,Maramures,2003,Kilograme,2019.0
Grau - total,din care: Exploatatii agricole individuale,Botosani,2003,Kilograme,136.0
Grau - total,din care: Exploatatii agricole individuale,Bistrita-Nasaud,2003,Kilograme,2233.0
Grau - total,din care: Exploatatii agricole individuale,Tulcea,2003,Kilograme,682.0
Grau - total,Sector privat,Mehedinti,2003,Kilograme,2430.0
Grau - total,Sector privat,Bacau,2003,Kilograme,1323.0
Grau - total,din care: Exploatatii agricole individuale,Mures,2003,Kilograme,2544.0
Grau - total,din care: Exploatatii agricole individuale,Calarasi,2003,Kilograme,124.0
Grau - total,din care: Exploatatii agricole individuale,Galati,2003,Kilograme,1071.0
Grau - total,din care: Exploatatii agricole individuale,Olt,2003,Kilograme,957.0
Grau - total,Sector privat,Satu Mare,2003,Kilograme,2854.0
Grau - total,din care: Exploatatii agricole individuale,Ilfov,2003,Kilograme,1200.0
Grau - total,din care: Exploatatii agricole individuale,Ialomita,2003,Kilograme,30.0
Grau - total,Sector privat,Giurgiu,2003,Kilograme,1100.0
Grau - total,Sector privat,Tulcea,2003,Kilograme,494.0
Grau - total,Sector privat,Vaslui,2003,Kilograme,771.0
Grau - total,Sector privat,Buzau,2003,Kilograme,48.0
Grau - total,din care: Exploatatii agricole individuale,Cluj,2003,Kilograme,2358.0
Grau - total,Sector privat,Olt,2003,Kilograme,936.0
Grau - total,Sector privat,Botosani,2003,Kilograme,168.0
Grau - total,din care: Exploatatii agricole individuale,Caras-Severin,2003,Kilograme,2659.0
Grau - total,Sector privat,Ialomita,2003,Kilograme,266.0
Grau - total,Sector privat,Salaj,2003,Kilograme,2211.0
Grau - total,din care: Exploatatii agricole individuale,Dolj,2003,Kilograme,1496.0
Grau - total,din care: Exploatatii agricole individuale,Iasi,2003,Kilograme,374.0
Grau - total,Sector privat,Constanta,2003,Kilograme,100.0
Grau - total,Sector privat,Valcea,2003,Kilograme,2220.0
Grau - total,Sector privat,Iasi,2003,Kilograme,488.0
Grau - total,din care: Exploatatii agricole individuale,Giurgiu,2003,Kilograme,1084.0
Grau - total,Sector privat,Suceava,2003,Kilograme,1307.0
Grau - total,din care: Exploatatii agricole individuale,Maramures,2003,Kilograme,1987.0
Grau - total,Sector privat,Alba,2003,Kilograme,2572.0
Grau - total,Sector privat,Prahova,2003,Kilograme,693.0
Grau - total,din care: Exploatatii agricole individuale,Satu Mare,2003,Kilograme,2796.0
Grau - total,din care: Exploatatii agricole individuale,Prahova,2003,Kilograme,704.0
Grau - total,Sector privat,Arad,2003,Kilograme,2684.0
Grau - total,din care: Exploatatii agricole individuale,Arges,2003,Kilograme,1258.0
Grau - total,din care: Exploatatii agricole individuale,Vaslui,2003,Kilograme,702.0
Grau - total,din care: Exploatatii agricole individuale,Suceava,2003,Kilograme,1310.0
Grau - total,Sector privat,Teleorman,2003,Kilograme,712.0
Grau - total,Sector privat,Brasov,2003,Kilograme,2427.0
Grau - total,din care: Exploatatii agricole individuale,Valcea,2003,Kilograme,2350.0
Grau - total,din care: Exploatatii agricole individuale,Salaj,2003,Kilograme,2225.0
Grau - total,din care: Exploatatii agricole individuale,Gorj,2003,Kilograme,2011.0
Grau - total,Sector privat,Caras-Severin,2003,Kilograme,2641.0
Grau - total,din care: Exploatatii agricole individuale,Teleorman,2003,Kilograme,304.0
Grau - total,din care: Exploatatii agricole individuale,Hunedoara,2003,Kilograme,2647.0
Grau - total,din care: Exploatatii agricole individuale,Constanta,2003,Kilograme,50.0
Grau - total,Sector privat,Cluj,2003,Kilograme,2398.0
Grau - total,din care: Exploatatii agricole individuale,Vrancea,2003,Kilograme,913.0
Grau - total,din care: Exploatatii agricole individuale,Alba,2003,Kilograme,2940.0
Grau - total,Sector privat,Bihor,2003,Kilograme,2837.0
Grau - total,Sector privat,Vrancea,2003,Kilograme,879.0
Grau - total,din care: Exploatatii agricole individuale,Municipiul Bucuresti,2003,Kilograme,186.0
Grau - total,din care: Exploatatii agricole individuale,Prahova,2004,Kilograme,3554.0
Grau - total,din care: Exploatatii agricole individuale,Satu Mare,2004,Kilograme,3912.0
Grau - total,Sector privat,Hunedoara,2004,Kilograme,3699.0
Grau - total,Sector privat,Harghita,2004,Kilograme,2794.0
Grau - total,Sector privat,Bistrita-Nasaud,2004,Kilograme,3182.0
Grau - total,din care: Exploatatii agricole individuale,Bacau,2004,Kilograme,2837.0
Grau - total,din care: Exploatatii agricole individuale,Neamt,2004,Kilograme,2759.0
Grau - total,Sector privat,Municipiul Bucuresti,2004,Kilograme,2200.0
Grau - total,din care: Exploatatii agricole individuale,Dambovita,2004,Kilograme,3925.0
Grau - total,din care: Exploatatii agricole individuale,Brasov,2004,Kilograme,1977.0
Grau - total,Sector privat,Arges,2004,Kilograme,3838.0
Grau - total,Sector privat,Mures,2004,Kilograme,4014.0
Grau - total,din care: Exploatatii agricole individuale,Sibiu,2004,Kilograme,3614.0
Grau - total,Sector privat,Timis,2004,Kilograme,4611.0
Grau - total,din care: Exploatatii agricole individuale,Buzau,2004,Kilograme,2877.0
Grau - total,Sector privat,Suceava,2004,Kilograme,3018.0
Grau - total,Sector privat,Calarasi,2004,Kilograme,4130.0
Grau - total,Sector privat,Cluj,2004,Kilograme,3842.0
Grau - total,din care: Exploatatii agricole individuale,Timis,2004,Kilograme,5029.0
Grau - total,Sector privat,Galati,2004,Kilograme,2912.0
Grau - total,din care: Exploatatii agricole individuale,Arad,2004,Kilograme,2680.0
Grau - total,Sector privat,Vrancea,2004,Kilograme,3028.0
Grau - total,din care: Exploatatii agricole individuale,Mehedinti,2004,Kilograme,3636.0
Grau - total,din care: Exploatatii agricole individuale,Harghita,2004,Kilograme,2864.0
Grau - total,din care: Exploatatii agricole individuale,Covasna,2004,Kilograme,3806.0
Grau - total,Sector privat,Sibiu,2004,Kilograme,3492.0
Grau - total,din care: Exploatatii agricole individuale,Bihor,2004,Kilograme,3976.0
Grau - total,din care: Exploatatii agricole individuale,Caras-Severin,2004,Kilograme,3425.0
Grau - total,Sector privat,Gorj,2004,Kilograme,3515.0
Grau - total,Sector privat,Dambovita,2004,Kilograme,3795.0
Grau - total,Sector privat,Maramures,2004,Kilograme,3207.0
Grau - total,din care: Exploatatii agricole individuale,Botosani,2004,Kilograme,603.0
Grau - total,din care: Exploatatii agricole individuale,Tulcea,2004,Kilograme,3067.0
Grau - total,Sector privat,Bacau,2004,Kilograme,2975.0
Grau - total,din care: Exploatatii agricole individuale,Bistrita-Nasaud,2004,Kilograme,3172.0
Grau - total,din care: Exploatatii agricole individuale,Galati,2004,Kilograme,2501.0
Grau - total,din care: Exploatatii agricole individuale,Calarasi,2004,Kilograme,3474.0
Grau - total,Sector privat,Mehedinti,2004,Kilograme,3631.0
Grau - total,din care: Exploatatii agricole individuale,Ilfov,2004,Kilograme,3328.0
Grau - total,din care: Exploatatii agricole individuale,Olt,2004,Kilograme,3338.0
Grau - total,Sector privat,Satu Mare,2004,Kilograme,4199.0
Grau - total,din care: Exploatatii agricole individuale,Ialomita,2004,Kilograme,2819.0
Grau - total,Sector privat,Giurgiu,2004,Kilograme,3646.0
Grau - total,din care: Exploatatii agricole individuale,Teleorman,2004,Kilograme,3034.0
Grau - total,Sector privat,Tulcea,2004,Kilograme,3031.0
Grau - total,din care: Exploatatii agricole individuale,Cluj,2004,Kilograme,3791.0
Grau - total,Sector privat,Olt,2004,Kilograme,3313.0
Grau - total,Sector privat,Buzau,2004,Kilograme,2828.0
Grau - total,Sector privat,Botosani,2004,Kilograme,779.0
Grau - total,din care: Exploatatii agricole individuale,Vaslui,2004,Kilograme,1362.0
Grau - total,Sector privat,Salaj,2004,Kilograme,3131.0
Grau - total,Sector privat,Ialomita,2004,Kilograme,3125.0
Grau - total,din care: Exploatatii agricole individuale,Iasi,2004,Kilograme,1432.0
Grau - total,din care: Exploatatii agricole individuale,Dolj,2004,Kilograme,3132.0
Grau - total,din care: Exploatatii agricole individuale,Giurgiu,2004,Kilograme,3645.0
Grau - total,Sector privat,Valcea,2004,Kilograme,3385.0
Grau - total,din care: Exploatatii agricole individuale,Vrancea,2004,Kilograme,3093.0
Grau - total,din care: Exploatatii agricole individuale,Mures,2004,Kilograme,4063.0
Grau - total,din care: Exploatatii agricole individuale,Constanta,2004,Kilograme,2849.0
Grau - total,din care: Exploatatii agricole individuale,Maramures,2004,Kilograme,3176.0
Grau - total,Sector privat,Alba,2004,Kilograme,3493.0
Grau - total,Sector privat,Prahova,2004,Kilograme,3508.0
Grau - total,Sector privat,Braila,2004,Kilograme,3100.0
Grau - total,Sector privat,Neamt,2004,Kilograme,2775.0
Grau - total,din care: Exploatatii agricole individuale,Alba,2004,Kilograme,3534.0
Grau - total,din care: Exploatatii agricole individuale,Arges,2004,Kilograme,4178.0
Grau - total,Sector privat,Arad,2004,Kilograme,3342.0
Grau - total,din care: Exploatatii agricole individuale,Suceava,2004,Kilograme,3027.0
Grau - total,din care: Exploatatii agricole individuale,Braila,2004,Kilograme,2793.0
Grau - total,Sector privat,Brasov,2004,Kilograme,2214.0
Grau - total,Sector privat,Teleorman,2004,Kilograme,3230.0
Grau - total,Sector privat,Constanta,2004,Kilograme,3163.0
Grau - total,Sector privat,Vaslui,2004,Kilograme,2582.0
Grau - total,din care: Exploatatii agricole individuale,Valcea,2004,Kilograme,3445.0
Grau - total,din care: Exploatatii agricole individuale,Salaj,2004,Kilograme,3126.0
Grau - total,Sector privat,Caras-Severin,2004,Kilograme,3523.0
Grau - total,din care: Exploatatii agricole individuale,Gorj,2004,Kilograme,3508.0
Grau - total,Sector privat,Dolj,2004,Kilograme,3184.0
Grau - total,din care: Exploatatii agricole individuale,Hunedoara,2004,Kilograme,3703.0
Grau - total,Sector privat,Iasi,2004,Kilograme,1727.0
Grau - total,Sector privat,Covasna,2004,Kilograme,3856.0
Grau - total,Sector privat,Ilfov,2004,Kilograme,3391.0
Grau - total,Sector privat,Bihor,2004,Kilograme,3950.0
Grau - total,din care: Exploatatii agricole individuale,Municipiul Bucuresti,2004,Kilograme,2565.0
Grau - total,din care: Exploatatii agricole individuale,Vrancea,2005,Kilograme,2600.0
Grau - total,Sector privat,Ialomita,2005,Kilograme,2894.0
Grau - total,din care: Exploatatii agricole individuale,Bacau,2005,Kilograme,3184.0
Grau - total,Sector privat,Arad,2005,Kilograme,3030.0
Grau - total,din care: Exploatatii agricole individuale,Neamt,2005,Kilograme,2950.0
Grau - total,Sector privat,Brasov,2005,Kilograme,2619.0
Grau - total,din care: Exploatatii agricole individuale,Suceava,2005,Kilograme,2391.0
Grau - total,Sector privat,Braila,2005,Kilograme,3242.0
Grau - total,Sector privat,Teleorman,2005,Kilograme,2594.0
Grau - total,Sector privat,Constanta,2005,Kilograme,3382.0
Grau - total,din care: Exploatatii agricole individuale,Hunedoara,2005,Kilograme,2925.0
Grau - total,Sector privat,Alba,2005,Kilograme,2900.0
Grau - total,Sector privat,Covasna,2005,Kilograme,3159.0
Grau - total,din care: Exploatatii agricole individuale,Alba,2005,Kilograme,2909.0
Grau - total,Sector privat,Bihor,2005,Kilograme,3201.0
Grau - total,Sector privat,Ilfov,2005,Kilograme,2850.0
Grau - total,Sector privat,Vrancea,2005,Kilograme,2583.0
Grau - total,din care: Exploatatii agricole individuale,Braila,2005,Kilograme,3025.0
Grau - total,din care: Exploatatii agricole individuale,Prahova,2005,Kilograme,2875.0
Grau - total,Sector privat,Harghita,2005,Kilograme,2864.0
Grau - total,Sector privat,Hunedoara,2005,Kilograme,2797.0
Grau - total,din care: Exploatatii agricole individuale,Satu Mare,2005,Kilograme,3259.0
Grau - total,din care: Exploatatii agricole individuale,Mehedinti,2005,Kilograme,3141.0
Grau - total,din care: Exploatatii agricole individuale,Brasov,2005,Kilograme,2657.0
Grau - total,din care: Exploatatii agricole individuale,Tulcea,2005,Kilograme,2392.0
Grau - total,Sector privat,Municipiul Bucuresti,2005,Kilograme,1646.0
Grau - total,Sector privat,Arges,2005,Kilograme,2648.0
Grau - total,din care: Exploatatii agricole individuale,Dambovita,2005,Kilograme,3136.0
Grau - total,Sector privat,Mures,2005,Kilograme,3445.0
Grau - total,din care: Exploatatii agricole individuale,Sibiu,2005,Kilograme,3067.0
Grau - total,Sector privat,Timis,2005,Kilograme,3529.0
Grau - total,Sector privat,Suceava,2005,Kilograme,2437.0
Grau - total,Sector privat,Dolj,2005,Kilograme,3184.0
Grau - total,din care: Exploatatii agricole individuale,Municipiul Bucuresti,2005,Kilograme,2077.0
Grau - total,Sector privat,Cluj,2005,Kilograme,2962.0
Grau - total,din care: Exploatatii agricole individuale,Arad,2005,Kilograme,2972.0
Grau - total,Sector privat,Galati,2005,Kilograme,2668.0
Grau - total,Sector privat,Calarasi,2005,Kilograme,3213.0
Grau - total,din care: Exploatatii agricole individuale,Harghita,2005,Kilograme,2774.0
Grau - total,din care: Exploatatii agricole individuale,Covasna,2005,Kilograme,3143.0
Grau - total,din care: Exploatatii agricole individuale,Bihor,2005,Kilograme,3109.0
Grau - total,Sector privat,Gorj,2005,Kilograme,2898.0
Grau - total,Sector privat,Sibiu,2005,Kilograme,2982.0
Grau - total,din care: Exploatatii agricole individuale,Timis,2005,Kilograme,3594.0
Grau - total,din care: Exploatatii agricole individuale,Valcea,2005,Kilograme,3337.0
Grau - total,Sector privat,Maramures,2005,Kilograme,2468.0
Grau - total,Sector privat,Dambovita,2005,Kilograme,3114.0
Grau - total,din care: Exploatatii agricole individuale,Botosani,2005,Kilograme,2639.0
Grau - total,Sector privat,Bacau,2005,Kilograme,3082.0
Grau - total,din care: Exploatatii agricole individuale,Ilfov,2005,Kilograme,3079.0
Grau - total,din care: Exploatatii agricole individuale,Bistrita-Nasaud,2005,Kilograme,2907.0
Grau - total,Sector privat,Mehedinti,2005,Kilograme,3109.0
Grau - total,din care: Exploatatii agricole individuale,Olt,2005,Kilograme,2527.0
Grau - total,din care: Exploatatii agricole individuale,Ialomita,2005,Kilograme,2942.0
Grau - total,Sector privat,Satu Mare,2005,Kilograme,3677.0
Grau - total,Sector privat,Giurgiu,2005,Kilograme,2244.0
Grau - total,din care: Exploatatii agricole individuale,Calarasi,2005,Kilograme,3166.0
Grau - total,Sector privat,Tulcea,2005,Kilograme,2656.0
Grau - total,din care: Exploatatii agricole individuale,Teleorman,2005,Kilograme,2459.0
Grau - total,din care: Exploatatii agricole individuale,Arges,2005,Kilograme,2740.0
Grau - total,din care: Exploatatii agricole individuale,Cluj,2005,Kilograme,2923.0
Grau - total,Sector privat,Olt,2005,Kilograme,2551.0
Grau - total,Sector privat,Botosani,2005,Kilograme,2682.0
Grau - total,Sector privat,Salaj,2005,Kilograme,2848.0
Grau - total,din care: Exploatatii agricole individuale,Buzau,2005,Kilograme,2597.0
Grau - total,din care: Exploatatii agricole individuale,Galati,2005,Kilograme,2571.0
Grau - total,din care: Exploatatii agricole individuale,Iasi,2005,Kilograme,2721.0
Grau - total,din care: Exploatatii agricole individuale,Giurgiu,2005,Kilograme,2296.0
Grau - total,Sector privat,Iasi,2005,Kilograme,3079.0
Grau - total,din care: Exploatatii agricole individuale,Dolj,2005,Kilograme,3284.0
Grau - total,din care: Exploatatii agricole individuale,Maramures,2005,Kilograme,2457.0
Grau - total,Sector privat,Valcea,2005,Kilograme,3260.0
Grau - total,din care: Exploatatii agricole individuale,Vaslui,2005,Kilograme,3089.0
Grau - total,din care: Exploatatii agricole individuale,Mures,2005,Kilograme,3414.0
Grau - total,din care: Exploatatii agricole individuale,Constanta,2005,Kilograme,3292.0
Grau - total,Sector privat,Buzau,2005,Kilograme,2662.0
Grau - total,din care: Exploatatii agricole individuale,Caras-Severin,2005,Kilograme,2838.0
Grau - total,Sector privat,Prahova,2005,Kilograme,2694.0
Grau - total,Sector privat,Neamt,2005,Kilograme,3011.0
Grau - total,Sector privat,Vaslui,2005,Kilograme,3390.0
Grau - total,din care: Exploatatii agricole individuale,Salaj,2005,Kilograme,2853.0
Grau - total,din care: Exploatatii agricole individuale,Gorj,2005,Kilograme,2900.0
Grau - total,Sector privat,Caras-Severin,2005,Kilograme,2778.0
Grau - total,Sector privat,Bistrita-Nasaud,2005,Kilograme,2902.0
Grau - total,Sector privat,Arad,2006,Kilograme,3275.0
Grau - total,Sector privat,Olt,2006,Kilograme,2082.0
Grau - total,din care: Exploatatii agricole individuale,Suceava,2006,Kilograme,2788.0
Grau - total,Sector privat,Brasov,2006,Kilograme,2208.0
Grau - total,Sector privat,Teleorman,2006,Kilograme,2741.0
Grau - total,Sector privat,Constanta,2006,Kilograme,3513.0
Grau - total,din care: Exploatatii agricole individuale,Bacau,2006,Kilograme,2602.0
Grau - total,din care: Exploatatii agricole individuale,Salaj,2006,Kilograme,2211.0
Grau - total,Sector privat,Timis,2006,Kilograme,3082.0
Grau - total,din care: Exploatatii agricole individuale,Constanta,2006,Kilograme,3492.0
Grau - total,Sector privat,Iasi,2006,Kilograme,2689.0
Grau - total,din care: Exploatatii agricole individuale,Hunedoara,2006,Kilograme,2839.0
Grau - total,Sector privat,Suceava,2006,Kilograme,2784.0
Grau - total,Sector privat,Covasna,2006,Kilograme,3247.0
Grau - total,din care: Exploatatii agricole individuale,Alba,2006,Kilograme,2566.0
Grau - total,Sector privat,Bihor,2006,Kilograme,2828.0
Grau - total,Sector privat,Ilfov,2006,Kilograme,3199.0
Grau - total,Sector privat,Vrancea,2006,Kilograme,2528.0
Grau - total,din care: Exploatatii agricole individuale,Braila,2006,Kilograme,2800.0
Grau - total,din care: Exploatatii agricole individuale,Prahova,2006,Kilograme,2282.0
Grau - total,Sector privat,Hunedoara,2006,Kilograme,2837.0
Grau - total,din care: Exploatatii agricole individuale,Neamt,2006,Kilograme,2586.0
Grau - total,Sector privat,Bistrita-Nasaud,2006,Kilograme,2596.0
Grau - total,din care: Exploatatii agricole individuale,Mehedinti,2006,Kilograme,2562.0
Grau - total,Sector privat,Buzau,2006,Kilograme,2466.0
Grau - total,din care: Exploatatii agricole individuale,Brasov,2006,Kilograme,2137.0
Grau - total,Sector privat,Municipiul Bucuresti,2006,Kilograme,2086.0
Grau - total,Sector privat,Arges,2006,Kilograme,2768.0
Grau - total,din care: Exploatatii agricole individuale,Dambovita,2006,Kilograme,2659.0
Grau - total,din care: Exploatatii agricole individuale,Tulcea,2006,Kilograme,2420.0
Grau - total,Sector privat,Caras-Severin,2006,Kilograme,2734.0
Grau - total,din care: Exploatatii agricole individuale,Sibiu,2006,Kilograme,2552.0
Grau - total,din care: Exploatatii agricole individuale,Buzau,2006,Kilograme,2295.0
Grau - total,Sector privat,Mures,2006,Kilograme,2595.0
Grau - total,Sector privat,Dolj,2006,Kilograme,2470.0
Grau - total,Sector privat,Galati,2006,Kilograme,2465.0
Grau - total,Sector privat,Cluj,2006,Kilograme,2767.0
Grau - total,Sector privat,Calarasi,2006,Kilograme,3203.0
Grau - total,din care: Exploatatii agricole individuale,Arad,2006,Kilograme,3217.0
Grau - total,din care: Exploatatii agricole individuale,Municipiul Bucuresti,2006,Kilograme,2505.0
Grau - total,din care: Exploatatii agricole individuale,Caras-Severin,2006,Kilograme,2756.0
Grau - total,din care: Exploatatii agricole individuale,Bihor,2006,Kilograme,2763.0
Grau - total,din care: Exploatatii agricole individuale,Covasna,2006,Kilograme,3232.0
Grau - total,din care: Exploatatii agricole individuale,Harghita,2006,Kilograme,1970.0
Grau - total,Sector privat,Gorj,2006,Kilograme,2320.0
Grau - total,Sector privat,Sibiu,2006,Kilograme,2457.0
Grau - total,din care: Exploatatii agricole individuale,Valcea,2006,Kilograme,2705.0
Grau - total,din care: Exploatatii agricole individuale,Timis,2006,Kilograme,3270.0
Grau - total,Sector privat,Dambovita,2006,Kilograme,2512.0
Grau - total,Sector privat,Maramures,2006,Kilograme,2097.0
Grau - total,din care: Exploatatii agricole individuale,Botosani,2006,Kilograme,2527.0
Grau - total,Sector privat,Bacau,2006,Kilograme,2738.0
Grau - total,din care: Exploatatii agricole individuale,Bistrita-Nasaud,2006,Kilograme,2603.0
Grau - total,din care: Exploatatii agricole individuale,Olt,2006,Kilograme,1979.0
Grau - total,Sector privat,Mehedinti,2006,Kilograme,2725.0
Grau - total,din care: Exploatatii agricole individuale,Ilfov,2006,Kilograme,3606.0
Grau - total,din care: Exploatatii agricole individuale,Ialomita,2006,Kilograme,1957.0
Grau - total,Sector privat,Satu Mare,2006,Kilograme,3066.0
Grau - total,din care: Exploatatii agricole individuale,Calarasi,2006,Kilograme,2899.0
Grau - total,Sector privat,Giurgiu,2006,Kilograme,2415.0
Grau - total,Sector privat,Tulcea,2006,Kilograme,2600.0
Grau - total,din care: Exploatatii agricole individuale,Teleorman,2006,Kilograme,2541.0
Grau - total,din care: Exploatatii agricole individuale,Cluj,2006,Kilograme,2714.0
Grau - total,din care: Exploatatii agricole individuale,Arges,2006,Kilograme,2760.0
Grau - total,Sector privat,Vaslui,2006,Kilograme,3518.0
Grau - total,Sector privat,Botosani,2006,Kilograme,2517.0
Grau - total,din care: Exploatatii agricole individuale,Vaslui,2006,Kilograme,3115.0
Grau - total,Sector privat,Salaj,2006,Kilograme,2221.0
Grau - total,Sector privat,Ialomita,2006,Kilograme,2481.0
Grau - total,din care: Exploatatii agricole individuale,Galati,2006,Kilograme,1868.0
Grau - total,din care: Exploatatii agricole individuale,Iasi,2006,Kilograme,2557.0
Grau - total,din care: Exploatatii agricole individuale,Giurgiu,2006,Kilograme,2225.0
Grau - total,din care: Exploatatii agricole individuale,Maramures,2006,Kilograme,2087.0
Grau - total,din care: Exploatatii agricole individuale,Gorj,2006,Kilograme,2326.0
Grau - total,Sector privat,Valcea,2006,Kilograme,2690.0
Grau - total,din care: Exploatatii agricole individuale,Dolj,2006,Kilograme,2416.0
Grau - total,din care: Exploatatii agricole individuale,Mures,2006,Kilograme,2578.0
Grau - total,Sector privat,Alba,2006,Kilograme,2425.0
Grau - total,Sector privat,Prahova,2006,Kilograme,2271.0
Grau - total,Sector privat,Braila,2006,Kilograme,3711.0
Grau - total,din care: Exploatatii agricole individuale,Satu Mare,2006,Kilograme,2929.0
Grau - total,din care: Exploatatii agricole individuale,Vrancea,2006,Kilograme,2466.0
Grau - total,Sector privat,Neamt,2006,Kilograme,2665.0
Grau - total,Sector privat,Harghita,2006,Kilograme,1942.0
Grau - total,din care: Exploatatii agricole individuale,Bacau,2007,Kilograme,1711.0
Grau - total,Sector privat,Olt,2007,Kilograme,832.0
Grau - total,Sector privat,Neamt,2007,Kilograme,1979.0
Grau - total,Sector privat,Arad,2007,Kilograme,2630.0
Grau - total,Sector privat,Brasov,2007,Kilograme,2771.0
Grau - total,din care: Exploatatii agricole individuale,Neamt,2007,Kilograme,1905.0
Grau - total,din care: Exploatatii agricole individuale,Salaj,2007,Kilograme,2034.0
Grau - total,Sector privat,Teleorman,2007,Kilograme,1152.0
Grau - total,Sector privat,Arges,2007,Kilograme,1681.0
Grau - total,din care: Exploatatii agricole individuale,Gorj,2007,Kilograme,1570.0
Grau - total,din care: Exploatatii agricole individuale,Maramures,2007,Kilograme,2012.0
Grau - total,Sector privat,Caras-Severin,2007,Kilograme,2058.0
Grau - total,din care: Exploatatii agricole individuale,Teleorman,2007,Kilograme,1024.0
Grau - total,Sector privat,Suceava,2007,Kilograme,2953.0
Grau - total,Sector privat,Covasna,2007,Kilograme,2780.0
Grau - total,din care: Exploatatii agricole individuale,Covasna,2007,Kilograme,2705.0
Grau - total,Sector privat,Ilfov,2007,Kilograme,998.0
Grau - total,din care: Exploatatii agricole individuale,Alba,2007,Kilograme,2573.0
Grau - total,Sector privat,Bihor,2007,Kilograme,2270.0
Grau - total,din care: Exploatatii agricole individuale,Mehedinti,2007,Kilograme,602.0
Grau - total,Sector privat,Vrancea,2007,Kilograme,1568.0
Grau - total,din care: Exploatatii agricole individuale,Satu Mare,2007,Kilograme,2260.0
Grau - total,Sector privat,Hunedoara,2007,Kilograme,1784.0
Grau - total,Sector privat,Harghita,2007,Kilograme,2188.0
Grau - total,din care: Exploatatii agricole individuale,Arges,2007,Kilograme,1718.0
Grau - total,Sector privat,Bistrita-Nasaud,2007,Kilograme,2507.0
Grau - total,din care: Exploatatii agricole individuale,Suceava,2007,Kilograme,2918.0
Grau - total,Sector privat,Municipiul Bucuresti,2007,Kilograme,704.0
Grau - total,din care: Exploatatii agricole individuale,Tulcea,2007,Kilograme,737.0
Grau - total,Sector privat,Buzau,2007,Kilograme,1090.0
Grau - total,din care: Exploatatii agricole individuale,Hunedoara,2007,Kilograme,1797.0
Grau - total,din care: Exploatatii agricole individuale,Brasov,2007,Kilograme,2696.0
Grau - total,Sector privat,Vaslui,2007,Kilograme,1420.0
Grau - total,Sector privat,Timis,2007,Kilograme,2922.0
Grau - total,Sector privat,Dolj,2007,Kilograme,664.0
Grau - total,din care: Exploatatii agricole individuale,Buzau,2007,Kilograme,925.0
Grau - total,Sector privat,Mures,2007,Kilograme,2323.0
Grau - total,Sector privat,Cluj,2007,Kilograme,2475.0
Grau - total,Sector privat,Galati,2007,Kilograme,1538.0
Grau - total,din care: Exploatatii agricole individuale,Arad,2007,Kilograme,2359.0
Grau - total,Sector privat,Calarasi,2007,Kilograme,1144.0
Grau - total,din care: Exploatatii agricole individuale,Braila,2007,Kilograme,1823.0
Grau - total,din care: Exploatatii agricole individuale,Dambovita,2007,Kilograme,1496.0
Grau - total,din care: Exploatatii agricole individuale,Constanta,2007,Kilograme,1194.0
Grau - total,din care: Exploatatii agricole individuale,Bihor,2007,Kilograme,2054.0
Grau - total,Sector privat,Gorj,2007,Kilograme,1579.0
Grau - total,Sector privat,Sibiu,2007,Kilograme,2272.0
Grau - total,din care: Exploatatii agricole individuale,Valcea,2007,Kilograme,2123.0
Grau - total,din care: Exploatatii agricole individuale,Timis,2007,Kilograme,2418.0
Grau - total,Sector privat,Maramures,2007,Kilograme,2015.0
Grau - total,Sector privat,Dambovita,2007,Kilograme,1490.0
Grau - total,din care: Exploatatii agricole individuale,Caras-Severin,2007,Kilograme,2160.0
Grau - total,din care: Exploatatii agricole individuale,Botosani,2007,Kilograme,1747.0
Grau - total,din care: Exploatatii agricole individuale,Bistrita-Nasaud,2007,Kilograme,2442.0
Grau - total,Sector privat,Bacau,2007,Kilograme,1764.0
Grau - total,Sector privat,Mehedinti,2007,Kilograme,606.0
Grau - total,din care: Exploatatii agricole individuale,Ilfov,2007,Kilograme,853.0
Grau - total,din care: Exploatatii agricole individuale,Olt,2007,Kilograme,783.0
Grau - total,din care: Exploatatii agricole individuale,Sibiu,2007,Kilograme,2259.0
Grau - total,din care: Exploatatii agricole individuale,Calarasi,2007,Kilograme,751.0
Grau - total,Sector privat,Giurgiu,2007,Kilograme,1225.0
Grau - total,din care: Exploatatii agricole individuale,Cluj,2007,Kilograme,2383.0
Grau - total,Sector privat,Satu Mare,2007,Kilograme,2623.0
Grau - total,din care: Exploatatii agricole individuale,Vrancea,2007,Kilograme,1270.0
Grau - total,Sector privat,Botosani,2007,Kilograme,1808.0
Grau - total,Sector privat,Tulcea,2007,Kilograme,840.0
Grau - total,din care: Exploatatii agricole individuale,Vaslui,2007,Kilograme,971.0
Grau - total,Sector privat,Salaj,2007,Kilograme,2002.0
Grau - total,din care: Exploatatii agricole individuale,Galati,2007,Kilograme,1173.0
Grau - total,din care: Exploatatii agricole individuale,Iasi,2007,Kilograme,670.0
Grau - total,Sector privat,Ialomita,2007,Kilograme,1205.0
Grau - total,din care: Exploatatii agricole individuale,Ialomita,2007,Kilograme,939.0
Grau - total,Sector privat,Constanta,2007,Kilograme,1438.0
Grau - total,Sector privat,Valcea,2007,Kilograme,2052.0
Grau - total,din care: Exploatatii agricole individuale,Giurgiu,2007,Kilograme,832.0
Grau - total,Sector privat,Iasi,2007,Kilograme,1282.0
Grau - total,din care: Exploatatii agricole individuale,Harghita,2007,Kilograme,2057.0
Grau - total,din care: Exploatatii agricole individuale,Dolj,2007,Kilograme,654.0
Grau - total,Sector privat,Alba,2007,Kilograme,2581.0
Grau - total,din care: Exploatatii agricole individuale,Mures,2007,Kilograme,2120.0
Grau - total,Sector privat,Prahova,2007,Kilograme,1557.0
Grau - total,Sector privat,Braila,2007,Kilograme,1969.0
Grau - total,din care: Exploatatii agricole individuale,Prahova,2007,Kilograme,996.0
Grau - total,din care: Exploatatii agricole individuale,Dolj,2008,Kilograme,2864.0
Grau - total,Sector privat,Satu Mare,2008,Kilograme,3289.0
Grau - total,din care: Exploatatii agricole individuale,Caras-Severin,2008,Kilograme,2892.0
Grau - total,din care: Exploatatii agricole individuale,Satu Mare,2008,Kilograme,2806.0
Grau - total,din care: Exploatatii agricole individuale,Vrancea,2008,Kilograme,3375.0
Grau - total,Sector privat,Neamt,2008,Kilograme,3233.0
Grau - total,Sector privat,Arad,2008,Kilograme,3403.0
Grau - total,Sector privat,Brasov,2008,Kilograme,3360.0
Grau - total,Sector privat,Teleorman,2008,Kilograme,3382.0
Grau - total,din care: Exploatatii agricole individuale,Tulcea,2008,Kilograme,3265.0
Grau - total,Sector privat,Constanta,2008,Kilograme,3916.0
Grau - total,din care: Exploatatii agricole individuale,Ialomita,2008,Kilograme,3195.0
Grau - total,din care: Exploatatii agricole individuale,Gorj,2008,Kilograme,2859.0
Grau - total,Sector privat,Suceava,2008,Kilograme,2959.0
Grau - total,Sector privat,Caras-Severin,2008,Kilograme,2904.0
Grau - total,din care: Exploatatii agricole individuale,Teleorman,2008,Kilograme,3102.0
Grau - total,din care: Exploatatii agricole individuale,Hunedoara,2008,Kilograme,3055.0
Grau - total,Sector privat,Covasna,2008,Kilograme,4050.0
Grau - total,din care: Exploatatii agricole individuale,Alba,2008,Kilograme,3080.0
Grau - total,din care: Exploatatii agricole individuale,Covasna,2008,Kilograme,4055.0
Grau - total,Sector privat,Ilfov,2008,Kilograme,3350.0
Grau - total,din care: Exploatatii agricole individuale,Vaslui,2008,Kilograme,1686.0
Grau - total,Sector privat,Vrancea,2008,Kilograme,3697.0
Grau - total,din care: Exploatatii agricole individuale,Prahova,2008,Kilograme,2981.0
Grau - total,din care: Exploatatii agricole individuale,Mehedinti,2008,Kilograme,3286.0
Grau - total,Sector privat,Hunedoara,2008,Kilograme,2978.0
Grau - total,din care: Exploatatii agricole individuale,Arges,2008,Kilograme,3120.0
Grau - total,Sector privat,Harghita,2008,Kilograme,2421.0
Grau - total,Sector privat,Bistrita-Nasaud,2008,Kilograme,3040.0
Grau - total,Sector privat,Arges,2008,Kilograme,3244.0
Grau - total,din care: Exploatatii agricole individuale,Suceava,2008,Kilograme,2964.0
Grau - total,din care: Exploatatii agricole individuale,Neamt,2008,Kilograme,3134.0
Grau - total,Sector privat,Buzau,2008,Kilograme,3195.0
Grau - total,din care: Exploatatii agricole individuale,Brasov,2008,Kilograme,3490.0
Grau - total,Sector privat,Timis,2008,Kilograme,3549.0
Grau - total,din care: Exploatatii agricole individuale,Buzau,2008,Kilograme,3177.0
Grau - total,Sector privat,Dolj,2008,Kilograme,2965.0
Grau - total,Sector privat,Mures,2008,Kilograme,3300.0
Grau - total,Sector privat,Galati,2008,Kilograme,3405.0
Grau - total,Sector privat,Calarasi,2008,Kilograme,3878.0
Grau - total,din care: Exploatatii agricole individuale,Bacau,2008,Kilograme,2874.0
Grau - total,Sector privat,Cluj,2008,Kilograme,3183.0
Grau - total,din care: Exploatatii agricole individuale,Braila,2008,Kilograme,3201.0
Grau - total,din care: Exploatatii agricole individuale,Dambovita,2008,Kilograme,3079.0
Grau - total,din care: Exploatatii agricole individuale,Bihor,2008,Kilograme,3838.0
Grau - total,Sector privat,Gorj,2008,Kilograme,2845.0
Grau - total,din care: Exploatatii agricole individuale,Constanta,2008,Kilograme,4128.0
Grau - total,Sector privat,Sibiu,2008,Kilograme,2869.0
Grau - total,din care: Exploatatii agricole individuale,Timis,2008,Kilograme,3538.0
Grau - total,din care: Exploatatii agricole individuale,Valcea,2008,Kilograme,3222.0
Grau - total,Sector privat,Dambovita,2008,Kilograme,3072.0
Grau - total,din care: Exploatatii agricole individuale,Arad,2008,Kilograme,3339.0
Grau - total,Sector privat,Maramures,2008,Kilograme,2722.0
Grau - total,Sector privat,Braila,2008,Kilograme,3950.0
Grau - total,din care: Exploatatii agricole individuale,Botosani,2008,Kilograme,2964.0
Grau - total,din care: Exploatatii agricole individuale,Bistrita-Nasaud,2008,Kilograme,3048.0
Grau - total,Sector privat,Mehedinti,2008,Kilograme,3284.0
Grau - total,Sector privat,Bacau,2008,Kilograme,3077.0
Grau - total,din care: Exploatatii agricole individuale,Ilfov,2008,Kilograme,3828.0
Grau - total,Sector privat,Giurgiu,2008,Kilograme,3353.0
Grau - total,din care: Exploatatii agricole individuale,Sibiu,2008,Kilograme,2987.0
Grau - total,din care: Exploatatii agricole individuale,Calarasi,2008,Kilograme,3902.0
Grau - total,Sector privat,Alba,2008,Kilograme,3076.0
Grau - total,din care: Exploatatii agricole individuale,Olt,2008,Kilograme,2954.0
Grau - total,din care: Exploatatii agricole individuale,Cluj,2008,Kilograme,3153.0
Grau - total,Sector privat,Olt,2008,Kilograme,3099.0
Grau - total,Sector privat,Vaslui,2008,Kilograme,3676.0
Grau - total,Sector privat,Botosani,2008,Kilograme,2970.0
Grau - total,Sector privat,Tulcea,2008,Kilograme,3034.0
Grau - total,Sector privat,Salaj,2008,Kilograme,2958.0
Grau - total,din care: Exploatatii agricole individuale,Galati,2008,Kilograme,2932.0
Grau - total,Sector privat,Ialomita,2008,Kilograme,3727.0
Grau - total,din care: Exploatatii agricole individuale,Salaj,2008,Kilograme,3082.0
Grau - total,din care: Exploatatii agricole individuale,Iasi,2008,Kilograme,2954.0
Grau - total,din care: Exploatatii agricole individuale,Maramures,2008,Kilograme,2717.0
Grau - total,Sector privat,Valcea,2008,Kilograme,3182.0
Grau - total,din care: Exploatatii agricole individuale,Giurgiu,2008,Kilograme,3228.0
Grau - total,Sector privat,Iasi,2008,Kilograme,2986.0
Grau - total,Sector privat,Prahova,2008,Kilograme,3171.0
Grau - total,din care: Exploatatii agricole individuale,Harghita,2008,Kilograme,2447.0
Grau - total,din care: Exploatatii agricole individuale,Mures,2008,Kilograme,3292.0
Grau - total,Sector privat,Bihor,2008,Kilograme,3750.0
Grau - total,din care: Exploatatii agricole individuale,Dolj,2009,Kilograme,2480.0
Grau - total,Sector privat,Valcea,2009,Kilograme,3167.0
Grau - total,Sector privat,Neamt,2009,Kilograme,2839.0
Grau - total,din care: Exploatatii agricole individuale,Vrancea,2009,Kilograme,2171.0
Grau - total,din care: Exploatatii agricole individuale,Satu Mare,2009,Kilograme,2510.0
Grau - total,Sector privat,Arad,2009,Kilograme,2511.0
Grau - total,din care: Exploatatii agricole individuale,Caras-Severin,2009,Kilograme,2780.0
Grau - total,Sector privat,Braila,2009,Kilograme,2589.0
Grau - total,din care: Exploatatii agricole individuale,Bacau,2009,Kilograme,2083.0
Grau - total,Sector privat,Brasov,2009,Kilograme,3032.0
Grau - total,din care: Exploatatii agricole individuale,Salaj,2009,Kilograme,1533.0
Grau - total,Sector privat,Buzau,2009,Kilograme,2578.0
Grau - total,Sector privat,Harghita,2009,Kilograme,2463.0
Grau - total,din care: Exploatatii agricole individuale,Prahova,2009,Kilograme,2996.0
Grau - total,Sector privat,Hunedoara,2009,Kilograme,2048.0
Grau - total,Sector privat,Arges,2009,Kilograme,2807.0
Grau - total,Sector privat,Bistrita-Nasaud,2009,Kilograme,2173.0
Grau - total,din care: Exploatatii agricole individuale,Brasov,2009,Kilograme,3039.0
Grau - total,din care: Exploatatii agricole individuale,Neamt,2009,Kilograme,3183.0
Grau - total,din care: Exploatatii agricole individuale,Teleorman,2009,Kilograme,1927.0
Grau - total,din care: Exploatatii agricole individuale,Buzau,2009,Kilograme,2631.0
Grau - total,din care: Exploatatii agricole individuale,Vaslui,2009,Kilograme,1247.0
Grau - total,Sector privat,Mures,2009,Kilograme,2858.0
Grau - total,Sector privat,Dolj,2009,Kilograme,2586.0
Grau - total,Sector privat,Calarasi,2009,Kilograme,2125.0
Grau - total,din care: Exploatatii agricole individuale,Braila,2009,Kilograme,1904.0
Grau - total,Sector privat,Cluj,2009,Kilograme,2524.0
Grau - total,Sector privat,Sibiu,2009,Kilograme,2699.0
Grau - total,din care: Exploatatii agricole individuale,Bihor,2009,Kilograme,1786.0
Grau - total,Sector privat,Gorj,2009,Kilograme,2659.0
Grau - total,din care: Exploatatii agricole individuale,Dambovita,2009,Kilograme,2687.0
Grau - total,din care: Exploatatii agricole individuale,Constanta,2009,Kilograme,1773.0
Grau - total,din care: Exploatatii agricole individuale,Timis,2009,Kilograme,2753.0
Grau - total,din care: Exploatatii agricole individuale,Valcea,2009,Kilograme,3187.0
Grau - total,Sector privat,Galati,2009,Kilograme,1786.0
Grau - total,Sector privat,Vaslui,2009,Kilograme,2998.0
Grau - total,Sector privat,Maramures,2009,Kilograme,2313.0
Grau - total,din care: Exploatatii agricole individuale,Arad,2009,Kilograme,2104.0
Grau - total,Sector privat,Dambovita,2009,Kilograme,2675.0
Grau - total,din care: Exploatatii agricole individuale,Botosani,2009,Kilograme,2062.0
Grau - total,Sector privat,Bacau,2009,Kilograme,2277.0
Grau - total,din care: Exploatatii agricole individuale,Bistrita-Nasaud,2009,Kilograme,2147.0
Grau - total,Sector privat,Mehedinti,2009,Kilograme,2686.0
Grau - total,Sector privat,Giurgiu,2009,Kilograme,2521.0
Grau - total,din care: Exploatatii agricole individuale,Calarasi,2009,Kilograme,1882.0
Grau - total,Sector privat,Botosani,2009,Kilograme,2314.0
Grau - total,Sector privat,Satu Mare,2009,Kilograme,2925.0
Grau - total,Sector privat,Olt,2009,Kilograme,2556.0
Grau - total,din care: Exploatatii agricole individuale,Olt,2009,Kilograme,2541.0
Grau - total,din care: Exploatatii agricole individuale,Suceava,2009,Kilograme,2995.0
Grau - total,din care: Exploatatii agricole individuale,Sibiu,2009,Kilograme,2888.0
Grau - total,Sector privat,Tulcea,2009,Kilograme,1351.0
Grau - total,din care: Exploatatii agricole individuale,Cluj,2009,Kilograme,2464.0
Grau - total,din care: Exploatatii agricole individuale,Ilfov,2009,Kilograme,2254.0
Grau - total,din care: Exploatatii agricole individuale,Mures,2009,Kilograme,2819.0
Grau - total,din care: Exploatatii agricole individuale,Galati,2009,Kilograme,1511.0
Grau - total,Sector privat,Salaj,2009,Kilograme,1515.0
Grau - total,Sector privat,Ialomita,2009,Kilograme,2109.0
Grau - total,din care: Exploatatii agricole individuale,Ialomita,2009,Kilograme,1729.0
Grau - total,Sector privat,Teleorman,2009,Kilograme,2256.0
Grau - total,din care: Exploatatii agricole individuale,Iasi,2009,Kilograme,1673.0
Grau - total,Sector privat,Iasi,2009,Kilograme,2037.0
Grau - total,din care: Exploatatii agricole individuale,Maramures,2009,Kilograme,2325.0
Grau - total,din care: Exploatatii agricole individuale,Giurgiu,2009,Kilograme,2361.0
Grau - total,din care: Exploatatii agricole individuale,Harghita,2009,Kilograme,2453.0
Grau - total,Sector privat,Prahova,2009,Kilograme,2819.0
Grau - total,Sector privat,Alba,2009,Kilograme,2063.0
Grau - total,Sector privat,Constanta,2009,Kilograme,2178.0
Grau - total,din care: Exploatatii agricole individuale,Gorj,2009,Kilograme,2653.0
Grau - total,Sector privat,Suceava,2009,Kilograme,2977.0
Grau - total,Sector privat,Caras-Severin,2009,Kilograme,2751.0
Grau - total,Sector privat,Covasna,2009,Kilograme,3285.0
Grau - total,din care: Exploatatii agricole individuale,Hunedoara,2009,Kilograme,2068.0
Grau - total,Sector privat,Ilfov,2009,Kilograme,2218.0
Grau - total,din care: Exploatatii agricole individuale,Covasna,2009,Kilograme,3220.0
Grau - total,Sector privat,Bihor,2009,Kilograme,1880.0
Grau - total,din care: Exploatatii agricole individuale,Tulcea,2009,Kilograme,1123.0
Grau - total,din care: Exploatatii agricole individuale,Alba,2009,Kilograme,1905.0
Grau - total,din care: Exploatatii agricole individuale,Arges,2009,Kilograme,3012.0
Grau - total,Sector privat,Vrancea,2009,Kilograme,2500.0
Grau - total,din care: Exploatatii agricole individuale,Mehedinti,2009,Kilograme,2702.0
Grau - total,Sector privat,Timis,2009,Kilograme,3013.0
Grau - total,Sector privat,Bihor,2010,Kilograme,3128.0
Grau - total,Sector privat,Buzau,2010,Kilograme,3135.0
Grau - total,Sector privat,Municipiul Bucuresti,2010,Kilograme,4526.0
Grau - total,Sector privat,Arges,2010,Kilograme,2358.0
Grau - total,din care: Exploatatii agricole individuale,Brasov,2010,Kilograme,2571.0
Grau - total,Sector privat,Timis,2010,Kilograme,2921.0
Grau - total,din care: Exploatatii agricole individuale,Timis,2010,Kilograme,3101.0
Grau - total,Sector privat,Harghita,2010,Kilograme,2277.0
Grau - total,din care: Exploatatii agricole individuale,Neamt,2010,Kilograme,2874.0
Grau - total,Sector privat,Bistrita-Nasaud,2010,Kilograme,1944.0
Grau - total,Sector privat,Dolj,2010,Kilograme,2630.0
Grau - total,Sector privat,Vaslui,2010,Kilograme,2518.0
Grau - total,Sector privat,Constanta,2010,Kilograme,2620.0
Grau - total,din care: Exploatatii agricole individuale,Botosani,2010,Kilograme,3314.0
Grau - total,din care: Exploatatii agricole individuale,Gorj,2010,Kilograme,2695.0
Grau - total,din care: Exploatatii agricole individuale,Bihor,2010,Kilograme,3027.0
Grau - total,din care: Exploatatii agricole individuale,Covasna,2010,Kilograme,2625.0
Grau - total,Sector privat,Calarasi,2010,Kilograme,2491.0
Grau - total,Sector privat,Mures,2010,Kilograme,2970.0
Grau - total,Sector privat,Cluj,2010,Kilograme,3078.0
Grau - total,Sector privat,Gorj,2010,Kilograme,2687.0
Grau - total,din care: Exploatatii agricole individuale,Salaj,2010,Kilograme,2196.0
Grau - total,Sector privat,Sibiu,2010,Kilograme,2484.0
Grau - total,Sector privat,Mehedinti,2010,Kilograme,2767.0
Grau - total,Sector privat,Dambovita,2010,Kilograme,2194.0
Grau - total,Sector privat,Maramures,2010,Kilograme,1933.0
Grau - total,din care: Exploatatii agricole individuale,Prahova,2010,Kilograme,2618.0
Grau - total,din care: Exploatatii agricole individuale,Buzau,2010,Kilograme,3948.0
Grau - total,Sector privat,Tulcea,2010,Kilograme,2414.0
Grau - total,din care: Exploatatii agricole individuale,Braila,2010,Kilograme,2908.0
Grau - total,din care: Exploatatii agricole individuale,Municipiul Bucuresti,2010,Kilograme,4526.0
Grau - total,Sector privat,Giurgiu,2010,Kilograme,2886.0
Grau - total,Sector privat,Bacau,2010,Kilograme,2716.0
Grau - total,din care: Exploatatii agricole individuale,Suceava,2010,Kilograme,2469.0
Grau - total,din care: Exploatatii agricole individuale,Constanta,2010,Kilograme,2432.0
Grau - total,din care: Exploatatii agricole individuale,Cluj,2010,Kilograme,2993.0
Grau - total,din care: Exploatatii agricole individuale,Sibiu,2010,Kilograme,2581.0
Grau - total,Sector privat,Olt,2010,Kilograme,2141.0
Grau - total,Sector privat,Satu Mare,2010,Kilograme,2917.0
Grau - total,din care: Exploatatii agricole individuale,Iasi,2010,Kilograme,2729.0
Grau - total,din care: Exploatatii agricole individuale,Dambovita,2010,Kilograme,2242.0
Grau - total,din care: Exploatatii agricole individuale,Galati,2010,Kilograme,3328.0
Grau - total,Sector privat,Botosani,2010,Kilograme,2971.0
Grau - total,Sector privat,Valcea,2010,Kilograme,2824.0
Grau - total,din care: Exploatatii agricole individuale,Calarasi,2010,Kilograme,2233.0
Grau - total,Sector privat,Salaj,2010,Kilograme,2060.0
Grau - total,din care: Exploatatii agricole individuale,Olt,2010,Kilograme,2040.0
Grau - total,Sector privat,Ialomita,2010,Kilograme,2881.0
Grau - total,din care: Exploatatii agricole individuale,Ilfov,2010,Kilograme,3080.0
Grau - total,din care: Exploatatii agricole individuale,Maramures,2010,Kilograme,2034.0
Grau - total,din care: Exploatatii agricole individuale,Harghita,2010,Kilograme,2412.0
Grau - total,din care: Exploatatii agricole individuale,Giurgiu,2010,Kilograme,2564.0
Grau - total,Sector privat,Iasi,2010,Kilograme,2545.0
Grau - total,din care: Exploatatii agricole individuale,Ialomita,2010,Kilograme,2440.0
Grau - total,din care: Exploatatii agricole individuale,Caras-Severin,2010,Kilograme,2512.0
Grau - total,din care: Exploatatii agricole individuale,Dolj,2010,Kilograme,2554.0
Grau - total,Sector privat,Alba,2010,Kilograme,2945.0
Grau - total,din care: Exploatatii agricole individuale,Satu Mare,2010,Kilograme,2687.0
Grau - total,din care: Exploatatii agricole individuale,Valcea,2010,Kilograme,2864.0
Grau - total,Sector privat,Prahova,2010,Kilograme,2599.0
Grau - total,Sector privat,Arad,2010,Kilograme,3214.0
Grau - total,Sector privat,Braila,2010,Kilograme,3102.0
Grau - total,din care: Exploatatii agricole individuale,Vrancea,2010,Kilograme,2319.0
Grau - total,Sector privat,Brasov,2010,Kilograme,2667.0
Grau - total,din care: Exploatatii agricole individuale,Bistrita-Nasaud,2010,Kilograme,1901.0
Grau - total,Sector privat,Neamt,2010,Kilograme,2896.0
Grau - total,din care: Exploatatii agricole individuale,Mehedinti,2010,Kilograme,2790.0
Grau - total,din care: Exploatatii agricole individuale,Arad,2010,Kilograme,3018.0
Grau - total,Sector privat,Teleorman,2010,Kilograme,2616.0
Grau - total,din care: Exploatatii agricole individuale,Hunedoara,2010,Kilograme,2730.0
Grau - total,Sector privat,Caras-Severin,2010,Kilograme,2724.0
Grau - total,din care: Exploatatii agricole individuale,Arges,2010,Kilograme,2448.0
Grau - total,din care: Exploatatii agricole individuale,Tulcea,2010,Kilograme,2415.0
Grau - total,din care: Exploatatii agricole individuale,Alba,2010,Kilograme,2828.0
Grau - total,din care: Exploatatii agricole individuale,Mures,2010,Kilograme,2981.0
Grau - total,Sector privat,Ilfov,2010,Kilograme,3005.0
Grau - total,din care: Exploatatii agricole individuale,Bacau,2010,Kilograme,2510.0
Grau - total,Sector privat,Suceava,2010,Kilograme,2508.0
Grau - total,Sector privat,Covasna,2010,Kilograme,2645.0
Grau - total,Sector privat,Hunedoara,2010,Kilograme,2695.0
Grau - total,din care: Exploatatii agricole individuale,Teleorman,2010,Kilograme,2309.0
Grau - total,Sector privat,Vrancea,2010,Kilograme,2518.0
Grau - total,din care: Exploatatii agricole individuale,Vaslui,2010,Kilograme,1921.0
Grau - total,Sector privat,Galati,2010,Kilograme,2450.0
Grau - total,din care: Exploatatii agricole individuale,Vaslui,2011,Kilograme,3173.0
Grau - total,Sector privat,Vrancea,2011,Kilograme,3374.0
Grau - total,Sector privat,Buzau,2011,Kilograme,3360.0
Grau - total,Sector privat,Galati,2011,Kilograme,3159.0
Grau - total,din care: Exploatatii agricole individuale,Brasov,2011,Kilograme,3834.0
Grau - total,Sector privat,Timis,2011,Kilograme,4182.0
Grau - total,Sector privat,Arges,2011,Kilograme,3577.0
Grau - total,Sector privat,Harghita,2011,Kilograme,3269.0
Grau - total,din care: Exploatatii agricole individuale,Timis,2011,Kilograme,4380.0
Grau - total,Sector privat,Constanta,2011,Kilograme,4302.0
Grau - total,Sector privat,Vaslui,2011,Kilograme,3345.0
Grau - total,Sector privat,Dolj,2011,Kilograme,3057.0
Grau - total,Sector privat,Bistrita-Nasaud,2011,Kilograme,3618.0
Grau - total,din care: Exploatatii agricole individuale,Botosani,2011,Kilograme,3329.0
Grau - total,din care: Exploatatii agricole individuale,Gorj,2011,Kilograme,3576.0
Grau - total,din care: Exploatatii agricole individuale,Covasna,2011,Kilograme,3918.0
Grau - total,Sector privat,Mures,2011,Kilograme,3690.0
Grau - total,Sector privat,Calarasi,2011,Kilograme,4045.0
Grau - total,Sector privat,Cluj,2011,Kilograme,3131.0
Grau - total,din care: Exploatatii agricole individuale,Bihor,2011,Kilograme,4168.0
Grau - total,Sector privat,Gorj,2011,Kilograme,3559.0
Grau - total,din care: Exploatatii agricole individuale,Vrancea,2011,Kilograme,2851.0
Grau - total,Sector privat,Dambovita,2011,Kilograme,3327.0
Grau - total,Sector privat,Maramures,2011,Kilograme,3078.0
Grau - total,Sector privat,Sibiu,2011,Kilograme,3324.0
Grau - total,din care: Exploatatii agricole individuale,Prahova,2011,Kilograme,3625.0
Grau - total,Sector privat,Mehedinti,2011,Kilograme,3326.0
Grau - total,din care: Exploatatii agricole individuale,Buzau,2011,Kilograme,4030.0
Grau - total,Sector privat,Tulcea,2011,Kilograme,3414.0
Grau - total,din care: Exploatatii agricole individuale,Braila,2011,Kilograme,3784.0
Grau - total,Sector privat,Bacau,2011,Kilograme,3676.0
Grau - total,din care: Exploatatii agricole individuale,Constanta,2011,Kilograme,3414.0
Grau - total,din care: Exploatatii agricole individuale,Suceava,2011,Kilograme,3071.0
Grau - total,Sector privat,Giurgiu,2011,Kilograme,3615.0
Grau - total,din care: Exploatatii agricole individuale,Cluj,2011,Kilograme,3073.0
Grau - total,din care: Exploatatii agricole individuale,Sibiu,2011,Kilograme,3476.0
Grau - total,Sector privat,Olt,2011,Kilograme,3370.0
Grau - total,Sector privat,Satu Mare,2011,Kilograme,3425.0
Grau - total,din care: Exploatatii agricole individuale,Dambovita,2011,Kilograme,3454.0
Grau - total,din care: Exploatatii agricole individuale,Iasi,2011,Kilograme,2811.0
Grau - total,Sector privat,Botosani,2011,Kilograme,3173.0
Grau - total,Sector privat,Salaj,2011,Kilograme,2954.0
Grau - total,din care: Exploatatii agricole individuale,Neamt,2011,Kilograme,3620.0
Grau - total,din care: Exploatatii agricole individuale,Olt,2011,Kilograme,3407.0
Grau - total,din care: Exploatatii agricole individuale,Ilfov,2011,Kilograme,4593.0
Grau - total,din care: Exploatatii agricole individuale,Calarasi,2011,Kilograme,3442.0
Grau - total,Sector privat,Ialomita,2011,Kilograme,4176.0
Grau - total,Sector privat,Valcea,2011,Kilograme,3607.0
Grau - total,din care: Exploatatii agricole individuale,Maramures,2011,Kilograme,3074.0
Grau - total,din care: Exploatatii agricole individuale,Galati,2011,Kilograme,3082.0
Grau - total,din care: Exploatatii agricole individuale,Harghita,2011,Kilograme,3350.0
Grau - total,din care: Exploatatii agricole individuale,Giurgiu,2011,Kilograme,3482.0
Grau - total,din care: Exploatatii agricole individuale,Caras-Severin,2011,Kilograme,3202.0
Grau - total,din care: Exploatatii agricole individuale,Ialomita,2011,Kilograme,4259.0
Grau - total,Sector privat,Iasi,2011,Kilograme,3099.0
Grau - total,Sector privat,Alba,2011,Kilograme,3612.0
Grau - total,din care: Exploatatii agricole individuale,Dolj,2011,Kilograme,3027.0
Grau - total,din care: Exploatatii agricole individuale,Satu Mare,2011,Kilograme,3331.0
Grau - total,din care: Exploatatii agricole individuale,Valcea,2011,Kilograme,3692.0
Grau - total,Sector privat,Prahova,2011,Kilograme,3473.0
Grau - total,Sector privat,Arad,2011,Kilograme,3941.0
Grau - total,Sector privat,Braila,2011,Kilograme,3785.0
Grau - total,din care: Exploatatii agricole individuale,Bistrita-Nasaud,2011,Kilograme,3700.0
Grau - total,Sector privat,Brasov,2011,Kilograme,3757.0
Grau - total,Sector privat,Neamt,2011,Kilograme,3979.0
Grau - total,din care: Exploatatii agricole individuale,Mehedinti,2011,Kilograme,3329.0
Grau - total,din care: Exploatatii agricole individuale,Arad,2011,Kilograme,3950.0
Grau - total,Sector privat,Teleorman,2011,Kilograme,3786.0
Grau - total,din care: Exploatatii agricole individuale,Hunedoara,2011,Kilograme,3829.0
Grau - total,din care: Exploatatii agricole individuale,Salaj,2011,Kilograme,3111.0
Grau - total,Sector privat,Caras-Severin,2011,Kilograme,3110.0
Grau - total,din care: Exploatatii agricole individuale,Arges,2011,Kilograme,3558.0
Grau - total,din care: Exploatatii agricole individuale,Tulcea,2011,Kilograme,3617.0
Grau - total,din care: Exploatatii agricole individuale,Bacau,2011,Kilograme,3563.0
Grau - total,Sector privat,Ilfov,2011,Kilograme,3793.0
Grau - total,din care: Exploatatii agricole individuale,Mures,2011,Kilograme,3675.0
Grau - total,Sector privat,Suceava,2011,Kilograme,3077.0
Grau - total,din care: Exploatatii agricole individuale,Alba,2011,Kilograme,3643.0
Grau - total,Sector privat,Covasna,2011,Kilograme,3883.0
Grau - total,Sector privat,Hunedoara,2011,Kilograme,3783.0
Grau - total,din care: Exploatatii agricole individuale,Teleorman,2011,Kilograme,3953.0
Grau - total,Sector privat,Bihor,2011,Kilograme,3928.0
Grau - total,Sector privat,Vrancea,2012,Kilograme,2023.0
Grau - total,din care: Exploatatii agricole individuale,Teleorman,2012,Kilograme,2052.0
Grau - total,din care: Exploatatii agricole individuale,Vaslui,2012,Kilograme,1897.0
Grau - total,Sector privat,Bihor,2012,Kilograme,2946.0
Grau - total,Sector privat,Galati,2012,Kilograme,1136.0
Grau - total,din care: Exploatatii agricole individuale,Vrancea,2012,Kilograme,2045.0
Grau - total,din care: Exploatatii agricole individuale,Covasna,2012,Kilograme,2451.0
Grau - total,din care: Exploatatii agricole individuale,Brasov,2012,Kilograme,2617.0
Grau - total,Sector privat,Timis,2012,Kilograme,4141.0
Grau - total,Sector privat,Arges,2012,Kilograme,3134.0
Grau - total,din care: Exploatatii agricole individuale,Timis,2012,Kilograme,3868.0
Grau - total,Sector privat,Harghita,2012,Kilograme,2251.0
Grau - total,Sector privat,Bistrita-Nasaud,2012,Kilograme,2186.0
Grau - total,Sector privat,Vaslui,2012,Kilograme,1979.0
Grau - total,Sector privat,Dolj,2012,Kilograme,2330.0
Grau - total,Sector privat,Constanta,2012,Kilograme,3031.0
Grau - total,din care: Exploatatii agricole individuale,Harghita,2012,Kilograme,2351.0
Grau - total,din care: Exploatatii agricole individuale,Botosani,2012,Kilograme,2273.0
Grau - total,din care: Exploatatii agricole individuale,Gorj,2012,Kilograme,2224.0
Grau - total,din care: Exploatatii agricole individuale,Giurgiu,2012,Kilograme,2493.0
Grau - total,Sector privat,Mures,2012,Kilograme,2835.0
Grau - total,din care: Exploatatii agricole individuale,Bacau,2012,Kilograme,2250.0
Grau - total,Sector privat,Cluj,2012,Kilograme,2857.0
Grau - total,Sector privat,Calarasi,2012,Kilograme,2875.0
Grau - total,Sector privat,Gorj,2012,Kilograme,2227.0
Grau - total,din care: Exploatatii agricole individuale,Mures,2012,Kilograme,2825.0
Grau - total,din care: Exploatatii agricole individuale,Ilfov,2012,Kilograme,2531.0
Grau - total,Sector privat,Sibiu,2012,Kilograme,2629.0
Grau - total,Sector privat,Dambovita,2012,Kilograme,2010.0
Grau - total,din care: Exploatatii agricole individuale,Bistrita-Nasaud,2012,Kilograme,2186.0
Grau - total,Sector privat,Maramures,2012,Kilograme,2392.0
Grau - total,Sector privat,Mehedinti,2012,Kilograme,2505.0
Grau - total,din care: Exploatatii agricole individuale,Prahova,2012,Kilograme,1990.0
Grau - total,Sector privat,Tulcea,2012,Kilograme,1225.0
Grau - total,Sector privat,Bacau,2012,Kilograme,2394.0
Grau - total,din care: Exploatatii agricole individuale,Suceava,2012,Kilograme,2398.0
Grau - total,Sector privat,Giurgiu,2012,Kilograme,2824.0
Grau - total,din care: Exploatatii agricole individuale,Constanta,2012,Kilograme,2861.0
Grau - total,din care: Exploatatii agricole individuale,Sibiu,2012,Kilograme,2501.0
Grau - total,Sector privat,Satu Mare,2012,Kilograme,3217.0
Grau - total,din care: Exploatatii agricole individuale,Cluj,2012,Kilograme,2780.0
Grau - total,din care: Exploatatii agricole individuale,Dambovita,2012,Kilograme,1988.0
Grau - total,Sector privat,Olt,2012,Kilograme,2474.0
Grau - total,din care: Exploatatii agricole individuale,Galati,2012,Kilograme,976.0
Grau - total,Sector privat,Botosani,2012,Kilograme,2398.0
Grau - total,Sector privat,Salaj,2012,Kilograme,2555.0
Grau - total,din care: Exploatatii agricole individuale,Olt,2012,Kilograme,2233.0
Grau - total,din care: Exploatatii agricole individuale,Buzau,2012,Kilograme,1764.0
Grau - total,Sector privat,Ialomita,2012,Kilograme,2786.0
Grau - total,din care: Exploatatii agricole individuale,Maramures,2012,Kilograme,2398.0
Grau - total,din care: Exploatatii agricole individuale,Iasi,2012,Kilograme,1824.0
Grau - total,Sector privat,Valcea,2012,Kilograme,2468.0
Grau - total,Sector privat,Iasi,2012,Kilograme,2236.0
Grau - total,Sector privat,Alba,2012,Kilograme,2556.0
Grau - total,din care: Exploatatii agricole individuale,Valcea,2012,Kilograme,2502.0
Grau - total,din care: Exploatatii agricole individuale,Dolj,2012,Kilograme,2158.0
Grau - total,din care: Exploatatii agricole individuale,Ialomita,2012,Kilograme,2208.0
Grau - total,din care: Exploatatii agricole individuale,Satu Mare,2012,Kilograme,2840.0
Grau - total,Sector privat,Prahova,2012,Kilograme,2200.0
Grau - total,Sector privat,Arad,2012,Kilograme,3745.0
Grau - total,din care: Exploatatii agricole individuale,Calarasi,2012,Kilograme,2410.0
Grau - total,Sector privat,Braila,2012,Kilograme,3352.0
Grau - total,din care: Exploatatii agricole individuale,Bihor,2012,Kilograme,3296.0
Grau - total,Sector privat,Brasov,2012,Kilograme,2792.0
Grau - total,din care: Exploatatii agricole individuale,Arad,2012,Kilograme,3627.0
Grau - total,din care: Exploatatii agricole individuale,Mehedinti,2012,Kilograme,2429.0
Grau - total,Sector privat,Teleorman,2012,Kilograme,2412.0
Grau - total,Sector privat,Neamt,2012,Kilograme,3240.0
Grau - total,din care: Exploatatii agricole individuale,Hunedoara,2012,Kilograme,2688.0
Grau - total,din care: Exploatatii agricole individuale,Salaj,2012,Kilograme,2555.0
Grau - total,din care: Exploatatii agricole individuale,Caras-Severin,2012,Kilograme,2641.0
Grau - total,din care: Exploatatii agricole individuale,Braila,2012,Kilograme,2745.0
Grau - total,Sector privat,Caras-Severin,2012,Kilograme,2743.0
Grau - total,din care: Exploatatii agricole individuale,Arges,2012,Kilograme,3089.0
Grau - total,Sector privat,Suceava,2012,Kilograme,2403.0
Grau - total,Sector privat,Ilfov,2012,Kilograme,2865.0
Grau - total,din care: Exploatatii agricole individuale,Tulcea,2012,Kilograme,1217.0
Grau - total,din care: Exploatatii agricole individuale,Alba,2012,Kilograme,2429.0
Grau - total,Sector privat,Covasna,2012,Kilograme,2575.0
Grau - total,Sector privat,Hunedoara,2012,Kilograme,2742.0
Grau - total,din care: Exploatatii agricole individuale,Neamt,2012,Kilograme,2720.0
Grau - total,Sector privat,Buzau,2012,Kilograme,1973.0
Grau - total,din care: Exploatatii agricole individuale,Teleorman,2013,Kilograme,2778.0
Grau - total,Sector privat,Covasna,2013,Kilograme,3004.0
Grau - total,Sector privat,Hunedoara,2013,Kilograme,3387.0
Grau - total,Sector privat,Vrancea,2013,Kilograme,3209.0
Grau - total,Sector privat,Galati,2013,Kilograme,3099.0
Grau - total,Sector privat,Bihor,2013,Kilograme,3984.0
Grau - total,din care: Exploatatii agricole individuale,Vaslui,2013,Kilograme,2310.0
Grau - total,din care: Exploatatii agricole individuale,Covasna,2013,Kilograme,2871.0
Grau - total,din care: Exploatatii agricole individuale,Vrancea,2013,Kilograme,3157.0
Grau - total,din care: Exploatatii agricole individuale,Brasov,2013,Kilograme,3125.0
Grau - total,Sector privat,Timis,2013,Kilograme,4443.0
Grau - total,din care: Exploatatii agricole individuale,Timis,2013,Kilograme,3869.0
Grau - total,Sector privat,Arges,2013,Kilograme,3143.0
Grau - total,Sector privat,Harghita,2013,Kilograme,2463.0
Grau - total,Sector privat,Vaslui,2013,Kilograme,3223.0
Grau - total,din care: Exploatatii agricole individuale,Botosani,2013,Kilograme,3175.0
Grau - total,Sector privat,Dolj,2013,Kilograme,2837.0
Grau - total,Sector privat,Bistrita-Nasaud,2013,Kilograme,2739.0
Grau - total,Sector privat,Constanta,2013,Kilograme,2915.0
Grau - total,din care: Exploatatii agricole individuale,Buzau,2013,Kilograme,2911.0
Grau - total,din care: Exploatatii agricole individuale,Giurgiu,2013,Kilograme,3275.0
Grau - total,Sector privat,Arad,2013,Kilograme,4470.0
Grau - total,din care: Exploatatii agricole individuale,Bihor,2013,Kilograme,4341.0
Grau - total,Sector privat,Calarasi,2013,Kilograme,4592.0
Grau - total,Sector privat,Gorj,2013,Kilograme,3122.0
Grau - total,Sector privat,Mures,2013,Kilograme,3683.0
Grau - total,Sector privat,Cluj,2013,Kilograme,3450.0
Grau - total,din care: Exploatatii agricole individuale,Ilfov,2013,Kilograme,3880.0
Grau - total,Sector privat,Sibiu,2013,Kilograme,3223.0
Grau - total,Sector privat,Dambovita,2013,Kilograme,3045.0
Grau - total,din care: Exploatatii agricole individuale,Bistrita-Nasaud,2013,Kilograme,2722.0
Grau - total,Sector privat,Maramures,2013,Kilograme,2754.0
Grau - total,Sector privat,Tulcea,2013,Kilograme,2969.0
Grau - total,din care: Exploatatii agricole individuale,Prahova,2013,Kilograme,3063.0
Grau - total,Sector privat,Mehedinti,2013,Kilograme,2899.0
Grau - total,din care: Exploatatii agricole individuale,Harghita,2013,Kilograme,2566.0
Grau - total,Sector privat,Bacau,2013,Kilograme,3281.0
Grau - total,Sector privat,Giurgiu,2013,Kilograme,3765.0
Grau - total,din care: Exploatatii agricole individuale,Sibiu,2013,Kilograme,3108.0
Grau - total,Sector privat,Satu Mare,2013,Kilograme,3870.0
Grau - total,din care: Exploatatii agricole individuale,Constanta,2013,Kilograme,2555.0
Grau - total,din care: Exploatatii agricole individuale,Suceava,2013,Kilograme,2760.0
Grau - total,din care: Exploatatii agricole individuale,Cluj,2013,Kilograme,2983.0
Grau - total,din care: Exploatatii agricole individuale,Dambovita,2013,Kilograme,2979.0
Grau - total,Sector privat,Olt,2013,Kilograme,2765.0
Grau - total,din care: Exploatatii agricole individuale,Galati,2013,Kilograme,2363.0
Grau - total,Sector privat,Botosani,2013,Kilograme,3043.0
Grau - total,Sector privat,Salaj,2013,Kilograme,2944.0
Grau - total,din care: Exploatatii agricole individuale,Mures,2013,Kilograme,3663.0
Grau - total,din care: Exploatatii agricole individuale,Iasi,2013,Kilograme,2546.0
Grau - total,din care: Exploatatii agricole individuale,Maramures,2013,Kilograme,2746.0
Grau - total,Sector privat,Valcea,2013,Kilograme,3227.0
Grau - total,Sector privat,Ialomita,2013,Kilograme,4500.0
Grau - total,din care: Exploatatii agricole individuale,Olt,2013,Kilograme,2724.0
Grau - total,Sector privat,Alba,2013,Kilograme,3569.0
Grau - total,Sector privat,Iasi,2013,Kilograme,3065.0
Grau - total,din care: Exploatatii agricole individuale,Valcea,2013,Kilograme,3248.0
Grau - total,din care: Exploatatii agricole individuale,Dolj,2013,Kilograme,2651.0
Grau - total,din care: Exploatatii agricole individuale,Tulcea,2013,Kilograme,2797.0
Grau - total,din care: Exploatatii agricole individuale,Satu Mare,2013,Kilograme,3917.0
Grau - total,din care: Exploatatii agricole individuale,Ialomita,2013,Kilograme,3583.0
Grau - total,Sector privat,Prahova,2013,Kilograme,3586.0
Grau - total,din care: Exploatatii agricole individuale,Gorj,2013,Kilograme,3129.0
Grau - total,Sector privat,Braila,2013,Kilograme,4395.0
Grau - total,din care: Exploatatii agricole individuale,Bacau,2013,Kilograme,2869.0
Grau - total,din care: Exploatatii agricole individuale,Calarasi,2013,Kilograme,3883.0
Grau - total,din care: Exploatatii agricole individuale,Hunedoara,2013,Kilograme,3333.0
Grau - total,Sector privat,Brasov,2013,Kilograme,3385.0
Grau - total,din care: Exploatatii agricole individuale,Arad,2013,Kilograme,4197.0
Grau - total,din care: Exploatatii agricole individuale,Salaj,2013,Kilograme,2858.0
Grau - total,Sector privat,Teleorman,2013,Kilograme,3097.0
Grau - total,Sector privat,Neamt,2013,Kilograme,3514.0
Grau - total,Sector privat,Caras-Severin,2013,Kilograme,2976.0
Grau - total,din care: Exploatatii agricole individuale,Braila,2013,Kilograme,3154.0
Grau - total,din care: Exploatatii agricole individuale,Caras-Severin,2013,Kilograme,2905.0
Grau - total,din care: Exploatatii agricole individuale,Mehedinti,2013,Kilograme,2862.0
Grau - total,din care: Exploatatii agricole individuale,Alba,2013,Kilograme,3462.0
Grau - total,Sector privat,Ilfov,2013,Kilograme,4187.0
Grau - total,Sector privat,Suceava,2013,Kilograme,2742.0
Grau - total,din care: Exploatatii agricole individuale,Arges,2013,Kilograme,3037.0
Grau - total,din care: Exploatatii agricole individuale,Neamt,2013,Kilograme,3246.0
Grau - total,Sector privat,Buzau,2013,Kilograme,3132.0
Grau - total,Sector privat,Vrancea,2014,Kilograme,3069.0
Grau - total,din care: Exploatatii agricole individuale,Valcea,2014,Kilograme,3454.0
Grau - total,Sector privat,Bihor,2014,Kilograme,3763.0
Grau - total,Sector privat,Galati,2014,Kilograme,3631.0
Grau - total,din care: Exploatatii agricole individuale,Vrancea,2014,Kilograme,3267.0
Grau - total,Sector privat,Buzau,2014,Kilograme,3367.0
Grau - total,Sector privat,Municipiul Bucuresti,2014,Kilograme,3750.0
Grau - total,din care: Exploatatii agricole individuale,Timis,2014,Kilograme,3400.0
Grau - total,din care: Exploatatii agricole individuale,Brasov,2014,Kilograme,3400.0
Grau - total,Sector privat,Timis,2014,Kilograme,3970.0
Grau - total,Sector privat,Arges,2014,Kilograme,2836.0
Grau - total,Sector privat,Harghita,2014,Kilograme,2783.0
Grau - total,Sector privat,Bistrita-Nasaud,2014,Kilograme,3304.0
Grau - total,Sector privat,Dolj,2014,Kilograme,3127.0
Grau - total,din care: Exploatatii agricole individuale,Botosani,2014,Kilograme,2758.0
Grau - total,din care: Exploatatii agricole individuale,Buzau,2014,Kilograme,3156.0
Grau - total,din care: Exploatatii agricole individuale,Covasna,2014,Kilograme,3098.0
Grau - total,din care: Exploatatii agricole individuale,Gorj,2014,Kilograme,3312.0
Grau - total,din care: Exploatatii agricole individuale,Giurgiu,2014,Kilograme,3422.0
Grau - total,Sector privat,Hunedoara,2014,Kilograme,3709.0
Grau - total,din care: Exploatatii agricole individuale,Bihor,2014,Kilograme,4165.0
Grau - total,Sector privat,Covasna,2014,Kilograme,3286.0
Grau - total,Sector privat,Mures,2014,Kilograme,3981.0
Grau - total,Sector privat,Cluj,2014,Kilograme,3994.0
Grau - total,Sector privat,Gorj,2014,Kilograme,3302.0
Grau - total,din care: Exploatatii agricole individuale,Ilfov,2014,Kilograme,4128.0
Grau - total,Sector privat,Dambovita,2014,Kilograme,3005.0
Grau - total,Sector privat,Sibiu,2014,Kilograme,3699.0
Grau - total,din care: Exploatatii agricole individuale,Prahova,2014,Kilograme,3181.0
Grau - total,din care: Exploatatii agricole individuale,Bistrita-Nasaud,2014,Kilograme,3201.0
Grau - total,Sector privat,Mehedinti,2014,Kilograme,3104.0
Grau - total,Sector privat,Maramures,2014,Kilograme,3195.0
Grau - total,din care: Exploatatii agricole individuale,Municipiul Bucuresti,2014,Kilograme,3750.0
Grau - total,din care: Exploatatii agricole individuale,Harghita,2014,Kilograme,2708.0
Grau - total,Sector privat,Suceava,2014,Kilograme,3232.0
Grau - total,Sector privat,Bacau,2014,Kilograme,3114.0
Grau - total,Sector privat,Satu Mare,2014,Kilograme,4087.0
Grau - total,Sector privat,Braila,2014,Kilograme,4067.0
Grau - total,din care: Exploatatii agricole individuale,Constanta,2014,Kilograme,2710.0
Grau - total,Sector privat,Tulcea,2014,Kilograme,3674.0
Grau - total,din care: Exploatatii agricole individuale,Dambovita,2014,Kilograme,3082.0
Grau - total,din care: Exploatatii agricole individuale,Cluj,2014,Kilograme,3327.0
Grau - total,Sector privat,Olt,2014,Kilograme,3299.0
Grau - total,din care: Exploatatii agricole individuale,Galati,2014,Kilograme,2709.0
Grau - total,Sector privat,Giurgiu,2014,Kilograme,3716.0
Grau - total,din care: Exploatatii agricole individuale,Suceava,2014,Kilograme,3034.0
Grau - total,din care: Exploatatii agricole individuale,Sibiu,2014,Kilograme,3387.0
Grau - total,Sector privat,Botosani,2014,Kilograme,3205.0
Grau - total,Sector privat,Salaj,2014,Kilograme,3293.0
Grau - total,din care: Exploatatii agricole individuale,Iasi,2014,Kilograme,2769.0
Grau - total,din care: Exploatatii agricole individuale,Maramures,2014,Kilograme,3196.0
Grau - total,Sector privat,Ialomita,2014,Kilograme,4507.0
Grau - total,Sector privat,Valcea,2014,Kilograme,3280.0
Grau - total,Sector privat,Constanta,2014,Kilograme,3270.0
Grau - total,din care: Exploatatii agricole individuale,Olt,2014,Kilograme,3142.0
Grau - total,din care: Exploatatii agricole individuale,Mures,2014,Kilograme,3897.0
Grau - total,Sector privat,Alba,2014,Kilograme,4296.0
Grau - total,din care: Exploatatii agricole individuale,Arges,2014,Kilograme,2466.0
Grau - total,Sector privat,Iasi,2014,Kilograme,3175.0
Grau - total,din care: Exploatatii agricole individuale,Tulcea,2014,Kilograme,3087.0
Grau - total,din care: Exploatatii agricole individuale,Dolj,2014,Kilograme,2910.0
Grau - total,din care: Exploatatii agricole individuale,Satu Mare,2014,Kilograme,4112.0
Grau - total,din care: Exploatatii agricole individuale,Neamt,2014,Kilograme,3584.0
Grau - total,din care: Exploatatii agricole individuale,Ialomita,2014,Kilograme,3870.0
Grau - total,din care: Exploatatii agricole individuale,Caras-Severin,2014,Kilograme,3070.0
Grau - total,Sector privat,Prahova,2014,Kilograme,3448.0
Grau - total,din care: Exploatatii agricole individuale,Vaslui,2014,Kilograme,2615.0
Grau - total,Sector privat,Arad,2014,Kilograme,4230.0
Grau - total,din care: Exploatatii agricole individuale,Bacau,2014,Kilograme,3074.0
Grau - total,din care: Exploatatii agricole individuale,Teleorman,2014,Kilograme,3063.0
Grau - total,din care: Exploatatii agricole individuale,Calarasi,2014,Kilograme,4209.0
Grau - total,din care: Exploatatii agricole individuale,Hunedoara,2014,Kilograme,3622.0
Grau - total,din care: Exploatatii agricole individuale,Arad,2014,Kilograme,4452.0
Grau - total,Sector privat,Teleorman,2014,Kilograme,3379.0
Grau - total,din care: Exploatatii agricole individuale,Salaj,2014,Kilograme,3125.0
Grau - total,Sector privat,Brasov,2014,Kilograme,3691.0
Grau - total,Sector privat,Neamt,2014,Kilograme,4057.0
Grau - total,Sector privat,Caras-Severin,2014,Kilograme,3309.0
Grau - total,din care: Exploatatii agricole individuale,Braila,2014,Kilograme,3306.0
Grau - total,din care: Exploatatii agricole individuale,Mehedinti,2014,Kilograme,3097.0
Grau - total,din care: Exploatatii agricole individuale,Alba,2014,Kilograme,4099.0
Grau - total,Sector privat,Vaslui,2014,Kilograme,3330.0
Grau - total,Sector privat,Ilfov,2014,Kilograme,4050.0
Grau - total,Sector privat,Calarasi,2014,Kilograme,4242.0
Grau - total,din care: Exploatatii agricole individuale,Braila,2015,Kilograme,3696.0
Grau - total,din care: Exploatatii agricole individuale,Arges,2015,Kilograme,2335.0
Grau - total,Sector privat,Ilfov,2015,Kilograme,4234.0
Grau - total,Sector privat,Hunedoara,2015,Kilograme,3571.0
Grau - total,Sector privat,Vrancea,2015,Kilograme,3011.0
Grau - total,Sector privat,Covasna,2015,Kilograme,3197.0
Grau - total,Sector privat,Bihor,2015,Kilograme,3784.0
Grau - total,Sector privat,Galati,2015,Kilograme,3059.0
Grau - total,din care: Exploatatii agricole individuale,Vrancea,2015,Kilograme,3060.0
Grau - total,Sector privat,Buzau,2015,Kilograme,3595.0
Grau - total,din care: Exploatatii agricole individuale,Valcea,2015,Kilograme,3317.0
Grau - total,din care: Exploatatii agricole individuale,Brasov,2015,Kilograme,3318.0
Grau - total,Sector privat,Arges,2015,Kilograme,2670.0
Grau - total,Sector privat,Timis,2015,Kilograme,4733.0
Grau - total,Sector privat,Harghita,2015,Kilograme,3078.0
Grau - total,Sector privat,Bistrita-Nasaud,2015,Kilograme,3240.0
Grau - total,din care: Exploatatii agricole individuale,Botosani,2015,Kilograme,2231.0
Grau - total,Sector privat,Dolj,2015,Kilograme,3310.0
Grau - total,din care: Exploatatii agricole individuale,Timis,2015,Kilograme,3900.0
Grau - total,din care: Exploatatii agricole individuale,Giurgiu,2015,Kilograme,3021.0
Grau - total,Sector privat,Vaslui,2015,Kilograme,2794.0
Grau - total,din care: Exploatatii agricole individuale,Ialomita,2015,Kilograme,3900.0
Grau - total,din care: Exploatatii agricole individuale,Buzau,2015,Kilograme,3188.0
Grau - total,din care: Exploatatii agricole individuale,Bihor,2015,Kilograme,4016.0
Grau - total,Sector privat,Gorj,2015,Kilograme,3073.0
Grau - total,Sector privat,Calarasi,2015,Kilograme,5119.0
Grau - total,Sector privat,Mures,2015,Kilograme,4225.0
Grau - total,Sector privat,Cluj,2015,Kilograme,4244.0
Grau - total,din care: Exploatatii agricole individuale,Covasna,2015,Kilograme,3117.0
Grau - total,din care: Exploatatii agricole individuale,Caras-Severin,2015,Kilograme,2228.0
Grau - total,din care: Exploatatii agricole individuale,Ilfov,2015,Kilograme,3518.0
Grau - total,Sector privat,Dambovita,2015,Kilograme,2775.0
Grau - total,Sector privat,Sibiu,2015,Kilograme,3574.0
Grau - total,din care: Exploatatii agricole individuale,Bistrita-Nasaud,2015,Kilograme,3145.0
Grau - total,din care: Exploatatii agricole individuale,Prahova,2015,Kilograme,3150.0
Grau - total,Sector privat,Mehedinti,2015,Kilograme,3075.0
Grau - total,Sector privat,Maramures,2015,Kilograme,3288.0
Grau - total,Sector privat,Suceava,2015,Kilograme,2628.0
Grau - total,Sector privat,Bacau,2015,Kilograme,3167.0
Grau - total,din care: Exploatatii agricole individuale,Constanta,2015,Kilograme,2845.0
Grau - total,Sector privat,Tulcea,2015,Kilograme,3718.0
Grau - total,din care: Exploatatii agricole individuale,Dambovita,2015,Kilograme,2750.0
Grau - total,din care: Exploatatii agricole individuale,Galati,2015,Kilograme,2767.0
Grau - total,din care: Exploatatii agricole individuale,Cluj,2015,Kilograme,3654.0
Grau - total,Sector privat,Olt,2015,Kilograme,3434.0
Grau - total,Sector privat,Giurgiu,2015,Kilograme,3723.0
Grau - total,Sector privat,Satu Mare,2015,Kilograme,4255.0
Grau - total,din care: Exploatatii agricole individuale,Sibiu,2015,Kilograme,3221.0
Grau - total,Sector privat,Botosani,2015,Kilograme,2886.0
Grau - total,Sector privat,Braila,2015,Kilograme,4383.0
Grau - total,Sector privat,Salaj,2015,Kilograme,3186.0
Grau - total,din care: Exploatatii agricole individuale,Suceava,2015,Kilograme,2217.0
Grau - total,Sector privat,Ialomita,2015,Kilograme,5043.0
Grau - total,din care: Exploatatii agricole individuale,Maramures,2015,Kilograme,3292.0
Grau - total,Sector privat,Valcea,2015,Kilograme,3302.0
Grau - total,din care: Exploatatii agricole individuale,Neamt,2015,Kilograme,3562.0
Grau - total,din care: Exploatatii agricole individuale,Mures,2015,Kilograme,3989.0
Grau - total,din care: Exploatatii agricole individuale,Iasi,2015,Kilograme,2873.0
Grau - total,Sector privat,Constanta,2015,Kilograme,3778.0
Grau - total,Sector privat,Alba,2015,Kilograme,3998.0
Grau - total,din care: Exploatatii agricole individuale,Harghita,2015,Kilograme,2918.0
Grau - total,din care: Exploatatii agricole individuale,Tulcea,2015,Kilograme,3128.0
Grau - total,din care: Exploatatii agricole individuale,Gorj,2015,Kilograme,3108.0
Grau - total,din care: Exploatatii agricole individuale,Satu Mare,2015,Kilograme,4172.0
Grau - total,Sector privat,Iasi,2015,Kilograme,3007.0
Grau - total,Sector privat,Prahova,2015,Kilograme,3715.0
Grau - total,Sector privat,Arad,2015,Kilograme,4301.0
Grau - total,din care: Exploatatii agricole individuale,Vaslui,2015,Kilograme,2421.0
Grau - total,din care: Exploatatii agricole individuale,Calarasi,2015,Kilograme,4026.0
Grau - total,din care: Exploatatii agricole individuale,Teleorman,2015,Kilograme,2867.0
Grau - total,din care: Exploatatii agricole individuale,Hunedoara,2015,Kilograme,3499.0
Grau - total,din care: Exploatatii agricole individuale,Arad,2015,Kilograme,4166.0
Grau - total,Sector privat,Teleorman,2015,Kilograme,3454.0
Grau - total,din care: Exploatatii agricole individuale,Salaj,2015,Kilograme,3064.0
Grau - total,Sector privat,Neamt,2015,Kilograme,3958.0
Grau - total,din care: Exploatatii agricole individuale,Dolj,2015,Kilograme,3132.0
Grau - total,Sector privat,Caras-Severin,2015,Kilograme,2797.0
Grau - total,Sector privat,Brasov,2015,Kilograme,3738.0
Grau - total,din care: Exploatatii agricole individuale,Bacau,2015,Kilograme,3293.0
Grau - total,din care: Exploatatii agricole individuale,Olt,2015,Kilograme,3204.0
Grau - total,din care: Exploatatii agricole individuale,Mehedinti,2015,Kilograme,2986.0
Grau - total,din care: Exploatatii agricole individuale,Alba,2015,Kilograme,3858.0
Grau - total,din care: Exploatatii agricole individuale,Braila,2016,Kilograme,4101.0
Grau - total,din care: Exploatatii agricole individuale,Mehedinti,2016,Kilograme,3652.0
Grau - total,Sector privat,Hunedoara,2016,Kilograme,3749.0
Grau - total,Sector privat,Ilfov,2016,Kilograme,4164.0
Grau - total,Sector privat,Vrancea,2016,Kilograme,3440.0
Grau - total,Sector privat,Covasna,2016,Kilograme,3396.0
Grau - total,Sector privat,Bihor,2016,Kilograme,2935.0
Grau - total,Sector privat,Galati,2016,Kilograme,4209.0
Grau - total,din care: Exploatatii agricole individuale,Vrancea,2016,Kilograme,3245.0
Grau - total,din care: Exploatatii agricole individuale,Valcea,2016,Kilograme,3167.0
Grau - total,din care: Exploatatii agricole individuale,Brasov,2016,Kilograme,3365.0
Grau - total,Sector privat,Timis,2016,Kilograme,4616.0
Grau - total,Sector privat,Arges,2016,Kilograme,2874.0
Grau - total,Sector privat,Harghita,2016,Kilograme,3230.0
Grau - total,Sector privat,Bistrita-Nasaud,2016,Kilograme,3141.0
Grau - total,Sector privat,Buzau,2016,Kilograme,4409.0
Grau - total,Sector privat,Dolj,2016,Kilograme,3355.0
Grau - total,din care: Exploatatii agricole individuale,Harghita,2016,Kilograme,3234.0
Grau - total,din care: Exploatatii agricole individuale,Botosani,2016,Kilograme,3163.0
Grau - total,din care: Exploatatii agricole individuale,Timis,2016,Kilograme,4078.0
Grau - total,din care: Exploatatii agricole individuale,Giurgiu,2016,Kilograme,3033.0
Grau - total,Sector privat,Iasi,2016,Kilograme,3606.0
Grau - total,Sector privat,Vaslui,2016,Kilograme,3650.0
Grau - total,din care: Exploatatii agricole individuale,Bihor,2016,Kilograme,2861.0
Grau - total,din care: Exploatatii agricole individuale,Buzau,2016,Kilograme,3500.0
Grau - total,Sector privat,Mures,2016,Kilograme,4130.0
Grau - total,Sector privat,Gorj,2016,Kilograme,3177.0
Grau - total,Sector privat,Calarasi,2016,Kilograme,5054.0
Grau - total,Sector privat,Cluj,2016,Kilograme,3867.0
Grau - total,din care: Exploatatii agricole individuale,Covasna,2016,Kilograme,3155.0
Grau - total,din care: Exploatatii agricole individuale,Olt,2016,Kilograme,2812.0
Grau - total,din care: Exploatatii agricole individuale,Ilfov,2016,Kilograme,3540.0
Grau - total,din care: Exploatatii agricole individuale,Bistrita-Nasaud,2016,Kilograme,3012.0
Grau - total,Sector privat,Dambovita,2016,Kilograme,3072.0
Grau - total,Sector privat,Sibiu,2016,Kilograme,3562.0
Grau - total,Sector privat,Maramures,2016,Kilograme,3275.0
Grau - total,Sector privat,Mehedinti,2016,Kilograme,3661.0
Grau - total,din care: Exploatatii agricole individuale,Prahova,2016,Kilograme,3286.0
Grau - total,din care: Exploatatii agricole individuale,Caras-Severin,2016,Kilograme,2620.0
Grau - total,Sector privat,Suceava,2016,Kilograme,3203.0
Grau - total,Sector privat,Bacau,2016,Kilograme,3581.0
Grau - total,din care: Exploatatii agricole individuale,Constanta,2016,Kilograme,2980.0
Grau - total,Sector privat,Tulcea,2016,Kilograme,4064.0
Grau - total,din care: Exploatatii agricole individuale,Dambovita,2016,Kilograme,2913.0
Grau - total,din care: Exploatatii agricole individuale,Cluj,2016,Kilograme,3389.0
Grau - total,din care: Exploatatii agricole individuale,Galati,2016,Kilograme,3424.0
Grau - total,Sector privat,Olt,2016,Kilograme,3171.0
Grau - total,Sector privat,Giurgiu,2016,Kilograme,3466.0
Grau - total,Sector privat,Satu Mare,2016,Kilograme,4195.0
Grau - total,Sector privat,Braila,2016,Kilograme,4972.0
Grau - total,din care: Exploatatii agricole individuale,Sibiu,2016,Kilograme,3350.0
Grau - total,Sector privat,Botosani,2016,Kilograme,3022.0
Grau - total,Sector privat,Salaj,2016,Kilograme,3310.0
Grau - total,din care: Exploatatii agricole individuale,Maramures,2016,Kilograme,3281.0
Grau - total,Sector privat,Ialomita,2016,Kilograme,5210.0
Grau - total,din care: Exploatatii agricole individuale,Neamt,2016,Kilograme,3502.0
Grau - total,Sector privat,Valcea,2016,Kilograme,3113.0
Grau - total,din care: Exploatatii agricole individuale,Mures,2016,Kilograme,4000.0
Grau - total,din care: Exploatatii agricole individuale,Iasi,2016,Kilograme,3135.0
Grau - total,Sector privat,Alba,2016,Kilograme,4150.0
Grau - total,din care: Exploatatii agricole individuale,Satu Mare,2016,Kilograme,4096.0
Grau - total,din care: Exploatatii agricole individuale,Ialomita,2016,Kilograme,4084.0
Grau - total,din care: Exploatatii agricole individuale,Gorj,2016,Kilograme,3165.0
Grau - total,Sector privat,Prahova,2016,Kilograme,4091.0
Grau - total,din care: Exploatatii agricole individuale,Tulcea,2016,Kilograme,3400.0
Grau - total,din care: Exploatatii agricole individuale,Vaslui,2016,Kilograme,3062.0
Grau - total,Sector privat,Arad,2016,Kilograme,4940.0
Grau - total,din care: Exploatatii agricole individuale,Suceava,2016,Kilograme,2971.0
Grau - total,Sector privat,Constanta,2016,Kilograme,4003.0
Grau - total,din care: Exploatatii agricole individuale,Calarasi,2016,Kilograme,4528.0
Grau - total,din care: Exploatatii agricole individuale,Teleorman,2016,Kilograme,3001.0
Grau - total,din care: Exploatatii agricole individuale,Hunedoara,2016,Kilograme,3613.0
Grau - total,din care: Exploatatii agricole individuale,Salaj,2016,Kilograme,3336.0
Grau - total,Sector privat,Teleorman,2016,Kilograme,3605.0
Grau - total,Sector privat,Neamt,2016,Kilograme,4514.0
Grau - total,din care: Exploatatii agricole individuale,Arad,2016,Kilograme,5214.0
Grau - total,Sector privat,Caras-Severin,2016,Kilograme,3977.0
Grau - total,Sector privat,Brasov,2016,Kilograme,3843.0
Grau - total,din care: Exploatatii agricole individuale,Bacau,2016,Kilograme,3321.0
Grau - total,din care: Exploatatii agricole individuale,Dolj,2016,Kilograme,3122.0
Grau - total,din care: Exploatatii agricole individuale,Arges,2016,Kilograme,2575.0
Grau - total,din care: Exploatatii agricole individuale,Alba,2016,Kilograme,3694.0
Grau - total,din care: Exploatatii agricole individuale,Mehedinti,2017,Kilograme,4968.0
Grau - total,din care: Exploatatii agricole individuale,Dolj,2017,Kilograme,4531.0
Grau - total,din care: Exploatatii agricole individuale,Ialomita,2017,Kilograme,5706.0
Grau - total,din care: Exploatatii agricole individuale,Alba,2017,Kilograme,4426.0
Grau - total,Sector privat,Hunedoara,2017,Kilograme,4094.0
Grau - total,Sector privat,Covasna,2017,Kilograme,4540.0
Grau - total,Sector privat,Vrancea,2017,Kilograme,4476.0
Grau - total,din care: Exploatatii agricole individuale,Neamt,2017,Kilograme,4137.0
Grau - total,Sector privat,Bihor,2017,Kilograme,4108.0
Grau - total,Sector privat,Galati,2017,Kilograme,4199.0
Grau - total,din care: Exploatatii agricole individuale,Valcea,2017,Kilograme,4071.0
Grau - total,din care: Exploatatii agricole individuale,Vrancea,2017,Kilograme,4658.0
Grau - total,din care: Exploatatii agricole individuale,Constanta,2017,Kilograme,5830.0
Grau - total,din care: Exploatatii agricole individuale,Brasov,2017,Kilograme,3884.0
Grau - total,Sector privat,Timis,2017,Kilograme,5398.0
Grau - total,Sector privat,Dolj,2017,Kilograme,4510.0
Grau - total,Sector privat,Arges,2017,Kilograme,4228.0
Grau - total,Sector privat,Harghita,2017,Kilograme,3490.0
Grau - total,Sector privat,Bistrita-Nasaud,2017,Kilograme,3147.0
Grau - total,Sector privat,Buzau,2017,Kilograme,5191.0
Grau - total,din care: Exploatatii agricole individuale,Timis,2017,Kilograme,5513.0
Grau - total,din care: Exploatatii agricole individuale,Satu Mare,2017,Kilograme,4637.0
Grau - total,din care: Exploatatii agricole individuale,Gorj,2017,Kilograme,4468.0
Grau - total,din care: Exploatatii agricole individuale,Bihor,2017,Kilograme,4422.0
Grau - total,Sector privat,Gorj,2017,Kilograme,4412.0
Grau - total,Sector privat,Mures,2017,Kilograme,4315.0
Grau - total,Sector privat,Calarasi,2017,Kilograme,5551.0
Grau - total,Sector privat,Cluj,2017,Kilograme,4453.0
Grau - total,Sector privat,Vaslui,2017,Kilograme,4056.0
Grau - total,din care: Exploatatii agricole individuale,Covasna,2017,Kilograme,4596.0
Grau - total,din care: Exploatatii agricole individuale,Botosani,2017,Kilograme,4462.0
Grau - total,din care: Exploatatii agricole individuale,Buzau,2017,Kilograme,4824.0
Grau - total,din care: Exploatatii agricole individuale,Ilfov,2017,Kilograme,3961.0
Grau - total,din care: Exploatatii agricole individuale,Olt,2017,Kilograme,5268.0
Grau - total,din care: Exploatatii agricole individuale,Bistrita-Nasaud,2017,Kilograme,3094.0
Grau - total,Sector privat,Sibiu,2017,Kilograme,3842.0
Grau - total,Sector privat,Dambovita,2017,Kilograme,3908.0
Grau - total,Sector privat,Mehedinti,2017,Kilograme,4901.0
Grau - total,Sector privat,Maramures,2017,Kilograme,3986.0
Grau - total,din care: Exploatatii agricole individuale,Caras-Severin,2017,Kilograme,3300.0
Grau - total,din care: Exploatatii agricole individuale,Prahova,2017,Kilograme,4092.0
Grau - total,Sector privat,Suceava,2017,Kilograme,3999.0
Grau - total,din care: Exploatatii agricole individuale,Cluj,2017,Kilograme,4267.0
Grau - total,Sector privat,Olt,2017,Kilograme,5074.0
Grau - total,Sector privat,Bacau,2017,Kilograme,4295.0
Grau - total,Sector privat,Satu Mare,2017,Kilograme,4710.0
Grau - total,Sector privat,Giurgiu,2017,Kilograme,4684.0
Grau - total,Sector privat,Braila,2017,Kilograme,5251.0
Grau - total,Sector privat,Tulcea,2017,Kilograme,4705.0
Grau - total,din care: Exploatatii agricole individuale,Galati,2017,Kilograme,4283.0
Grau - total,din care: Exploatatii agricole individuale,Tulcea,2017,Kilograme,4509.0
Grau - total,din care: Exploatatii agricole individuale,Braila,2017,Kilograme,5076.0
Grau - total,din care: Exploatatii agricole individuale,Arges,2017,Kilograme,4455.0
Grau - total,Sector privat,Botosani,2017,Kilograme,4370.0
Grau - total,Sector privat,Salaj,2017,Kilograme,3991.0
Grau - total,din care: Exploatatii agricole individuale,Maramures,2017,Kilograme,4022.0
Grau - total,Sector privat,Ialomita,2017,Kilograme,5995.0
Grau - total,Sector privat,Valcea,2017,Kilograme,4031.0
Grau - total,din care: Exploatatii agricole individuale,Harghita,2017,Kilograme,3443.0
Grau - total,din care: Exploatatii agricole individuale,Iasi,2017,Kilograme,4413.0
Grau - total,din care: Exploatatii agricole individuale,Dambovita,2017,Kilograme,3816.0
Grau - total,din care: Exploatatii agricole individuale,Mures,2017,Kilograme,4372.0
Grau - total,din care: Exploatatii agricole individuale,Giurgiu,2017,Kilograme,4656.0
Grau - total,Sector privat,Alba,2017,Kilograme,4489.0
Grau - total,Sector privat,Iasi,2017,Kilograme,4395.0
Grau - total,Sector privat,Arad,2017,Kilograme,5333.0
Grau - total,Sector privat,Prahova,2017,Kilograme,4588.0
Grau - total,din care: Exploatatii agricole individuale,Vaslui,2017,Kilograme,4593.0
Grau - total,din care: Exploatatii agricole individuale,Suceava,2017,Kilograme,4061.0
Grau - total,din care: Exploatatii agricole individuale,Sibiu,2017,Kilograme,3651.0
Grau - total,din care: Exploatatii agricole individuale,Teleorman,2017,Kilograme,4820.0
Grau - total,din care: Exploatatii agricole individuale,Calarasi,2017,Kilograme,4850.0
Grau - total,Sector privat,Constanta,2017,Kilograme,5411.0
Grau - total,din care: Exploatatii agricole individuale,Hunedoara,2017,Kilograme,4134.0
Grau - total,din care: Exploatatii agricole individuale,Salaj,2017,Kilograme,3966.0
Grau - total,Sector privat,Caras-Severin,2017,Kilograme,4686.0
Grau - total,Sector privat,Teleorman,2017,Kilograme,5120.0
Grau - total,Sector privat,Neamt,2017,Kilograme,4875.0
Grau - total,Sector privat,Brasov,2017,Kilograme,4159.0
Grau - total,din care: Exploatatii agricole individuale,Arad,2017,Kilograme,5822.0
Grau - total,din care: Exploatatii agricole individuale,Bacau,2017,Kilograme,4550.0
Grau - total,Sector privat,Ilfov,2017,Kilograme,4583.0
Grau - total,Sector privat,Ilfov,2018,Kilograme,4283.0
Grau - total,din care: Exploatatii agricole individuale,Sibiu,2018,Kilograme,3704.0
Grau - total,Sector privat,Hunedoara,2018,Kilograme,4172.0
Grau - total,din care: Exploatatii agricole individuale,Ialomita,2018,Kilograme,5755.0
Grau - total,Sector privat,Vrancea,2018,Kilograme,4511.0
Grau - total,Sector privat,Covasna,2018,Kilograme,4115.0
Grau - total,Sector privat,Bihor,2018,Kilograme,4172.0
Grau - total,Sector privat,Galati,2018,Kilograme,3740.0
Grau - total,din care: Exploatatii agricole individuale,Vrancea,2018,Kilograme,4611.0
Grau - total,din care: Exploatatii agricole individuale,Mehedinti,2018,Kilograme,5060.0
Grau - total,din care: Exploatatii agricole individuale,Constanta,2018,Kilograme,5820.0
Grau - total,din care: Exploatatii agricole individuale,Brasov,2018,Kilograme,3912.0
Grau - total,Sector privat,Timis,2018,Kilograme,5120.0
Grau - total,Sector privat,Arges,2018,Kilograme,3539.0
Grau - total,din care: Exploatatii agricole individuale,Vaslui,2018,Kilograme,4589.0
Grau - total,Sector privat,Harghita,2018,Kilograme,3307.0
Grau - total,Sector privat,Bistrita-Nasaud,2018,Kilograme,3178.0
Grau - total,Sector privat,Dolj,2018,Kilograme,4525.0
Grau - total,Sector privat,Buzau,2018,Kilograme,5157.0
Grau - total,din care: Exploatatii agricole individuale,Giurgiu,2018,Kilograme,4681.0
Grau - total,din care: Exploatatii agricole individuale,Gorj,2018,Kilograme,4485.0
Grau - total,din care: Exploatatii agricole individuale,Mures,2018,Kilograme,4607.0
Grau - total,din care: Exploatatii agricole individuale,Timis,2018,Kilograme,5531.0
Grau - total,Sector privat,Gorj,2018,Kilograme,4481.0
Grau - total,Sector privat,Calarasi,2018,Kilograme,5656.0
Grau - total,Sector privat,Mures,2018,Kilograme,4602.0
Grau - total,Sector privat,Cluj,2018,Kilograme,4121.0
Grau - total,Sector privat,Vaslui,2018,Kilograme,3786.0
Grau - total,din care: Exploatatii agricole individuale,Covasna,2018,Kilograme,4135.0
Grau - total,din care: Exploatatii agricole individuale,Botosani,2018,Kilograme,4548.0
Grau - total,din care: Exploatatii agricole individuale,Buzau,2018,Kilograme,4824.0
Grau - total,din care: Exploatatii agricole individuale,Ilfov,2018,Kilograme,3982.0
Grau - total,din care: Exploatatii agricole individuale,Olt,2018,Kilograme,5292.0
Grau - total,din care: Exploatatii agricole individuale,Bistrita-Nasaud,2018,Kilograme,3106.0
Grau - total,Sector privat,Dambovita,2018,Kilograme,3319.0
Grau - total,Sector privat,Sibiu,2018,Kilograme,3741.0
Grau - total,din care: Exploatatii agricole individuale,Suceava,2018,Kilograme,3885.0
Grau - total,Sector privat,Mehedinti,2018,Kilograme,4954.0
Grau - total,Sector privat,Maramures,2018,Kilograme,4123.0
Grau - total,din care: Exploatatii agricole individuale,Caras-Severin,2018,Kilograme,3320.0
Grau - total,din care: Exploatatii agricole individuale,Valcea,2018,Kilograme,3807.0
Grau - total,din care: Exploatatii agricole individuale,Prahova,2018,Kilograme,2938.0
Grau - total,Sector privat,Suceava,2018,Kilograme,3804.0
Grau - total,din care: Exploatatii agricole individuale,Cluj,2018,Kilograme,3834.0
Grau - total,Sector privat,Olt,2018,Kilograme,4994.0
Grau - total,Sector privat,Bacau,2018,Kilograme,4471.0
Grau - total,Sector privat,Giurgiu,2018,Kilograme,4783.0
Grau - total,Sector privat,Satu Mare,2018,Kilograme,4729.0
Grau - total,Sector privat,Braila,2018,Kilograme,5278.0
Grau - total,Sector privat,Tulcea,2018,Kilograme,4590.0
Grau - total,din care: Exploatatii agricole individuale,Harghita,2018,Kilograme,3476.0
Grau - total,din care: Exploatatii agricole individuale,Galati,2018,Kilograme,4289.0
Grau - total,din care: Exploatatii agricole individuale,Tulcea,2018,Kilograme,4603.0
Grau - total,din care: Exploatatii agricole individuale,Braila,2018,Kilograme,5082.0
Grau - total,Sector privat,Ialomita,2018,Kilograme,5849.0
Grau - total,Sector privat,Botosani,2018,Kilograme,4325.0
Grau - total,Sector privat,Salaj,2018,Kilograme,3873.0
Grau - total,din care: Exploatatii agricole individuale,Maramures,2018,Kilograme,4066.0
Grau - total,Sector privat,Valcea,2018,Kilograme,3789.0
Grau - total,din care: Exploatatii agricole individuale,Arges,2018,Kilograme,3745.0
Grau - total,din care: Exploatatii agricole individuale,Iasi,2018,Kilograme,4444.0
Grau - total,din care: Exploatatii agricole individuale,Dambovita,2018,Kilograme,3223.0
Grau - total,din care: Exploatatii agricole individuale,Bihor,2018,Kilograme,4470.0
Grau - total,din care: Exploatatii agricole individuale,Satu Mare,2018,Kilograme,5056.0
Grau - total,Sector privat,Alba,2018,Kilograme,4627.0
Grau - total,Sector privat,Iasi,2018,Kilograme,4150.0
Grau - total,Sector privat,Prahova,2018,Kilograme,3591.0
Grau - total,Sector privat,Arad,2018,Kilograme,5403.0
Grau - total,din care: Exploatatii agricole individuale,Teleorman,2018,Kilograme,4878.0
Grau - total,din care: Exploatatii agricole individuale,Calarasi,2018,Kilograme,5085.0
Grau - total,din care: Exploatatii agricole individuale,Hunedoara,2018,Kilograme,4204.0
Grau - total,Sector privat,Constanta,2018,Kilograme,5677.0
Grau - total,din care: Exploatatii agricole individuale,Salaj,2018,Kilograme,3975.0
Grau - total,Sector privat,Teleorman,2018,Kilograme,4809.0
Grau - total,Sector privat,Caras-Severin,2018,Kilograme,4234.0
Grau - total,Sector privat,Neamt,2018,Kilograme,4579.0
Grau - total,din care: Exploatatii agricole individuale,Arad,2018,Kilograme,5829.0
Grau - total,Sector privat,Brasov,2018,Kilograme,3855.0
Grau - total,din care: Exploatatii agricole individuale,Neamt,2018,Kilograme,4158.0
Grau - total,din care: Exploatatii agricole individuale,Bacau,2018,Kilograme,4584.0
Grau - total,din care: Exploatatii agricole individuale,Dolj,2018,Kilograme,4539.0
Grau - total,din care: Exploatatii agricole individuale,Alba,2018,Kilograme,4460.0
Grau - total,din care: Exploatatii agricole individuale,Dolj,2019,Kilograme,4359.0
Grau - total,din care: Exploatatii agricole individuale,Bacau,2019,Kilograme,3783.0
Grau - total,Sector privat,Covasna,2019,Kilograme,4036.0
Grau - total,din care: Exploatatii agricole individuale,Ialomita,2019,Kilograme,5685.0
Grau - total,din care: Exploatatii agricole individuale,Alba,2019,Kilograme,3943.0
Grau - total,Sector privat,Hunedoara,2019,Kilograme,4153.0
Grau - total,Sector privat,Vrancea,2019,Kilograme,4193.0
Grau - total,Sector privat,Municipiul Bucuresti,2019,Kilograme,5900.0
Grau - total,din care: Exploatatii agricole individuale,Mures,2019,Kilograme,4601.0
Grau - total,Sector privat,Bihor,2019,Kilograme,4360.0
Grau - total,din care: Exploatatii agricole individuale,Vrancea,2019,Kilograme,4601.0
Grau - total,din care: Exploatatii agricole individuale,Mehedinti,2019,Kilograme,4695.0
Grau - total,din care: Exploatatii agricole individuale,Constanta,2019,Kilograme,4958.0
Grau - total,Sector privat,Suceava,2019,Kilograme,3772.0
Grau - total,din care: Exploatatii agricole individuale,Brasov,2019,Kilograme,3261.0
Grau - total,Sector privat,Timis,2019,Kilograme,5506.0
Grau - total,Sector privat,Arges,2019,Kilograme,4206.0
Grau - total,Sector privat,Harghita,2019,Kilograme,3196.0
Grau - total,din care: Exploatatii agricole individuale,Vaslui,2019,Kilograme,4542.0
Grau - total,Sector privat,Bistrita-Nasaud,2019,Kilograme,3273.0
Grau - total,Sector privat,Dolj,2019,Kilograme,4492.0
Grau - total,din care: Exploatatii agricole individuale,Iasi,2019,Kilograme,3896.0
Grau - total,din care: Exploatatii agricole individuale,Giurgiu,2019,Kilograme,4526.0
Grau - total,din care: Exploatatii agricole individuale,Gorj,2019,Kilograme,3716.0
Grau - total,din care: Exploatatii agricole individuale,Bihor,2019,Kilograme,4451.0
Grau - total,Sector privat,Mures,2019,Kilograme,4661.0
Grau - total,Sector privat,Gorj,2019,Kilograme,3721.0
Grau - total,Sector privat,Calarasi,2019,Kilograme,5804.0
Grau - total,din care: Exploatatii agricole individuale,Olt,2019,Kilograme,5282.0
Grau - total,Sector privat,Cluj,2019,Kilograme,4175.0
Grau - total,din care: Exploatatii agricole individuale,Timis,2019,Kilograme,5186.0
Grau - total,din care: Exploatatii agricole individuale,Botosani,2019,Kilograme,4539.0
Grau - total,din care: Exploatatii agricole individuale,Buzau,2019,Kilograme,4758.0
Grau - total,Sector privat,Sibiu,2019,Kilograme,3365.0
Grau - total,din care: Exploatatii agricole individuale,Municipiul Bucuresti,2019,Kilograme,5900.0
Grau - total,din care: Exploatatii agricole individuale,Bistrita-Nasaud,2019,Kilograme,3094.0
Grau - total,Sector privat,Dambovita,2019,Kilograme,4205.0
Grau - total,Sector privat,Mehedinti,2019,Kilograme,4662.0
Grau - total,din care: Exploatatii agricole individuale,Caras-Severin,2019,Kilograme,3677.0
Grau - total,Sector privat,Maramures,2019,Kilograme,3983.0
Grau - total,din care: Exploatatii agricole individuale,Prahova,2019,Kilograme,4991.0
Grau - total,din care: Exploatatii agricole individuale,Ilfov,2019,Kilograme,3756.0
Grau - total,din care: Exploatatii agricole individuale,Valcea,2019,Kilograme,4820.0
Grau - total,Sector privat,Vaslui,2019,Kilograme,3879.0
Grau - total,Sector privat,Bacau,2019,Kilograme,3849.0
Grau - total,din care: Exploatatii agricole individuale,Cluj,2019,Kilograme,3958.0
Grau - total,Sector privat,Olt,2019,Kilograme,5193.0
Grau - total,Sector privat,Constanta,2019,Kilograme,4746.0
Grau - total,Sector privat,Giurgiu,2019,Kilograme,4947.0
Grau - total,Sector privat,Satu Mare,2019,Kilograme,3465.0
Grau - total,din care: Exploatatii agricole individuale,Neamt,2019,Kilograme,4074.0
Grau - total,Sector privat,Braila,2019,Kilograme,5120.0
Grau - total,Sector privat,Tulcea,2019,Kilograme,3714.0
Grau - total,Sector privat,Buzau,2019,Kilograme,5237.0
Grau - total,din care: Exploatatii agricole individuale,Galati,2019,Kilograme,4810.0
Grau - total,din care: Exploatatii agricole individuale,Tulcea,2019,Kilograme,4599.0
Grau - total,din care: Exploatatii agricole individuale,Braila,2019,Kilograme,4993.0
Grau - total,Sector privat,Botosani,2019,Kilograme,4211.0
Grau - total,din care: Exploatatii agricole individuale,Maramures,2019,Kilograme,3969.0
Grau - total,Sector privat,Salaj,2019,Kilograme,3509.0
Grau - total,Sector privat,Ialomita,2019,Kilograme,5313.0
Grau - total,din care: Exploatatii agricole individuale,Harghita,2019,Kilograme,3297.0
Grau - total,Sector privat,Valcea,2019,Kilograme,4797.0
Grau - total,din care: Exploatatii agricole individuale,Arges,2019,Kilograme,3580.0
Grau - total,Sector privat,Galati,2019,Kilograme,4094.0
Grau - total,din care: Exploatatii agricole individuale,Covasna,2019,Kilograme,4045.0
Grau - total,din care: Exploatatii agricole individuale,Dambovita,2019,Kilograme,4060.0
Grau - total,din care: Exploatatii agricole individuale,Satu Mare,2019,Kilograme,2911.0
Grau - total,Sector privat,Iasi,2019,Kilograme,4081.0
Grau - total,Sector privat,Alba,2019,Kilograme,4294.0
Grau - total,Sector privat,Prahova,2019,Kilograme,5060.0
Grau - total,Sector privat,Arad,2019,Kilograme,5193.0
Grau - total,din care: Exploatatii agricole individuale,Teleorman,2019,Kilograme,4857.0
Grau - total,din care: Exploatatii agricole individuale,Calarasi,2019,Kilograme,5038.0
Grau - total,din care: Exploatatii agricole individuale,Salaj,2019,Kilograme,3512.0
Grau - total,Sector privat,Teleorman,2019,Kilograme,5041.0
Grau - total,Sector privat,Neamt,2019,Kilograme,4371.0
Grau - total,din care: Exploatatii agricole individuale,Arad,2019,Kilograme,5701.0
Grau - total,Sector privat,Caras-Severin,2019,Kilograme,4351.0
Grau - total,Sector privat,Brasov,2019,Kilograme,3695.0
Grau - total,din care: Exploatatii agricole individuale,Hunedoara,2019,Kilograme,4169.0
Grau - total,din care: Exploatatii agricole individuale,Suceava,2019,Kilograme,3901.0
Grau - total,din care: Exploatatii agricole individuale,Sibiu,2019,Kilograme,3187.0
Grau - total,Sector privat,Ilfov,2019,Kilograme,4598.0
Grau - total,Sector privat,Bihor,2020,Kilograme,4072.0
Grau - total,Sector privat,Timis,2020,Kilograme,4726.0
Grau - total,Sector privat,Bistrita-Nasaud,2020,Kilograme,3784.0
Grau - total,din care: Exploatatii agricole individuale,Bihor,2020,Kilograme,3908.0
Grau - total,Sector privat,Calarasi,2020,Kilograme,1804.0
Grau - total,din care: Exploatatii agricole individuale,Vrancea,2020,Kilograme,1206.0
Grau - total,Sector privat,Suceava,2020,Kilograme,3527.0
Grau - total,din care: Exploatatii agricole individuale,Constanta,2020,Kilograme,1143.0
Grau - total,Sector privat,Cluj,2020,Kilograme,3090.0
Grau - total,din care: Exploatatii agricole individuale,Bistrita-Nasaud,2020,Kilograme,3826.0
Grau - total,din care: Exploatatii agricole individuale,Ilfov,2020,Kilograme,3726.0
Grau - total,Sector privat,Dambovita,2020,Kilograme,2997.0
Grau - total,din care: Exploatatii agricole individuale,Gorj,2020,Kilograme,3195.0
Grau - total,Sector privat,Maramures,2020,Kilograme,3457.0
Grau - total,din care: Exploatatii agricole individuale,Cluj,2020,Kilograme,2823.0
Grau - total,Sector privat,Buzau,2020,Kilograme,1595.0
Grau - total,din care: Exploatatii agricole individuale,Olt,2020,Kilograme,3548.0
Grau - total,Sector privat,Giurgiu,2020,Kilograme,3745.0
Grau - total,din care: Exploatatii agricole individuale,Suceava,2020,Kilograme,3456.0
Grau - total,Sector privat,Satu Mare,2020,Kilograme,3465.0
Grau - total,din care: Exploatatii agricole individuale,Maramures,2020,Kilograme,3455.0
Grau - total,Sector privat,Bacau,2020,Kilograme,3331.0
Grau - total,din care: Exploatatii agricole individuale,Prahova,2020,Kilograme,2334.0
Grau - total,Sector privat,Salaj,2020,Kilograme,3608.0
Grau - total,Sector privat,Prahova,2020,Kilograme,2242.0
Grau - total,din care: Exploatatii agricole individuale,Tulcea,2020,Kilograme,1730.0
Grau - total,din care: Exploatatii agricole individuale,Satu Mare,2020,Kilograme,2783.0
Grau - total,din care: Exploatatii agricole individuale,Arges,2020,Kilograme,2693.0
Grau - total,din care: Exploatatii agricole individuale,Bacau,2020,Kilograme,3421.0
Grau - total,din care: Exploatatii agricole individuale,Dambovita,2020,Kilograme,2999.0
Grau - total,Sector privat,Alba,2020,Kilograme,3278.0
Grau - total,din care: Exploatatii agricole individuale,Mures,2020,Kilograme,4542.0
Grau - total,Sector privat,Teleorman,2020,Kilograme,4213.0
Grau - total,din care: Exploatatii agricole individuale,Salaj,2020,Kilograme,3396.0
Grau - total,din care: Exploatatii agricole individuale,Arad,2020,Kilograme,3606.0
Grau - total,din care: Exploatatii agricole individuale,Teleorman,2020,Kilograme,3674.0
Grau - total,Sector privat,Brasov,2020,Kilograme,3813.0
Grau - total,Sector privat,Ilfov,2020,Kilograme,3349.0
Grau - total,din care: Exploatatii agricole individuale,Alba,2020,Kilograme,3281.0
Grau - total,din care: Exploatatii agricole individuale,Vaslui,2020,Kilograme,2961.0
Grau - total,Sector privat,Covasna,2020,Kilograme,3314.0
Grau - total,din care: Exploatatii agricole individuale,Brasov,2020,Kilograme,3712.0
Grau - total,Sector privat,Galati,2020,Kilograme,1600.0
Grau - total,din care: Exploatatii agricole individuale,Caras-Severin,2020,Kilograme,2615.0
Grau - total,Sector privat,Dolj,2020,Kilograme,3270.0
Grau - total,Sector privat,Harghita,2020,Kilograme,3145.0
Grau - total,din care: Exploatatii agricole individuale,Giurgiu,2020,Kilograme,3273.0
Grau - total,din care: Exploatatii agricole individuale,Botosani,2020,Kilograme,2745.0
Grau - total,din care: Exploatatii agricole individuale,Valcea,2020,Kilograme,3599.0
Grau - total,Sector privat,Vaslui,2020,Kilograme,2400.0
Grau - total,Sector privat,Gorj,2020,Kilograme,3208.0
Grau - total,Sector privat,Mures,2020,Kilograme,4520.0
Grau - total,Sector privat,Constanta,2020,Kilograme,980.0
Grau - total,din care: Exploatatii agricole individuale,Buzau,2020,Kilograme,2032.0
Grau - total,din care: Exploatatii agricole individuale,Neamt,2020,Kilograme,2787.0
Grau - total,Sector privat,Tulcea,2020,Kilograme,1580.0
Grau - total,Sector privat,Braila,2020,Kilograme,2092.0
Grau - total,Sector privat,Sibiu,2020,Kilograme,3304.0
Grau - total,Sector privat,Mehedinti,2020,Kilograme,3361.0
Grau - total,Sector privat,Olt,2020,Kilograme,3859.0
Grau - total,din care: Exploatatii agricole individuale,Iasi,2020,Kilograme,2188.0
Grau - total,din care: Exploatatii agricole individuale,Galati,2020,Kilograme,2471.0
Grau - total,Sector privat,Ialomita,2020,Kilograme,1626.0
Grau - total,din care: Exploatatii agricole individuale,Covasna,2020,Kilograme,3247.0
Grau - total,din care: Exploatatii agricole individuale,Braila,2020,Kilograme,2464.0
Grau - total,Sector privat,Valcea,2020,Kilograme,3593.0
Grau - total,Sector privat,Botosani,2020,Kilograme,2869.0
Grau - total,din care: Exploatatii agricole individuale,Calarasi,2020,Kilograme,1561.0
Grau - total,din care: Exploatatii agricole individuale,Hunedoara,2020,Kilograme,3860.0
Grau - total,din care: Exploatatii agricole individuale,Dolj,2020,Kilograme,2457.0
Grau - total,Sector privat,Arad,2020,Kilograme,3722.0
Grau - total,Sector privat,Iasi,2020,Kilograme,3037.0
Grau - total,din care: Exploatatii agricole individuale,Sibiu,2020,Kilograme,3152.0
Grau - total,din care: Exploatatii agricole individuale,Mehedinti,2020,Kilograme,3035.0
Grau - total,Sector privat,Caras-Severin,2020,Kilograme,4412.0
Grau - total,din care: Exploatatii agricole individuale,Ialomita,2020,Kilograme,1116.0
Grau - total,din care: Exploatatii agricole individuale,Harghita,2020,Kilograme,3096.0
Grau - total,Sector privat,Neamt,2020,Kilograme,2819.0
Grau - total,Sector privat,Hunedoara,2020,Kilograme,3912.0
Grau - total,Sector privat,Vrancea,2020,Kilograme,1263.0
Grau - total,din care: Exploatatii agricole individuale,Timis,2020,Kilograme,4780.0
Grau - total,Sector privat,Arges,2020,Kilograme,3001.0
Grau - total,din care: Exploatatii agricole individuale,Valcea,2021,Kilograme,3990.0
Grau - total,Sector privat,Bacau,2021,Kilograme,4380.0
Grau - total,Sector privat,Bihor,2021,Kilograme,4172.0
Grau - total,din care: Exploatatii agricole individuale,Covasna,2021,Kilograme,3836.0
Grau - total,Sector privat,Arges,2021,Kilograme,4499.0
Grau - total,Sector privat,Bistrita-Nasaud,2021,Kilograme,4075.0
Grau - total,din care: Exploatatii agricole individuale,Bihor,2021,Kilograme,4002.0
Grau - total,Sector privat,Calarasi,2021,Kilograme,5325.0
Grau - total,Sector privat,Suceava,2021,Kilograme,3841.0
Grau - total,din care: Exploatatii agricole individuale,Vrancea,2021,Kilograme,4166.0
Grau - total,Sector privat,Cluj,2021,Kilograme,4583.0
Grau - total,din care: Exploatatii agricole individuale,Constanta,2021,Kilograme,3905.0
Grau - total,din care: Exploatatii agricole individuale,Ilfov,2021,Kilograme,4182.0
Grau - total,din care: Exploatatii agricole individuale,Bistrita-Nasaud,2021,Kilograme,3968.0
Grau - total,Sector privat,Dambovita,2021,Kilograme,3588.0
Grau - total,Sector privat,Maramures,2021,Kilograme,4538.0
Grau - total,din care: Exploatatii agricole individuale,Gorj,2021,Kilograme,3647.0
Grau - total,din care: Exploatatii agricole individuale,Olt,2021,Kilograme,4642.0
Grau - total,din care: Exploatatii agricole individuale,Suceava,2021,Kilograme,3800.0
Grau - total,din care: Exploatatii agricole individuale,Cluj,2021,Kilograme,4368.0
Grau - total,Sector privat,Giurgiu,2021,Kilograme,4708.0
Grau - total,Sector privat,Ialomita,2021,Kilograme,4983.0
Grau - total,din care: Exploatatii agricole individuale,Maramures,2021,Kilograme,4542.0
Grau - total,Sector privat,Timis,2021,Kilograme,5525.0
Grau - total,din care: Exploatatii agricole individuale,Prahova,2021,Kilograme,3318.0
Grau - total,Sector privat,Salaj,2021,Kilograme,3593.0
Grau - total,Sector privat,Braila,2021,Kilograme,5373.0
Grau - total,Sector privat,Prahova,2021,Kilograme,4406.0
Grau - total,din care: Exploatatii agricole individuale,Tulcea,2021,Kilograme,3510.0
Grau - total,din care: Exploatatii agricole individuale,Bacau,2021,Kilograme,4495.0
Grau - total,din care: Exploatatii agricole individuale,Arges,2021,Kilograme,4050.0
Grau - total,din care: Exploatatii agricole individuale,Satu Mare,2021,Kilograme,3661.0
Grau - total,din care: Exploatatii agricole individuale,Dambovita,2021,Kilograme,3039.0
Grau - total,din care: Exploatatii agricole individuale,Mures,2021,Kilograme,4674.0
Grau - total,Sector privat,Alba,2021,Kilograme,4873.0
Grau - total,din care: Exploatatii agricole individuale,Arad,2021,Kilograme,4516.0
Grau - total,din care: Exploatatii agricole individuale,Salaj,2021,Kilograme,3421.0
Grau - total,din care: Exploatatii agricole individuale,Teleorman,2021,Kilograme,4236.0
Grau - total,Sector privat,Teleorman,2021,Kilograme,4947.0
Grau - total,Sector privat,Brasov,2021,Kilograme,4359.0
Grau - total,din care: Exploatatii agricole individuale,Vaslui,2021,Kilograme,4062.0
Grau - total,Sector privat,Ilfov,2021,Kilograme,5041.0
Grau - total,din care: Exploatatii agricole individuale,Alba,2021,Kilograme,4516.0
Grau - total,Sector privat,Covasna,2021,Kilograme,3928.0
Grau - total,din care: Exploatatii agricole individuale,Brasov,2021,Kilograme,4083.0
Grau - total,din care: Exploatatii agricole individuale,Caras-Severin,2021,Kilograme,3803.0
Grau - total,Sector privat,Galati,2021,Kilograme,5435.0
Grau - total,Sector privat,Dolj,2021,Kilograme,4666.0
Grau - total,Sector privat,Harghita,2021,Kilograme,3782.0
Grau - total,din care: Exploatatii agricole individuale,Giurgiu,2021,Kilograme,4472.0
Grau - total,Sector privat,Gorj,2021,Kilograme,3662.0
Grau - total,din care: Exploatatii agricole individuale,Botosani,2021,Kilograme,4918.0
Grau - total,Sector privat,Mures,2021,Kilograme,4881.0
Grau - total,din care: Exploatatii agricole individuale,Neamt,2021,Kilograme,3762.0
Grau - total,din care: Exploatatii agricole individuale,Buzau,2021,Kilograme,4400.0
Grau - total,Sector privat,Mehedinti,2021,Kilograme,3783.0
Grau - total,Sector privat,Tulcea,2021,Kilograme,4747.0
Grau - total,Sector privat,Sibiu,2021,Kilograme,3814.0
Grau - total,Sector privat,Olt,2021,Kilograme,5045.0
Grau - total,din care: Exploatatii agricole individuale,Galati,2021,Kilograme,5480.0
Grau - total,din care: Exploatatii agricole individuale,Iasi,2021,Kilograme,4244.0
Grau - total,Sector privat,Buzau,2021,Kilograme,5021.0
Grau - total,Sector privat,Vrancea,2021,Kilograme,4410.0
Grau - total,din care: Exploatatii agricole individuale,Braila,2021,Kilograme,3983.0
Grau - total,din care: Exploatatii agricole individuale,Timis,2021,Kilograme,5105.0
Grau - total,Sector privat,Valcea,2021,Kilograme,3933.0
Grau - total,Sector privat,Botosani,2021,Kilograme,4846.0
Grau - total,din care: Exploatatii agricole individuale,Calarasi,2021,Kilograme,4428.0
Grau - total,Sector privat,Vaslui,2021,Kilograme,4384.0
Grau - total,din care: Exploatatii agricole individuale,Hunedoara,2021,Kilograme,3896.0
Grau - total,Sector privat,Constanta,2021,Kilograme,5086.0
Grau - total,din care: Exploatatii agricole individuale,Dolj,2021,Kilograme,4545.0
Grau - total,din care: Exploatatii agricole individuale,Harghita,2021,Kilograme,4213.0
Grau - total,Sector privat,Arad,2021,Kilograme,5061.0
Grau - total,Sector privat,Iasi,2021,Kilograme,4659.0
Grau - total,din care: Exploatatii agricole individuale,Sibiu,2021,Kilograme,3380.0
Grau - total,din care: Exploatatii agricole individuale,Mehedinti,2021,Kilograme,3131.0
Grau - total,Sector privat,Caras-Severin,2021,Kilograme,4634.0
Grau - total,Sector privat,Neamt,2021,Kilograme,4822.0
Grau - total,din care: Exploatatii agricole individuale,Ialomita,2021,Kilograme,3031.0
Grau - total,Sector privat,Hunedoara,2021,Kilograme,3937.0
Grau - total,Sector privat,Satu Mare,2021,Kilograme,4185.0
Grau - total,din care: Exploatatii agricole individuale,Timis,2022,Kilograme,4802.0
Grau - total,Sector privat,Buzau,2022,Kilograme,1805.0
Grau - total,Sector privat,Vrancea,2022,Kilograme,1373.0
Grau - total,din care: Exploatatii agricole individuale,Prahova,2022,Kilograme,3160.0
Grau - total,Sector privat,Bihor,2022,Kilograme,3833.0
Grau - total,Sector privat,Bacau,2022,Kilograme,2528.0
Grau - total,Sector privat,Timis,2022,Kilograme,5485.0
Grau - total,Sector privat,Arges,2022,Kilograme,3772.0
Grau - total,din care: Exploatatii agricole individuale,Arges,2022,Kilograme,3960.0
Grau - total,Sector privat,Bistrita-Nasaud,2022,Kilograme,3904.0
Grau - total,Sector privat,Suceava,2022,Kilograme,3630.0
Grau - total,din care: Exploatatii agricole individuale,Bihor,2022,Kilograme,3717.0
Grau - total,Sector privat,Calarasi,2022,Kilograme,5044.0
Grau - total,din care: Exploatatii agricole individuale,Constanta,2022,Kilograme,3686.0
Grau - total,din care: Exploatatii agricole individuale,Tulcea,2022,Kilograme,3026.0
Grau - total,Sector privat,Cluj,2022,Kilograme,4336.0
Grau - total,din care: Exploatatii agricole individuale,Bistrita-Nasaud,2022,Kilograme,3735.0
Grau - total,Sector privat,Dambovita,2022,Kilograme,3959.0
Grau - total,din care: Exploatatii agricole individuale,Gorj,2022,Kilograme,3721.0
Grau - total,Sector privat,Maramures,2022,Kilograme,5005.0
Grau - total,din care: Exploatatii agricole individuale,Vrancea,2022,Kilograme,1310.0
Grau - total,din care: Exploatatii agricole individuale,Buzau,2022,Kilograme,1800.0
Grau - total,Sector privat,Giurgiu,2022,Kilograme,4479.0
Grau - total,din care: Exploatatii agricole individuale,Suceava,2022,Kilograme,3582.0
Grau - total,Sector privat,Satu Mare,2022,Kilograme,3927.0
Grau - total,din care: Exploatatii agricole individuale,Calarasi,2022,Kilograme,4336.0
Grau - total,din care: Exploatatii agricole individuale,Maramures,2022,Kilograme,5024.0
Grau - total,Sector privat,Ialomita,2022,Kilograme,4588.0
Grau - total,Sector privat,Braila,2022,Kilograme,3750.0
Grau - total,Sector privat,Salaj,2022,Kilograme,3544.0
Grau - total,din care: Exploatatii agricole individuale,Dambovita,2022,Kilograme,3739.0
Grau - total,din care: Exploatatii agricole individuale,Satu Mare,2022,Kilograme,3637.0
Grau - total,Sector privat,Prahova,2022,Kilograme,3987.0
Grau - total,Sector privat,Alba,2022,Kilograme,4509.0
Grau - total,din care: Exploatatii agricole individuale,Arad,2022,Kilograme,4270.0
Grau - total,din care: Exploatatii agricole individuale,Teleorman,2022,Kilograme,3982.0
Grau - total,din care: Exploatatii agricole individuale,Salaj,2022,Kilograme,3361.0
Grau - total,Sector privat,Teleorman,2022,Kilograme,4363.0
Grau - total,Sector privat,Brasov,2022,Kilograme,4483.0
Grau - total,din care: Exploatatii agricole individuale,Bacau,2022,Kilograme,2089.0
Grau - total,Sector privat,Ilfov,2022,Kilograme,4385.0
Grau - total,din care: Exploatatii agricole individuale,Alba,2022,Kilograme,4305.0
Grau - total,din care: Exploatatii agricole individuale,Harghita,2022,Kilograme,3721.0
Grau - total,Sector privat,Covasna,2022,Kilograme,3766.0
Grau - total,din care: Exploatatii agricole individuale,Olt,2022,Kilograme,4091.0
Grau - total,Sector privat,Galati,2022,Kilograme,1737.0
Grau - total,din care: Exploatatii agricole individuale,Brasov,2022,Kilograme,4135.0
Grau - total,din care: Exploatatii agricole individuale,Caras-Severin,2022,Kilograme,3081.0
Grau - total,Sector privat,Dolj,2022,Kilograme,3895.0
Grau - total,Sector privat,Harghita,2022,Kilograme,3584.0
Grau - total,Sector privat,Constanta,2022,Kilograme,4986.0
Grau - total,din care: Exploatatii agricole individuale,Ilfov,2022,Kilograme,4754.0
Grau - total,din care: Exploatatii agricole individuale,Botosani,2022,Kilograme,3005.0
Grau - total,Sector privat,Gorj,2022,Kilograme,3727.0
Grau - total,Sector privat,Mures,2022,Kilograme,4570.0
Grau - total,din care: Exploatatii agricole individuale,Covasna,2022,Kilograme,3747.0
Grau - total,Sector privat,Tulcea,2022,Kilograme,3210.0
Grau - total,Sector privat,Mehedinti,2022,Kilograme,3487.0
Grau - total,din care: Exploatatii agricole individuale,Giurgiu,2022,Kilograme,4155.0
Grau - total,Sector privat,Sibiu,2022,Kilograme,3797.0
Grau - total,din care: Exploatatii agricole individuale,Sibiu,2022,Kilograme,3404.0
Grau - total,din care: Exploatatii agricole individuale,Neamt,2022,Kilograme,3643.0
Grau - total,Sector privat,Hunedoara,2022,Kilograme,3778.0
Grau - total,Sector privat,Olt,2022,Kilograme,4327.0
Grau - total,din care: Exploatatii agricole individuale,Mures,2022,Kilograme,4359.0
Grau - total,din care: Exploatatii agricole individuale,Braila,2022,Kilograme,2839.0
Grau - total,din care: Exploatatii agricole individuale,Galati,2022,Kilograme,1050.0
Grau - total,Sector privat,Valcea,2022,Kilograme,3238.0
Grau - total,Sector privat,Botosani,2022,Kilograme,3018.0
Grau - total,din care: Exploatatii agricole individuale,Hunedoara,2022,Kilograme,3666.0
Grau - total,din care: Exploatatii agricole individuale,Valcea,2022,Kilograme,3070.0
Grau - total,din care: Exploatatii agricole individuale,Iasi,2022,Kilograme,2711.0
Grau - total,din care: Exploatatii agricole individuale,Dolj,2022,Kilograme,3744.0
Grau - total,Sector privat,Arad,2022,Kilograme,4408.0
Grau - total,din care: Exploatatii agricole individuale,Mehedinti,2022,Kilograme,3157.0
Grau - total,din care: Exploatatii agricole individuale,Vaslui,2022,Kilograme,2451.0
Grau - total,Sector privat,Iasi,2022,Kilograme,2559.0
Grau - total,Sector privat,Caras-Severin,2022,Kilograme,4311.0
Grau - total,Sector privat,Neamt,2022,Kilograme,3970.0
Grau - total,Sector privat,Vaslui,2022,Kilograme,2739.0
Grau - total,din care: Exploatatii agricole individuale,Ialomita,2022,Kilograme,3139.0
Grau - total,din care: Exploatatii agricole individuale,Cluj,2022,Kilograme,4227.0
Grau - total,din care: Exploatatii agricole individuale,Timis,2023,Kilograme,4223.0
Grau - total,din care: Exploatatii agricole individuale,Neamt,2023,Kilograme,3530.0
Grau - total,din care: Exploatatii agricole individuale,Buzau,2023,Kilograme,1745.0
Grau - total,Sector privat,Hunedoara,2023,Kilograme,3802.0
Grau - total,din care: Exploatatii agricole individuale,Suceava,2023,Kilograme,4533.0
Grau - total,Sector privat,Buzau,2023,Kilograme,3523.0
Grau - total,Sector privat,Bihor,2023,Kilograme,4109.0
Grau - total,Sector privat,Timis,2023,Kilograme,5271.0
Grau - total,din care: Exploatatii agricole individuale,Arges,2023,Kilograme,4190.0
Grau - total,Sector privat,Arges,2023,Kilograme,4250.0
Grau - total,din care: Exploatatii agricole individuale,Calarasi,2023,Kilograme,3616.0
Grau - total,Sector privat,Bistrita-Nasaud,2023,Kilograme,3389.0
Grau - total,din care: Exploatatii agricole individuale,Bihor,2023,Kilograme,3580.0
Grau - total,Sector privat,Suceava,2023,Kilograme,4773.0
Grau - total,Sector privat,Calarasi,2023,Kilograme,4254.0
Grau - total,din care: Exploatatii agricole individuale,Constanta,2023,Kilograme,3512.0
Grau - total,din care: Exploatatii agricole individuale,Bistrita-Nasaud,2023,Kilograme,3078.0
Grau - total,din care: Exploatatii agricole individuale,Tulcea,2023,Kilograme,2903.0
Grau - total,Sector privat,Cluj,2023,Kilograme,4053.0
Grau - total,Sector privat,Dambovita,2023,Kilograme,4695.0
Grau - total,din care: Exploatatii agricole individuale,Gorj,2023,Kilograme,3362.0
Grau - total,din care: Exploatatii agricole individuale,Ialomita,2023,Kilograme,3043.0
Grau - total,din care: Exploatatii agricole individuale,Vrancea,2023,Kilograme,2939.0
Grau - total,Sector privat,Maramures,2023,Kilograme,3789.0
Grau - total,Sector privat,Giurgiu,2023,Kilograme,4107.0
Grau - total,din care: Exploatatii agricole individuale,Galati,2023,Kilograme,1026.0
Grau - total,din care: Exploatatii agricole individuale,Sibiu,2023,Kilograme,3079.0
Grau - total,din care: Exploatatii agricole individuale,Maramures,2023,Kilograme,3677.0
Grau - total,Sector privat,Satu Mare,2023,Kilograme,4210.0
Grau - total,Sector privat,Ialomita,2023,Kilograme,4512.0
Grau - total,din care: Exploatatii agricole individuale,Prahova,2023,Kilograme,3687.0
Grau - total,Sector privat,Braila,2023,Kilograme,4714.0
Grau - total,din care: Exploatatii agricole individuale,Satu Mare,2023,Kilograme,3416.0
Grau - total,Sector privat,Salaj,2023,Kilograme,3295.0
Grau - total,Sector privat,Prahova,2023,Kilograme,5013.0
Grau - total,din care: Exploatatii agricole individuale,Dambovita,2023,Kilograme,4098.0
Grau - total,Sector privat,Alba,2023,Kilograme,4851.0
Grau - total,din care: Exploatatii agricole individuale,Salaj,2023,Kilograme,3041.0
Grau - total,din care: Exploatatii agricole individuale,Arad,2023,Kilograme,4048.0
Grau - total,Sector privat,Teleorman,2023,Kilograme,4425.0
Grau - total,din care: Exploatatii agricole individuale,Teleorman,2023,Kilograme,3349.0
Grau - total,Sector privat,Brasov,2023,Kilograme,5226.0
Grau - total,din care: Exploatatii agricole individuale,Bacau,2023,Kilograme,2005.0
Grau - total,din care: Exploatatii agricole individuale,Alba,2023,Kilograme,4085.0
Grau - total,Sector privat,Ilfov,2023,Kilograme,4532.0
Grau - total,din care: Exploatatii agricole individuale,Brasov,2023,Kilograme,3959.0
Grau - total,Sector privat,Municipiul Bucuresti,2023,Kilograme,0.0
Grau - total,Sector privat,Covasna,2023,Kilograme,3648.0
Grau - total,din care: Exploatatii agricole individuale,Caras-Severin,2023,Kilograme,3003.0
Grau - total,Sector privat,Galati,2023,Kilograme,2486.0
Grau - total,din care: Exploatatii agricole individuale,Ilfov,2023,Kilograme,3900.0
Grau - total,Sector privat,Dolj,2023,Kilograme,3959.0
Grau - total,Sector privat,Harghita,2023,Kilograme,3637.0
Grau - total,Sector privat,Constanta,2023,Kilograme,4054.0
Grau - total,din care: Exploatatii agricole individuale,Botosani,2023,Kilograme,3014.0
Grau - total,Sector privat,Mures,2023,Kilograme,5418.0
Grau - total,Sector privat,Gorj,2023,Kilograme,3362.0
Grau - total,din care: Exploatatii agricole individuale,Harghita,2023,Kilograme,3643.0
Grau - total,din care: Exploatatii agricole individuale,Municipiul Bucuresti,2023,Kilograme,0.0
Grau - total,Sector privat,Tulcea,2023,Kilograme,2988.0
Grau - total,din care: Exploatatii agricole individuale,Giurgiu,2023,Kilograme,3346.0
Grau - total,Sector privat,Mehedinti,2023,Kilograme,3608.0
Grau - total,Sector privat,Sibiu,2023,Kilograme,3730.0
Grau - total,din care: Exploatatii agricole individuale,Covasna,2023,Kilograme,3555.0
Grau - total,Sector privat,Vaslui,2023,Kilograme,3363.0
Grau - total,din care: Exploatatii agricole individuale,Braila,2023,Kilograme,2725.0
Grau - total,Sector privat,Olt,2023,Kilograme,4496.0
Grau - total,Sector privat,Bacau,2023,Kilograme,3219.0
Grau - total,Sector privat,Vrancea,2023,Kilograme,3608.0
Grau - total,din care: Exploatatii agricole individuale,Mures,2023,Kilograme,5135.0
Grau - total,din care: Exploatatii agricole individuale,Hunedoara,2023,Kilograme,3590.0
Grau - total,Sector privat,Valcea,2023,Kilograme,3303.0
Grau - total,Sector privat,Botosani,2023,Kilograme,3589.0
Grau - total,din care: Exploatatii agricole individuale,Dolj,2023,Kilograme,3610.0
Grau - total,din care: Exploatatii agricole individuale,Iasi,2023,Kilograme,2490.0
Grau - total,din care: Exploatatii agricole individuale,Vaslui,2023,Kilograme,2445.0
Grau - total,Sector privat,Arad,2023,Kilograme,4816.0
Grau - total,Sector privat,Iasi,2023,Kilograme,3881.0
Grau - total,din care: Exploatatii agricole individuale,Olt,2023,Kilograme,3850.0
Grau - total,din care: Exploatatii agricole individuale,Mehedinti,2023,Kilograme,3082.0
Grau - total,din care: Exploatatii agricole individuale,Valcea,2023,Kilograme,3060.0
Grau - total,Sector privat,Caras-Severin,2023,Kilograme,4143.0
Grau - total,Sector privat,Neamt,2023,Kilograme,4515.0
Grau - total,din care: Exploatatii agricole individuale,Cluj,2023,Kilograme,3555.0
Grau - total,Sector privat,Vrancea,2024,Kilograme,1402.0
Grau - total,din care: Exploatatii agricole individuale,Braila,2024,Kilograme,2752.0
Grau - total,din care: Exploatatii agricole individuale,Vrancea,2024,Kilograme,1160.0
Grau - total,Sector privat,Bacau,2024,Kilograme,3362.0
Grau - total,din care: Exploatatii agricole individuale,Galati,2024,Kilograme,890.0
Grau - total,Sector privat,Timis,2024,Kilograme,5738.0
Grau - total,Sector privat,Bihor,2024,Kilograme,4463.0
Grau - total,Sector privat,Arges,2024,Kilograme,3627.0
Grau - total,din care: Exploatatii agricole individuale,Arges,2024,Kilograme,3916.0
Grau - total,din care: Exploatatii agricole individuale,Calarasi,2024,Kilograme,4364.0
Grau - total,din care: Exploatatii agricole individuale,Bihor,2024,Kilograme,3859.0
Grau - total,Sector privat,Bistrita-Nasaud,2024,Kilograme,3469.0
Grau - total,Sector privat,Calarasi,2024,Kilograme,5166.0
Grau - total,din care: Exploatatii agricole individuale,Constanta,2024,Kilograme,3590.0
Grau - total,din care: Exploatatii agricole individuale,Bistrita-Nasaud,2024,Kilograme,3055.0
Grau - total,Sector privat,Dambovita,2024,Kilograme,3698.0
Grau - total,Sector privat,Cluj,2024,Kilograme,4116.0
Grau - total,din care: Exploatatii agricole individuale,Tulcea,2024,Kilograme,2829.0
Grau - total,din care: Exploatatii agricole individuale,Gorj,2024,Kilograme,3339.0
Grau - total,din care: Exploatatii agricole individuale,Cluj,2024,Kilograme,3634.0
Grau - total,Sector privat,Giurgiu,2024,Kilograme,5145.0
Grau - total,din care: Exploatatii agricole individuale,Buzau,2024,Kilograme,1137.0
Grau - total,din care: Exploatatii agricole individuale,Suceava,2024,Kilograme,3893.0
Grau - total,din care: Exploatatii agricole individuale,Timis,2024,Kilograme,4215.0
Grau - total,din care: Exploatatii agricole individuale,Maramures,2024,Kilograme,3458.0
Grau - total,Sector privat,Ialomita,2024,Kilograme,3853.0
Grau - total,Sector privat,Satu Mare,2024,Kilograme,4280.0
Grau - total,din care: Exploatatii agricole individuale,Sibiu,2024,Kilograme,3034.0
Grau - total,Sector privat,Constanta,2024,Kilograme,5021.0
Grau - total,din care: Exploatatii agricole individuale,Satu Mare,2024,Kilograme,3418.0
Grau - total,Sector privat,Prahova,2024,Kilograme,3082.0
Grau - total,Sector privat,Salaj,2024,Kilograme,3502.0
Grau - total,Sector privat,Braila,2024,Kilograme,4420.0
Grau - total,din care: Exploatatii agricole individuale,Dambovita,2024,Kilograme,3593.0
Grau - total,din care: Exploatatii agricole individuale,Prahova,2024,Kilograme,2275.0
Grau - total,din care: Exploatatii agricole individuale,Salaj,2024,Kilograme,3137.0
Grau - total,Sector privat,Alba,2024,Kilograme,4750.0
Grau - total,Sector privat,Teleorman,2024,Kilograme,4310.0
Grau - total,din care: Exploatatii agricole individuale,Arad,2024,Kilograme,4099.0
Grau - total,din care: Exploatatii agricole individuale,Teleorman,2024,Kilograme,3249.0
Grau - total,Sector privat,Ilfov,2024,Kilograme,4104.0
Grau - total,Sector privat,Brasov,2024,Kilograme,4811.0
Grau - total,din care: Exploatatii agricole individuale,Alba,2024,Kilograme,4163.0
Grau - total,din care: Exploatatii agricole individuale,Bacau,2024,Kilograme,2457.0
Grau - total,Sector privat,Municipiul Bucuresti,2024,Kilograme,0.0
Grau - total,din care: Exploatatii agricole individuale,Brasov,2024,Kilograme,4071.0
Grau - total,Sector privat,Covasna,2024,Kilograme,4240.0
Grau - total,din care: Exploatatii agricole individuale,Caras-Severin,2024,Kilograme,3114.0
Grau - total,Sector privat,Galati,2024,Kilograme,1498.0
Grau - total,Sector privat,Dolj,2024,Kilograme,4022.0
Grau - total,din care: Exploatatii agricole individuale,Olt,2024,Kilograme,3983.0
Grau - total,Sector privat,Harghita,2024,Kilograme,3638.0
Grau - total,din care: Exploatatii agricole individuale,Ilfov,2024,Kilograme,3956.0
Grau - total,din care: Exploatatii agricole individuale,Botosani,2024,Kilograme,3070.0
Grau - total,Sector privat,Vaslui,2024,Kilograme,3099.0
Grau - total,Sector privat,Gorj,2024,Kilograme,3343.0
Grau - total,Sector privat,Mures,2024,Kilograme,5248.0
Grau - total,din care: Exploatatii agricole individuale,Municipiul Bucuresti,2024,Kilograme,0.0
Grau - total,Sector privat,Mehedinti,2024,Kilograme,3189.0
Grau - total,din care: Exploatatii agricole individuale,Giurgiu,2024,Kilograme,4864.0
Grau - total,Sector privat,Tulcea,2024,Kilograme,3691.0
Grau - total,Sector privat,Sibiu,2024,Kilograme,3479.0
Grau - total,din care: Exploatatii agricole individuale,Neamt,2024,Kilograme,4040.0
Grau - total,Sector privat,Olt,2024,Kilograme,4142.0
Grau - total,Sector privat,Hunedoara,2024,Kilograme,3580.0
Grau - total,Sector privat,Buzau,2024,Kilograme,1244.0
Grau - total,din care: Exploatatii agricole individuale,Covasna,2024,Kilograme,4220.0
Grau - total,din care: Exploatatii agricole individuale,Harghita,2024,Kilograme,3665.0
Grau - total,din care: Exploatatii agricole individuale,Mures,2024,Kilograme,5123.0
Grau - total,Sector privat,Valcea,2024,Kilograme,3386.0
Grau - total,din care: Exploatatii agricole individuale,Hunedoara,2024,Kilograme,3568.0
Grau - total,Sector privat,Botosani,2024,Kilograme,2765.0
Grau - total,din care: Exploatatii agricole individuale,Dolj,2024,Kilograme,3727.0
Grau - total,Sector privat,Arad,2024,Kilograme,5079.0
Grau - total,din care: Exploatatii agricole individuale,Vaslui,2024,Kilograme,2432.0
Grau - total,Sector privat,Caras-Severin,2024,Kilograme,4120.0
Grau - total,Sector privat,Iasi,2024,Kilograme,3443.0
Grau - total,din care: Exploatatii agricole individuale,Valcea,2024,Kilograme,3350.0
Grau - total,din care: Exploatatii agricole individuale,Mehedinti,2024,Kilograme,3092.0
Grau - total,din care: Exploatatii agricole individuale,Iasi,2024,Kilograme,2705.0
Grau - total,Sector privat,Suceava,2024,Kilograme,4020.0
Grau - total,Sector privat,Neamt,2024,Kilograme,4285.0
Grau - total,din care: Exploatatii agricole individuale,Ialomita,2024,Kilograme,3019.0
Grau - total,Sector privat,Maramures,2024,Kilograme,3565.0
